ioc_code,sensor,lon,lat,country,location,count,main_interval,main_interval_ratio,availability,min,q001,q01,q25,mean,median,q75,q99,q999,max,range,std,skew,kurtosis,cleaning_method,cleaning_method_version,standard_name,long_name,water_level_type,tidal_component,description,units,source,featureType,cf_role,gloss_id,connection,contacts,added_to_system,observations_arrived_per_week,observations_expected_per_week,observations_ratio_per_week,observations_arrived_per_month,observations_expected_per_month,observations_ratio_per_month,observations_ratio_per_day,sample_interval,average_delay_per_day,transmit_interval,dcp_id,last_observation_level,last_observation_time,delay,interval,geometry,breakpoints,status,cleaning_date,name,ocean
oste,flt,2.926680556,51.23428611,Belgium,Ostend,616957,0 days 00:05:00,0.997954476568059,0.9772547267842661,-0.7993,-0.2570064,0.08179999999999901,1.216699999999999,2.435139289262923,2.2978,3.7069,4.9472000000000005,5.290919200000003,5.7331,6.5324,1.3839996480314618,0.12325292297119302,-1.2367585222216917,https://github.com/oceanmodeling/ioc_cleanup,0.1.0,sea_surface_height_above_reference_ellipsoid,Sea surface height,total_water_level,included,IOC sea-level data downloaded from https://www.ioc-sealevelmonitoring.org/,m,ioc,timeSeries,timeseries_id,None,ftp,Maritieme Dienstverlening en Kust ( Belgium ),2013-09-05 23:55:39,2015,2016.0,100,8348,8640.0,97,100,5',3',15',nan,1.59,07:35,3',15',POINT (2.926680556 51.23428611),[],transformed,2026-09-07T17:48:25.430314,North Sea,Atlantic NE
lajo,bwl,-117.258,32.867,USA,La Jolla CA,523609,0 days 00:06:00,0.9996562320357366,0.9950064628953771,-0.672,-0.463,-0.262,0.521,0.8658193228427382,0.894,1.211,1.943,2.132,2.317,2.9890000000000003,0.5053695722699568,-0.12506796262187042,-0.4066605186690131,https://github.com/oceanmodeling/ioc_cleanup,0.1.0,sea_surface_height_above_reference_ellipsoid,Sea surface height,total_water_level,included,IOC sea-level data downloaded from https://www.ioc-sealevelmonitoring.org/,m,ioc,timeSeries,timeseries_id,159,web,National Ocean Service-NOAA ( USA ),2008-06-06 00:00:00,1679,1680.0,100,6760,7200.0,94,100,6',5',6',3361F4F4,1.8,07:30,8',6',POINT (-117.258 32.867),[],transformed,2026-09-07T17:48:25.654673,NE Pacific,Pacific NE
kinl,bub,-5.049999999999999,58.46,UK,Kinlochbervie,207367,0 days 00:15:00,0.9980614080350296,0.981694799270073,-0.108,0.28199999999999903,0.7079999999999991,2.105,2.9941119663084517,3.044,3.883999999999999,5.1370000000000005,5.564842000000004,5.979,6.087,1.1097197636561869,-0.0990132678644373,-0.8726672292893172,https://github.com/oceanmodeling/ioc_cleanup,0.1.0,sea_surface_height_above_reference_ellipsoid,Sea surface height,total_water_level,included,IOC sea-level data downloaded from https://www.ioc-sealevelmonitoring.org/,m,ioc,timeSeries,timeseries_id,None,ftp,National Oceanography Centre ( UK ),2012-09-04 21:04:29,672,672.0,100,2778,2880.0,96,100,15',36',15',nan,2.34,07:00,38',15',POINT (-5.049999999999999 58.46),[],transformed,2026-09-07T17:48:25.751820,Irish Sea,Atlantic NE
TR22,rad,13.7561,45.6544,Italy,Trieste,3076019,0 days 00:01:00,0.9975959186207888,0.974257400648824,-1.046,-0.8419999999999991,-0.672,-0.163,0.045256954615338546,0.056,0.265,0.7127700000000177,0.9689999999999991,1.437,2.483,0.3102852024626504,-0.12031866416926532,-0.20197295071549748,https://github.com/oceanmodeling/ioc_cleanup,0.1.0,sea_surface_height_above_reference_ellipsoid,Sea surface height,total_water_level,included,IOC sea-level data downloaded from https://www.ioc-sealevelmonitoring.org/,m,ioc,timeSeries,timeseries_id,None,web,Istituto Superiore per la Protezione e la Ricerca Ambientale ( Italy ),2008-09-29 06:21:00,17198,10080.0,171,138957,43200.0,322,366,1',nan,5',nan,-0.51,07:35,2',5',POINT (13.7561 45.6544),[],transformed,2026-09-07T17:48:25.577313,Adriatic Sea,Mediterranean
prus,bub,-6.66,55.21,UK,Portrush,207488,0 days 00:15:00,0.9981059145589143,0.9859146897810219,-0.14499999999999902,0.09099999999999901,0.307,0.9489999999999991,1.3157622862320935,1.304999999999999,1.669999999999999,2.414,2.738999999999999,3.307999999999999,3.452999999999998,0.4815473241750088,0.11813308636598539,-0.45726784875587256,https://github.com/oceanmodeling/ioc_cleanup,0.1.0,sea_surface_height_above_reference_ellipsoid,Sea surface height,total_water_level,included,IOC sea-level data downloaded from https://www.ioc-sealevelmonitoring.org/,m,ioc,timeSeries,timeseries_id,None,ftp,National Oceanography Centre ( UK ),2012-09-04 21:04:30,672,672.0,100,2777,2880.0,96,100,15',28',15',nan,1.04,07:00,38',15',POINT (-6.66 55.21),[],transformed,2026-09-07T17:48:26.180270,Irish Sea,Atlantic NE
ohig3,prs,-57.898731,-63.320314,Chile,Base General Bernardo O'Higgins CL,2070008,0 days 00:01:00,0.9751165212888067,0.6536683267437146,0.044999999999999006,0.159,0.448,1.5310000000000001,1.9487848267646197,2.06,2.412999999999999,3.008,3.217,3.485999999999999,3.441,0.6111527082735507,-0.5330740822776041,-0.38162169606111895,https://github.com/oceanmodeling/ioc_cleanup,0.1.0,sea_surface_height_above_reference_ellipsoid,Sea surface height,total_water_level,included,IOC sea-level data downloaded from https://www.ioc-sealevelmonitoring.org/,m,ioc,timeSeries,timeseries_id,None,web,Servicio Hidrográfico y Oceanográfico de la Armada ( Chile ),2020-04-16 23:17:59,10020,10080.0,99,40587,43200.0,94,98,1',5',5',nan,2.23,07:32,5',5',POINT (-57.898731 -63.320314),[],transformed,2026-09-07T17:48:25.842728,Antarctic Ocean,Antarctic
audi,rad,-4.5372,48.0216,France,Audierne,3079615,0 days 00:01:00,0.9963040834649786,0.962051082218167,0.38729999999999903,0.6155694,0.9467939999999994,2.2521,3.190012017242429,3.2082,4.11,5.438699999999999,5.815699999999999,6.2286,5.841300000000001,1.1415619023656103,-0.01094320681915596,-0.9407431386297969,https://github.com/oceanmodeling/ioc_cleanup,0.1.0,sea_surface_height_above_reference_ellipsoid,Sea surface height,total_water_level,included,IOC sea-level data downloaded from https://www.ioc-sealevelmonitoring.org/,m,ioc,timeSeries,timeseries_id,None,ftp,Service hydrographique et océanographique de la marine ( France ) +Service hydrographique et océanographique de la marine ( France ),2018-06-29 11:29:16,9851,10080.0,98,40724,43200.0,94,99,1',3',5',nan,4.5,07:35,3',5',POINT (-4.5372 48.0216),[],transformed,2026-09-07T17:48:25.928450,Bay of Biscay,Atlantic NE
toya,rad,137.22,36.76,Japan,Toyama,3131083,0 days 00:01:00,0.9996180235400978,0.9918763939578265,1.6246,1.8837000000000002,1.9721000000000002,2.2311,2.3402243826093843,2.3439,2.453599999999999,2.669999999999999,2.740199999999999,2.9748,1.3502,0.1576294904147289,-0.1361712860810683,-0.3556108562093474,https://github.com/oceanmodeling/ioc_cleanup,0.1.0,sea_surface_height_above_reference_ellipsoid,Sea surface height,total_water_level,included,IOC sea-level data downloaded from https://www.ioc-sealevelmonitoring.org/,m,ioc,timeSeries,timeseries_id,325,SWJP40,Japan Meteorological Agency ( Japan ),2012-03-21 10:12:51,10040,10080.0,100,41660,43200.0,96,100,1',8',10',TOYAMA,2.61,07:29,9',10',POINT (137.22 36.76),[],transformed,2026-09-07T17:48:25.967567,Japan Sea,Pacific NW
aracS,pwl,-66.7024,18.4805,Puerto Rico,Arecibo (GTS),2261602,0 days 00:01:00,0.9904819680916448,0.4054148925385239,-4.214999999999999,-3.818,-3.695999999999999,-3.423,-3.278410660756874,-3.294,-3.14,-2.773,-2.6310000000000002,-2.267999999999999,1.947,0.2013831571633136,0.27116761796184596,-0.12960202806821997,https://github.com/oceanmodeling/ioc_cleanup,0.1.0,sea_surface_height_above_reference_ellipsoid,Sea surface height,total_water_level,included,IOC sea-level data downloaded from https://www.ioc-sealevelmonitoring.org/,m,ioc,timeSeries,timeseries_id,None,SXXX03,Puerto Rico Seismic Network ( USA ) +National Ocean Service-NOAA ( USA ) +International Tsunami Information Center Caribbean Office ( USA ),2010-02-28 22:53:00,8892,10080.0,88,38604,43200.0,89,91,1',6',6',3366454E,-3.24,07:30,8',6',POINT (-66.7024 18.4805),[],transformed,2026-09-07T17:48:26.537118,NW Atlantic,Atlantic NW
NA23,rad,14.2692,40.8397,Italy,Napoli,3051988,0 days 00:01:00,0.9972326234572351,0.9654301627128954,-0.7319999999999991,-0.528,-0.399,-0.14199999999999902,0.0040006392416258325,-0.034,0.08899999999999901,0.8900000000000001,1.028999999999999,1.163,1.8949999999999991,0.23731299842464743,1.5511594863016922,3.6615536582541637,https://github.com/oceanmodeling/ioc_cleanup,0.1.0,sea_surface_height_above_reference_ellipsoid,Sea surface height,total_water_level,included,IOC sea-level data downloaded from https://www.ioc-sealevelmonitoring.org/,m,ioc,timeSeries,timeseries_id,None,web,Istituto Superiore per la Protezione e la Ricerca Ambientale ( Italy ),2008-09-27 07:30:00,40316,10080.0,400,151190,43200.0,350,400,1',nan,5',nan,-0.12,07:37,nan,5',POINT (14.2692 40.8397),[],transformed,2026-09-07T17:48:26.269521,Mediterranean Sea,Mediterranean
sitk,wls,-135.3417,57.0517,USA,Sitka AK,2986682,0 days 00:01:00,0.9992955393309365,0.9454756564274128,-1.171999999999999,-0.933,-0.5839999999999991,0.8369999999999991,1.5234693176963348,1.585,2.261,3.327999999999999,3.725,4.044999999999999,5.216999999999998,0.9434216875003689,-0.22615345842922954,-0.6529350763181738,https://github.com/oceanmodeling/ioc_cleanup,0.1.0,sea_surface_height_above_reference_ellipsoid,Sea surface height,total_water_level,included,IOC sea-level data downloaded from https://www.ioc-sealevelmonitoring.org/,m,ioc,timeSeries,timeseries_id,154,web,National Ocean Service-NOAA ( USA ),2008-06-06 00:00:00,10080,10080.0,100,41756,43200.0,97,100,1',2',6',nan,1.11,07:33,5',6',POINT (-135.3417 57.0517),[],transformed,2026-09-07T17:48:26.320047,NE Pacific,Pacific NE
stqy2,rad,-2.822498,48.648195,France,Saint-Quay-Portrieux 2,2984735,0 days 00:01:00,0.998828036659871,0.9448280996553122,0.322,0.777,1.465,4.327,6.475435825198478,6.453,8.624,11.504,12.17,12.647,12.325000000000001,2.6216053909765105,0.012452228642214192,-1.0090877080077643,https://github.com/oceanmodeling/ioc_cleanup,0.1.0,sea_surface_height_above_reference_ellipsoid,Sea surface height,total_water_level,included,IOC sea-level data downloaded from https://www.ioc-sealevelmonitoring.org/,m,ioc,timeSeries,timeseries_id,None,SZFR01,Service hydrographique et océanographique de la marine ( France ) +Service hydrographique et océanographique de la marine ( France ),2018-10-04 11:01:04,9970,10080.0,99,41368,43200.0,96,100,1',7',6',FR0506,8.59,07:27,11',6',POINT (-2.822498 48.648195),[],transformed,2026-09-07T17:48:26.531676,English Channel,Atlantic NE
saba,rad,95.3333,5.8333,Indonesia,Sabang,2831331,0 days 00:01:00,0.9971190228200094,0.3214178451946472,3.363999999999999,3.552,3.713,4.235,5.00678912994838,4.597999999999999,5.024,8.762,9.021,9.216,5.852,1.3075533320866684,1.803541823176827,1.9879753000546208,https://github.com/oceanmodeling/ioc_cleanup,0.1.0,sea_surface_height_above_reference_ellipsoid,Sea surface height,total_water_level,included,IOC sea-level data downloaded from https://www.ioc-sealevelmonitoring.org/,m,ioc,timeSeries,timeseries_id,347,SZXX01,Geospacial Agency of Indonesia ( Indonesia ) +University of Hawaii Sea Level Center ( USA ),2006-06-07 08:39:00,8110,10080.0,80,34854,43200.0,81,80,1',5',5',301434061608460,3.72,07:30,8',5',POINT (95.3333 5.8333),['2025-09-10T00:00:00'],transformed,2026-09-07T17:48:26.752526,Andaman Sea,Indian
quepo,rad,-84.1702,9.4255,Costa Rica,Quepos,2907731,0 days 00:01:00,0.9839682556605133,0.8097066986009732,3.314,3.533999999999999,3.742,4.482999999999999,5.120061679545101,5.113999999999999,5.753,6.5120000000000005,6.724999999999999,6.968,3.654,0.7314559854964383,0.02099767057018052,-1.1082444495189026,https://github.com/oceanmodeling/ioc_cleanup,0.1.0,sea_surface_height_above_reference_ellipsoid,Sea surface height,total_water_level,included,IOC sea-level data downloaded from https://www.ioc-sealevelmonitoring.org/,m,ioc,timeSeries,timeseries_id,167,SZXX01,"Universidad Nacional Costa Rica, SINAMOT ( Costa Rica ) +University of Hawaii Sea Level Center ( USA )",2009-10-21 10:05:00,8455,10080.0,84,36469,43200.0,84,84,1',6',5',300434066949590,4.37,07:29,9',5',POINT (-84.1702 9.4255),[],transformed,2026-09-07T17:48:26.387826,NE Pacific,Pacific NE
bele,rad,-48.496339,-1.442244,Brasil,Belém,1960008,0 days 00:01:00,0.9768980534773327,0.5642133008921331,1.937,2.073999999999999,2.198,2.81,3.61958457332357,3.543,4.395999999999999,5.413,5.73,5.931,3.9939999999999998,0.896315587374073,0.20297134707347042,-1.1623065498847573,https://github.com/oceanmodeling/ioc_cleanup,0.1.0,sea_surface_height_above_reference_ellipsoid,Sea surface height,total_water_level,included,IOC sea-level data downloaded from https://www.ioc-sealevelmonitoring.org/,m,ioc,timeSeries,timeseries_id,None,SEPO40,Instituto Brasileiro de Geografia e Estatística ( Brasil ),2019-11-26 17:19:28,nan,10080.0,0,nan,nan,0,0,1',nan,5',B5B01A70,7.09,2024-06-07 14:38,713d,5',POINT (-48.496339 -1.442244),[],transformed,2026-09-07T17:48:27.136211,SW Atlantic,Atlantic South
nuku,prs,-140.084683,-8.914847,France,"Nuku Hiva (Marquesas, French Polynesia)",2760613,0 days 00:01:00,0.9948000679559214,0.6841792122871047,0.004,0.805,0.932,1.612,1.9144488085282538,1.8900000000000001,2.282,2.703999999999999,2.818,3.136,3.132,0.4286701045514861,-0.16596296766861304,-0.6405037086276892,https://github.com/oceanmodeling/ioc_cleanup,0.1.0,sea_surface_height_above_reference_ellipsoid,Sea surface height,total_water_level,included,IOC sea-level data downloaded from https://www.ioc-sealevelmonitoring.org/,m,ioc,timeSeries,timeseries_id,142,SZXX01,Commissariat à l'Energie Atomique ( France ) +University of Hawaii Sea Level Center ( USA ),2008-06-23 11:32:00,8330,10080.0,83,36150,43200.0,84,80,1',5',5',301434061604070,1.87,07:30,8',5',POINT (-140.084683 -8.914847),[],transformed,2026-09-07T17:48:26.848801,SE Pacific,Pacific SE
syro,pr1,24.9411,37.438,Greece,Syros,3117832,0 days 00:01:00,0.9996465492688509,0.9632815668085969,0.199,0.269,0.35399999999999904,0.639,0.7689818791092087,0.771,0.918,1.092,1.149,1.323,1.1239999999999999,0.17907585814832863,-0.2512804371253073,-0.6576092516564809,https://github.com/oceanmodeling/ioc_cleanup,0.1.0,sea_surface_height_above_reference_ellipsoid,Sea surface height,total_water_level,included,IOC sea-level data downloaded from https://www.ioc-sealevelmonitoring.org/,m,ioc,timeSeries,timeseries_id,None,ftp,Hellenic Navy Hydrographic Service ( Greece ),2009-11-20 17:00:00,10080,20160.0,50,41566,86400.0,48,50,0.5',62',3',nan,0.63,06:30,1h,3',POINT (24.9411 37.438),"['2022-06-01T06:30:00', '2023-02-25T06:30:00', '2025-08-07T19:26:00']",transformed,2026-09-07T17:48:26.462369,Aegean Sea,Mediterranean
kalit,rad,23.096111,65.696944,Sweden,Kalix Storon,2193286,0 days 00:01:00,0.9993739986486031,0.6948518603000811,-1.1442,-0.8860000000000001,-0.468,-0.029,0.13647276319640925,0.14199999999999902,0.28499999999999903,0.778,1.044999999999999,1.246499999999999,2.390699999999999,0.2577573490980896,0.04402739591820212,0.8157647373690895,https://github.com/oceanmodeling/ioc_cleanup,0.1.0,sea_surface_height_above_reference_ellipsoid,Sea surface height,total_water_level,included,IOC sea-level data downloaded from https://www.ioc-sealevelmonitoring.org/,m,ioc,timeSeries,timeseries_id,None,web,Swedish Meteorological and Hydrological Institute ( Sweden ) +Swedish Maritime Administration ( Sweden ),2021-10-18 13:50:53,10080,10080.0,100,41760,43200.0,97,100,1',34',1h,nan,0.0,06:48,50',1h,POINT (23.096111 65.696944),[],transformed,2026-09-07T17:48:27.246150,Baltic Sea,Atlantic NE
cmnj,pwl,-74.96,38.9683,USA,Cape May NJ,2970252,0 days 00:01:00,0.9991411503131721,0.9407244778994323,-0.518,-0.30099999999999905,-0.048,0.521,0.9821412447320614,0.9709999999999991,1.431,2.072,2.2800000000000002,2.591,3.109,0.5440106063053237,0.06693947571936075,-0.967762654034523,https://github.com/oceanmodeling/ioc_cleanup,0.1.0,sea_surface_height_above_reference_ellipsoid,Sea surface height,total_water_level,included,IOC sea-level data downloaded from https://www.ioc-sealevelmonitoring.org/,m,ioc,timeSeries,timeseries_id,None,web,National Ocean Service-NOAA ( USA ),2008-06-21 00:00:00,10080,10080.0,100,41195,43200.0,95,100,1',3',6',335D53E0,1.06,07:33,5',6',POINT (-74.96 38.9683),[],transformed,2026-09-07T17:48:26.593977,NW Atlantic,Atlantic NW
nawi,pwl,-159.36,21.957,USA,"Nawiliwili, Kauai",3001205,0 days 00:01:00,0.9620978906805766,0.9506722678426601,-0.214,-0.10400000000000001,-0.025,0.197,0.34147665938633215,0.315,0.47399999999999903,0.8179999999999991,0.924,1.155,1.369,0.19583895597391532,0.4327541772708052,-0.3402578058185646,https://github.com/oceanmodeling/ioc_cleanup,0.1.0,sea_surface_height_above_reference_ellipsoid,Sea surface height,total_water_level,included,IOC sea-level data downloaded from https://www.ioc-sealevelmonitoring.org/,m,ioc,timeSeries,timeseries_id,None,web,National Ocean Service-NOAA ( USA ),2010-03-26 13:45:00,10057,10080.0,100,41751,43200.0,97,100,1',2',1',nan,0.58,07:33,5',1',POINT (-159.36 21.957),[],transformed,2026-09-07T17:48:26.663328,NE Pacific,Pacific NE
subi,rad,120.2833,14.8167,Philippines,Subic Bay,2563781,0 days 00:01:00,0.9839015110885057,0.2748580697485807,4.572,4.682,4.820999999999999,5.251999999999999,5.50335595861611,5.474999999999999,5.732999999999999,6.312999999999999,6.485,6.655,2.083,0.34642963619472805,0.29947957595833025,-0.3992441305823715,https://github.com/oceanmodeling/ioc_cleanup,0.1.0,sea_surface_height_above_reference_ellipsoid,Sea surface height,total_water_level,included,IOC sea-level data downloaded from https://www.ioc-sealevelmonitoring.org/,m,ioc,timeSeries,timeseries_id,None,SXXX33,National Mapping and Resource Information Authority ( Philippines ),2007-11-27 12:49:00,3360,3360.0,100,13920,14400.0,97,100,3',6',15',3226F4BE,6.05,07:16,22',15',POINT (120.2833 14.8167),[],transformed,2026-09-07T17:48:27.232507,South China Sea,Pacific NW
dapi,prt,-176.2469,-9.5183,Samoa,DART NW of Apia,168924,0 days 00:15:00,0.9711941464800738,0.7805466849148418,4949.741,4949.89,4950.236,4951.137,4951.4759147224995,4951.48,4951.844,4952.473,4952.649,4952.807,3.0659999999998035,0.49425025957917573,-0.2085612286450207,-0.23730936951315984,https://github.com/oceanmodeling/ioc_cleanup,0.1.0,sea_surface_height_above_reference_ellipsoid,Sea surface height,total_water_level,included,IOC sea-level data downloaded from https://www.ioc-sealevelmonitoring.org/,m,ioc,timeSeries,timeseries_id,None,web,National Ocean Service-NOAA ( USA ),2023-02-28 15:55:28,672,672.0,100,2784,2880.0,97,100,15',36',6h,nan,4950.83,06:00,2h,6h,POINT (-176.2469 -9.5183),[],transformed,2026-09-07T17:48:28.065677,SE Pacific,Pacific SE
ferg,aqu,147.0584,-19.2773,Australia,Cape Ferguson AU,2880738,0 days 00:01:00,0.9981504739410526,0.8981634605636658,0.028,0.231,0.464,1.337,1.8214163740482918,1.7810000000000001,2.294,3.347999999999999,3.673999999999999,4.218,4.19,0.6654318468453864,0.18248260632290456,-0.47320305198019863,https://github.com/oceanmodeling/ioc_cleanup,0.1.0,sea_surface_height_above_reference_ellipsoid,Sea surface height,total_water_level,included,IOC sea-level data downloaded from https://www.ioc-sealevelmonitoring.org/,m,ioc,timeSeries,timeseries_id,60,SZAU01,National Tidal Centre/Australian Bureau of Meteorology ( Australia ),2007-12-05 22:50:00,10077,10080.0,100,41730,43200.0,97,100,1',3',3',59260,1.24,07:35,3',3',POINT (147.0584 -19.2773),[],transformed,2026-09-07T17:48:27.099746,SW Pacific,Pacific SW
wlgt,prs,174.7790967,-41.2846217,New Zealand,Wellington,3066944,0 days 00:01:00,0.9985487182028756,0.9569339897607462,1.752,1.899999999999999,2.088,2.6550000000000002,2.961278296319568,2.952,3.286,3.706999999999999,3.855999999999999,4.043999999999999,2.291999999999999,0.39007012085761705,-0.07050742407619473,-0.7660190946445598,https://github.com/oceanmodeling/ioc_cleanup,0.1.0,sea_surface_height_above_reference_ellipsoid,Sea surface height,total_water_level,included,IOC sea-level data downloaded from https://www.ioc-sealevelmonitoring.org/,m,ioc,timeSeries,timeseries_id,101,SZNZ01,Land Information New Zealand ( New Zealand ),2009-01-15 16:04:00,10074,10080.0,100,41728,43200.0,97,100,1',5',3',WLGT,3.13,07:32,6',3',POINT (174.7790967 -41.2846217),['2025-04-15T00:00:00'],transformed,2026-09-07T17:48:27.377159,SW Pacific,Pacific SW
cald,prs,-70.82471944,-27.0646055,Chile,Caldera CL,2933595,0 days 00:01:00,0.98950877677389,0.9289978076845093,1.573,1.982,2.108,2.483,2.7491783145538253,2.725,2.992999999999999,3.5300000000000002,3.6790000000000003,3.919999999999999,2.346999999999999,0.34079934103423465,0.26735871230608776,-0.6022988698807397,https://github.com/oceanmodeling/ioc_cleanup,0.1.0,sea_surface_height_above_reference_ellipsoid,Sea surface height,total_water_level,included,IOC sea-level data downloaded from https://www.ioc-sealevelmonitoring.org/,m,ioc,timeSeries,timeseries_id,None,SXCH40,Servicio Hidrográfico y Oceanográfico de la Armada ( Chile ) +Servicio Hidrográfico y Oceanográfico de la Armada ( Chile ),2008-06-16 08:57:00,9325,10080.0,93,40265,43200.0,93,95,1',3',5',ADC104C4,4.76,07:33,5',5',POINT (-70.82471944 -27.0646055),[],transformed,2026-09-07T17:48:27.381760,SE Pacific,Pacific SE
prin2,enc,-130.3167,54.3167,Canada,Prince Rupert,3124492,0 days 00:01:00,0.9977305110718798,0.9894556594687753,-0.17799999999999902,0.189,0.662,2.681,3.8957937270687695,3.939999999999999,5.155,6.82,7.32,7.7219999999999995,7.899999999999999,1.5419848006878305,-0.11055582995710309,-0.8696910108973839,https://github.com/oceanmodeling/ioc_cleanup,0.1.0,sea_surface_height_above_reference_ellipsoid,Sea surface height,total_water_level,included,IOC sea-level data downloaded from https://www.ioc-sealevelmonitoring.org/,m,ioc,timeSeries,timeseries_id,155,web,Fisheries and Oceans Canada ( Canada ),2018-10-29 11:57:10,10080,10080.0,100,41750,43200.0,97,100,1',nan,10',nan,2.85,07:36,2',10',POINT (-130.3167 54.3167),[],transformed,2026-09-07T17:48:27.001033,NE Pacific,Pacific NE
tubua,rad,-149.475529583,-23.341802611,France,Tubuai (Austral Islands - French Polynesia),3108417,0 days 00:01:00,0.9993922951778992,0.9838576515612327,0.194,0.279,0.374,0.632,0.7373084709938116,0.747,0.8439999999999991,1.077,1.155,1.486,1.292,0.154921823263662,-0.085851280620981,-0.20892489750081822,https://github.com/oceanmodeling/ioc_cleanup,0.1.0,sea_surface_height_above_reference_ellipsoid,Sea surface height,total_water_level,included,IOC sea-level data downloaded from https://www.ioc-sealevelmonitoring.org/,m,ioc,timeSeries,timeseries_id,356,SEHI40,University of French Polynesia ( France ) +Service hydrographique et océanographique de la marine ( France ) +Commissariat à l'Energie Atomique ( France ),2010-02-23 09:02:00,10065,10080.0,100,41670,43200.0,96,100,1',15',15',FFF0073A,0.76,07:23,15',15',POINT (-149.475529583 -23.341802611),[],transformed,2026-09-07T17:48:27.301275,SE Pacific,Pacific SE
tara1,rad,17.2214,40.4759,Italy,Taranto,1310102,0 days 00:01:00,0.9987359762827627,0.41452250608272506,4.780999999999999,4.839,4.905999999999999,5.091999999999999,5.157702175581153,5.160999999999999,5.227999999999999,5.3776899999999435,5.44,5.503999999999999,0.7229999999999999,0.10098074256758888,-0.20217204338204808,-0.009944907834950723,https://github.com/oceanmodeling/ioc_cleanup,0.1.0,sea_surface_height_above_reference_ellipsoid,Sea surface height,total_water_level,included,IOC sea-level data downloaded from https://www.ioc-sealevelmonitoring.org/,m,ioc,timeSeries,timeseries_id,None,SXXX33,+National Oceanography Centre ( UK ),2023-06-20 10:43:31,1680,1680.0,100,6960,7200.0,97,100,6',5',6',182B9362,1.02,07:31,7',6',POINT (17.2214 40.4759),[],transformed,2026-09-07T17:48:28.298115,Mediterranean Sea,Mediterranean
gibr3,pr1,-5.365013,36.148083,UK,Gibraltar,3113251,0 days 00:01:00,0.9983997435478219,0.9519819545823196,0.001,0.677,0.809,1.165,1.3755387409015636,1.375999999999999,1.585999999999999,1.9300000000000002,2.056,2.225,2.224,0.2722835163228562,-0.014300694046618849,-0.7232374099321546,https://github.com/oceanmodeling/ioc_cleanup,0.1.0,sea_surface_height_above_reference_ellipsoid,Sea surface height,total_water_level,included,IOC sea-level data downloaded from https://www.ioc-sealevelmonitoring.org/,m,ioc,timeSeries,timeseries_id,248,SXXX33,National Oceanography Centre ( UK ),2018-10-02 12:13:17,9886,10080.0,98,41260,43200.0,96,98,1',6',6',1852F574,1.53,07:31,7',6',POINT (-5.365013 36.148083),[],transformed,2026-09-07T17:48:27.640160,Mediterranean Sea,Mediterranean
bgct,pwl,-73.1816,41.1733,USA,Bridgeport CT,521596,0 days 00:06:00,0.9977856425279334,0.9910108728710463,-0.905,-0.339,-0.099,0.5909999999999991,1.246297651678044,1.242,1.8980000000000001,2.613999999999999,2.843999999999999,3.137999999999999,4.042999999999999,0.7393059472808635,0.015761786780512724,-1.1622160288959495,https://github.com/oceanmodeling/ioc_cleanup,0.1.0,sea_surface_height_above_reference_ellipsoid,Sea surface height,total_water_level,included,IOC sea-level data downloaded from https://www.ioc-sealevelmonitoring.org/,m,ioc,timeSeries,timeseries_id,None,web,National Ocean Service-NOAA ( USA ),2006-06-07 04:30:00,1680,1680.0,100,6960,7200.0,97,100,6',6',6',nan,2.4,07:30,8',6',POINT (-73.1816 41.1733),[],transformed,2026-09-07T17:48:28.605452,NW Atlantic,Atlantic NW
atka,wls,-174.173,52.2317,USA,"Atka, AK",2923676,0 days 00:01:00,0.9988298977041231,0.9261075628548256,-0.808,-0.5699999999999991,-0.4,0.263,0.554063624608311,0.5959999999999991,0.8639999999999991,1.395999999999999,1.609999999999999,1.7970000000000002,2.6050000000000004,0.42107458272707987,-0.2722326324444759,-0.4789844879926708,https://github.com/oceanmodeling/ioc_cleanup,0.1.0,sea_surface_height_above_reference_ellipsoid,Sea surface height,total_water_level,included,IOC sea-level data downloaded from https://www.ioc-sealevelmonitoring.org/,m,ioc,timeSeries,timeseries_id,None,web,National Ocean Service-NOAA ( USA ),2009-02-06 00:00:00,nan,10080.0,0,nan,nan,0,0,1',nan,5',nan,1.12,2025-10-13 23:51,219d,5',POINT (-174.173 52.2317),[],transformed,2026-09-07T17:48:27.492672,NE Pacific,Pacific NE
pcha2,prs,-72.820045,-45.467076,Chile,Puerto Chacabuco CL,3079525,0 days 00:01:00,0.9419017543289956,0.9755794429237632,0.165,2.265,2.487,3.302999999999999,3.8236014489200323,3.819999999999999,4.333999999999999,5.235,5.546,5.871,5.706,0.6620009233942755,0.054744245147363764,-0.7176455620948268,https://github.com/oceanmodeling/ioc_cleanup,0.1.0,sea_surface_height_above_reference_ellipsoid,Sea surface height,total_water_level,included,IOC sea-level data downloaded from https://www.ioc-sealevelmonitoring.org/,m,ioc,timeSeries,timeseries_id,None,web,Servicio Hidrográfico y Oceanográfico de la Armada ( Chile ) +Servicio Hidrográfico y Oceanográfico de la Armada ( Chile ),2013-03-18 17:40:25,9792,10080.0,97,39724,43200.0,92,99,1',3',10',nan,7.28,07:22,15',10',POINT (-72.820045 -45.467076),[],transformed,2026-09-07T17:48:27.696882,SE Pacific,Pacific SE
euro,flt,3.274687002889999,51.9976988652,Netherlands,Europlatform,281810,0 days 00:10:00,0.9973386324119088,0.8769863899026764,-1.75,-1.24,-1.03,-0.44,0.0509048620217543,-0.029999999999999003,0.56,1.32,1.74,2.509999999999999,4.259999999999999,0.6036799643597782,0.24947962457136857,-0.8737616830228285,https://github.com/oceanmodeling/ioc_cleanup,0.1.0,sea_surface_height_above_reference_ellipsoid,Sea surface height,total_water_level,included,IOC sea-level data downloaded from https://www.ioc-sealevelmonitoring.org/,m,ioc,timeSeries,timeseries_id,None,web,Rijkswaterstaat ( Netherlands ),2017-01-13 11:04:43,nan,1008.0,0,nan,nan,0,0,10',nan,10',nan,0.8,2026-02-22 05:00,88d,10',POINT (3.274687002889999 51.9976988652),[],transformed,2026-09-07T17:48:28.823378,North Sea,Atlantic NE
chij,rad,142.19,27.09,Japan,Chichijima,3131151,0 days 00:01:00,0.9996218642920767,0.9917436511557177,0.8046999999999991,1.252699999999999,1.389899999999999,1.9233,2.112867965853772,2.1549,2.3287,2.654799999999999,2.788899999999999,3.109,2.304300000000001,0.2916892084279374,-0.48773841507730115,-0.25233429826087983,https://github.com/oceanmodeling/ioc_cleanup,0.1.0,sea_surface_height_above_reference_ellipsoid,Sea surface height,total_water_level,included,IOC sea-level data downloaded from https://www.ioc-sealevelmonitoring.org/,m,ioc,timeSeries,timeseries_id,103,SWJP40,Japan Meteorological Agency ( Japan ),2012-03-21 10:05:48,10040,10080.0,100,41660,43200.0,96,100,1',8',10',CHICHIJIMA,1.48,07:29,9',10',POINT (142.19 27.09),[],transformed,2026-09-07T17:48:28.251289,NW Pacific,Pacific NW
colo,prs,79.8503833,6.940599999999999,Sri Lanka,Colombo,3063672,0 days 00:01:00,0.9995276909538618,0.9315696598742903,0.498,0.6059999999999991,0.6909999999999991,0.9499999999999991,1.0991027216295561,1.085,1.23,1.693,2.017999999999999,2.362,1.864,0.21084980758790492,0.5763694954660962,0.8650178020205717,https://github.com/oceanmodeling/ioc_cleanup,0.1.0,sea_surface_height_above_reference_ellipsoid,Sea surface height,total_water_level,included,IOC sea-level data downloaded from https://www.ioc-sealevelmonitoring.org/,m,ioc,timeSeries,timeseries_id,33,SWIO40,National Aquatic Resources Research and Development Agency ( Sri Lanka ) +University of Hawaii Sea Level Center ( USA ),2006-06-21 17:21:00,10050,10080.0,100,41693,43200.0,97,100,1',3',15',0650018E,0.97,07:30,8',15',POINT (79.8503833 6.940599999999999),['2024-10-14T11:29:00'],transformed,2026-09-07T17:48:28.287995,North Indian,Indian
dchu,prt,-169.8717,49.6625,USA,DART South of Umnak Is,135229,0 days 00:15:00,0.9734820193893322,0.6290440617396593,5323.349,5323.552,5324.214,5386.595,5384.78075997764,5386.987,5387.234,5391.0463,5391.54863,5391.782,68.43299999999999,11.779869024660915,-4.899837754912561,22.1637028361882,https://github.com/oceanmodeling/ioc_cleanup,0.1.0,sea_surface_height_above_reference_ellipsoid,Sea surface height,total_water_level,included,IOC sea-level data downloaded from https://www.ioc-sealevelmonitoring.org/,m,ioc,timeSeries,timeseries_id,None,web,National Ocean Service-NOAA ( USA ),2023-02-28 15:55:28,nan,672.0,0,nan,nan,0,0,15',nan,6h,nan,5324.66,2025-08-17 09:00,277d,6h,POINT (-169.8717 49.6625),[],transformed,2026-09-07T17:48:29.310276,NE Pacific,Pacific NE
qaqo,prs,-46.035,60.7176,Greenland,"Qaqortoq, Julianehab",1684034,0 days 00:01:00,0.8151183408410994,0.5318151865369019,-2.076,-1.893,-1.673,-0.8209999999999991,0.17448439890293713,-0.22,0.376,7.3870000000000005,8.104,8.661,10.737,1.87721215703176,2.7364748396648024,7.199868002056525,https://github.com/oceanmodeling/ioc_cleanup,0.1.0,sea_surface_height_above_reference_ellipsoid,Sea surface height,total_water_level,included,IOC sea-level data downloaded from https://www.ioc-sealevelmonitoring.org/,m,ioc,timeSeries,timeseries_id,344,ftp,"Danish National Space Centre, Technical University of Denmark ( Denmark )",2008-12-03 12:12:51,2731,10080.0,27,41210,43200.0,95,100,1',2',1',nan,5.5,07:37,1',1',POINT (-46.035 60.7176),"['2025-06-01T00:00:00', '2025-09-01T00:00:00']",transformed,2026-09-07T17:48:28.862402,NW Atlantic,Atlantic NW
vale,rad,-0.31128,39.44203,Spain,Valencia,3052654,0 days 00:01:00,0.9948310552063876,0.967098476784266,-0.256,-0.169,-0.063,0.133,0.20452780932619644,0.20999999999999902,0.279,0.446,0.539,0.796,1.052,0.10827999714349824,-0.1781148101745174,0.20006129018103902,https://github.com/oceanmodeling/ioc_cleanup,0.1.0,sea_surface_height_above_reference_ellipsoid,Sea surface height,total_water_level,included,IOC sea-level data downloaded from https://www.ioc-sealevelmonitoring.org/,m,ioc,timeSeries,timeseries_id,None,ftp,Puertos del Estado ( Spain ),2008-03-25 14:04:00,10079,10080.0,100,41259,43200.0,96,100,1',5',4',nan,0.08,07:35,3',4',POINT (-0.31128 39.44203),[],transformed,2026-09-07T17:48:28.449429,Mediterranean Sea,Mediterranean
blueb,prs,57.71095,-20.44413333,Mauritius,Blue Bay,2587585,0 days 00:01:00,0.9548783904683324,0.7762095752230332,-0.796,-0.639,-0.41399999999999904,1.231,1.4196652918872366,1.607,1.8860000000000001,2.435,2.649,3.032,3.8280000000000003,0.6988621186324073,-1.1060091075945204,0.4032467228680763,https://github.com/oceanmodeling/ioc_cleanup,0.1.0,sea_surface_height_above_reference_ellipsoid,Sea surface height,total_water_level,included,IOC sea-level data downloaded from https://www.ioc-sealevelmonitoring.org/,m,ioc,timeSeries,timeseries_id,None,SXXX32,Mauritius Meteorological Services ( Mauritius ),2009-01-21 12:18:00,3329,3360.0,99,13821,14400.0,96,100,3',5',15',22BF90A6,2.82,07:30,8',15',POINT (57.71095 -20.44413333),[],transformed,2026-09-07T17:48:28.987251,East Africa,Indian
sole,rad,9.3738,41.8358,France,Solenzara,2674464,0 days 00:01:00,0.9979880080644197,0.8472450324412003,0.07979999999999901,0.17069999999999902,0.2993,0.5401,0.6229660677961281,0.625,0.7118999999999991,0.9131,1.012599999999999,1.2012,1.121400000000001,0.12920293361824345,-0.17616253077352909,0.21740347410200478,https://github.com/oceanmodeling/ioc_cleanup,0.1.0,sea_surface_height_above_reference_ellipsoid,Sea surface height,total_water_level,included,IOC sea-level data downloaded from https://www.ioc-sealevelmonitoring.org/,m,ioc,timeSeries,timeseries_id,None,ftp,Service hydrographique et océanographique de la marine ( France ),2010-11-03 17:26:52,9774,10080.0,97,40414,43200.0,94,97,1',4',5',nan,0.52,07:34,4',5',POINT (9.3738 41.8358),[],transformed,2026-09-07T17:48:28.734231,Mediterranean Sea,Mediterranean
mare,prs,167.8771,-21.5478,France,"Maré (New Caledonia, Loyalty Islands)",2826444,0 days 00:01:00,0.9980180042484479,0.8595704709042985,0.0,5.509999999999999,5.631,6.144,6.454335837973888,6.434,6.679,8.163,8.842,9.063,9.063,0.46290400810716653,1.1761917882382502,3.5732346832228843,https://github.com/oceanmodeling/ioc_cleanup,0.1.0,sea_surface_height_above_reference_ellipsoid,Sea surface height,total_water_level,included,IOC sea-level data downloaded from https://www.ioc-sealevelmonitoring.org/,m,ioc,timeSeries,timeseries_id,None,SZNC41,Service hydrographique et océanographique de la marine ( France ),2012-05-04 08:41:08,10074,10080.0,100,41742,43200.0,97,100,1',3',6',06520AA8,0.73,07:31,7',6',POINT (167.8771 -21.5478),['2021-05-01T00:00:00'],transformed,2026-09-07T17:48:28.779854,SW Pacific,Pacific SW
nome,bwl,-165.43,64.5,USA,Nome AK,509024,0 days 00:06:00,0.9990177280442573,0.9674593217761557,-2.423999999999999,-1.6480400000000002,-0.8639999999999991,0.117,0.317959106886382,0.34699999999999903,0.549,1.310999999999999,1.9100000000000001,3.205,5.629,0.39948826802876064,-0.480961837349256,3.3173988802352086,https://github.com/oceanmodeling/ioc_cleanup,0.1.0,sea_surface_height_above_reference_ellipsoid,Sea surface height,total_water_level,included,IOC sea-level data downloaded from https://www.ioc-sealevelmonitoring.org/,m,ioc,timeSeries,timeseries_id,74,web,National Ocean Service-NOAA ( USA ),2008-06-06 00:00:00,1679,1680.0,100,6959,7200.0,97,100,6',6',6',nan,0.48,07:30,8',6',POINT (-165.43 64.5),[],transformed,2026-09-07T17:48:29.563468,NE Pacific,Pacific NE
greg,prs,-70.209167,-52.648056,Chile,Bahia Gregorio CL,2926217,0 days 00:01:00,0.9892338811509878,0.9269581939375506,1.649,1.992999999999999,2.338,3.605,4.4410596973606635,4.416,5.322,6.496999999999999,6.844999999999999,7.190999999999999,5.541999999999999,1.050436423475478,-0.017878181990467843,-0.9252316553375644,https://github.com/oceanmodeling/ioc_cleanup,0.1.0,sea_surface_height_above_reference_ellipsoid,Sea surface height,total_water_level,included,IOC sea-level data downloaded from https://www.ioc-sealevelmonitoring.org/,m,ioc,timeSeries,timeseries_id,None,SXCH40,Servicio Hidrográfico y Oceanográfico de la Armada ( Chile ),2014-06-25 21:28:34,9125,10080.0,91,39685,43200.0,92,92,1',3',5',ADC1B74A,6.33,07:33,5',5',POINT (-70.209167 -52.648056),[],transformed,2026-09-07T17:48:28.972265,SE Pacific,Pacific SE
dese,rad,-65.91469444,-47.75357778,Argentina,Puerto Deseado,3102035,0 days 00:01:00,0.9986653922344525,0.32712388483373883,0.003,2.3715589999999995,2.709,4.057,5.196048445610908,5.182999999999999,6.357999999999999,7.641,7.969999999999999,8.251,8.248,1.3225748483503583,-0.0038520190678658847,-1.1244793859319897,https://github.com/oceanmodeling/ioc_cleanup,0.1.0,sea_surface_height_above_reference_ellipsoid,Sea surface height,total_water_level,included,IOC sea-level data downloaded from https://www.ioc-sealevelmonitoring.org/,m,ioc,timeSeries,timeseries_id,190,SEPO40,Armada Argentina Servicio de Hidrografía Naval ( Argentina ) +University of Hawaii Sea Level Center ( USA ),2010-03-23 20:24:00,3275,3360.0,97,13875,14400.0,96,100,3',4',15',33912088,7.48,07:34,4',15',POINT (-65.91469444 -47.75357778),[],transformed,2026-09-07T17:48:29.272686,SW Atlantic,Atlantic South
PT17,rad,8.4039,40.8422,Italy,Porto Torres,3068623,0 days 00:01:00,0.9987362409784454,0.9720777575020276,-0.279,-0.19,-0.066,0.153,0.22625314795211982,0.229,0.30399999999999905,0.48899999999999905,0.5739999999999991,0.6879999999999991,0.9669999999999991,0.11542629157540163,-0.18798145269556168,0.32182044830651524,https://github.com/oceanmodeling/ioc_cleanup,0.1.0,sea_surface_height_above_reference_ellipsoid,Sea surface height,total_water_level,included,IOC sea-level data downloaded from https://www.ioc-sealevelmonitoring.org/,m,ioc,timeSeries,timeseries_id,None,web,Istituto Superiore per la Protezione e la Ricerca Ambientale ( Italy ),2010-09-13 18:39:42,39686,10080.0,394,139762,43200.0,324,396,1',nan,5',nan,0.12,07:35,2',5',POINT (8.4039 40.8422),[],transformed,2026-09-07T17:48:28.816449,Mediterranean Sea,Mediterranean
marsh,rad,171.3725,7.106099999999999,Marshall Islands,Majuro,2525563,0 days 00:01:00,0.9962424219867015,0.7969003446877534,0.0,0.029999999999999003,0.187,0.765,1.1110256368768383,1.098,1.444,2.121999999999999,2.75,4.004999999999999,4.004999999999999,0.46069910700336525,0.1810651520388851,-0.2984471024575748,https://github.com/oceanmodeling/ioc_cleanup,0.1.0,sea_surface_height_above_reference_ellipsoid,Sea surface height,total_water_level,included,IOC sea-level data downloaded from https://www.ioc-sealevelmonitoring.org/,m,ioc,timeSeries,timeseries_id,112,SZPA01,National Tidal Centre/Australian Bureau of Meteorology ( Australia ),2009-01-28 16:27:00,10075,10080.0,100,41733,43200.0,97,100,1',3',3',67680,1.39,07:35,3',3',POINT (171.3725 7.106099999999999),['2023-04-04T03:30:00'],transformed,2026-09-07T17:48:29.291418,NW Pacific,Pacific NW
ptal2,prs,-71.607564,-30.2923,Chile,Puerto Aldea CL,3016375,0 days 00:01:00,0.9949588496125316,0.9555083510746147,-0.14,1.611,1.758,2.161999999999999,2.4478252243088043,2.423999999999999,2.711999999999999,3.294999999999999,3.488999999999999,3.793,3.9330000000000003,0.366764879324456,0.237584513005684,-0.4548183624479041,https://github.com/oceanmodeling/ioc_cleanup,0.1.0,sea_surface_height_above_reference_ellipsoid,Sea surface height,total_water_level,included,IOC sea-level data downloaded from https://www.ioc-sealevelmonitoring.org/,m,ioc,timeSeries,timeseries_id,None,web,Servicio Hidrográfico y Oceanográfico de la Armada ( Chile ) +Servicio Hidrográfico y Oceanográfico de la Armada ( Chile ),2018-07-18 10:22:30,10080,10080.0,100,41737,43200.0,97,100,1',3',5',nan,4.52,07:32,5',5',POINT (-71.607564 -30.2923),[],transformed,2026-09-07T17:48:29.245320,SE Pacific,Pacific SE
anch2,pwl,-149.888,61.238,USA,Anchorage AK,2257463,0 days 00:01:00,0.9276851935114773,0.7150674168694242,-4.246,-4.025999999999999,-3.786,-2.887999999999999,-2.5142118235112725,-2.442,-2.124,-1.454,-1.284,-0.8519999999999991,3.3940000000000015,0.5490238999432977,-0.3565104086265879,-0.44320997004768126,https://github.com/oceanmodeling/ioc_cleanup,0.1.0,sea_surface_height_above_reference_ellipsoid,Sea surface height,total_water_level,included,IOC sea-level data downloaded from https://www.ioc-sealevelmonitoring.org/,m,ioc,timeSeries,timeseries_id,None,SXXX03,National Ocean Service-NOAA ( USA ),2012-12-05 18:19:24,9240,10080.0,92,39888,43200.0,92,95,1',6',6',3363B20A,-1.78,07:32,6',6',POINT (-149.888 61.238),[],transformed,2026-09-07T17:48:29.626687,NE Pacific,Pacific NE
mani,prs,120.9716,14.5822,Philippines,Manila,2905675,0 days 00:01:00,0.9962979342149415,0.7500323144768857,0.9429999999999991,1.09,1.26,1.784,2.0545112855032093,2.037999999999999,2.319999999999999,2.899999999999999,3.097999999999999,3.355,2.412000000000001,0.37977934507161987,0.12519015957269178,-0.45336143412912566,https://github.com/oceanmodeling/ioc_cleanup,0.1.0,sea_surface_height_above_reference_ellipsoid,Sea surface height,total_water_level,included,IOC sea-level data downloaded from https://www.ioc-sealevelmonitoring.org/,m,ioc,timeSeries,timeseries_id,73,SZXX01,National Mapping and Resource Information Authority ( Philippines ) +University of Hawaii Sea Level Center ( USA ),2007-12-04 19:53:00,8450,10080.0,84,36655,43200.0,85,82,1',5',5',301434060194630,9.03,07:30,8',5',POINT (120.9716 14.5822),[],transformed,2026-09-07T17:48:29.407526,South China Sea,Pacific NW
pape2,rad,-149.573165,-17.53237,Polynésie Française,"Papeete (Tahiti, Fare Ute, Shom)",2122801,0 days 00:01:00,0.9140418720360505,0.6711368359691808,0.318,0.36899999999999905,0.401,0.512,0.5714716440949189,0.5699999999999991,0.628,0.764,0.8129999999999991,0.9909999999999991,0.6729999999999992,0.08168350251984345,0.13572467142083727,-0.3331146077848617,https://github.com/oceanmodeling/ioc_cleanup,0.1.0,sea_surface_height_above_reference_ellipsoid,Sea surface height,total_water_level,included,IOC sea-level data downloaded from https://www.ioc-sealevelmonitoring.org/,m,ioc,timeSeries,timeseries_id,None,SEHI40,Service hydrographique et océanographique de la marine ( France ),2013-11-28 20:15:49,10065,10080.0,100,41189,43200.0,95,100,1',3',15',FAA031C8,0.01,07:23,15',15',POINT (-149.573165 -17.53237),[],transformed,2026-09-07T17:48:29.726631,SE Pacific,Pacific SE
ntue2,prs,-73.408106,-38.749925,Chile,Nehuentue CL,3084930,0 days 00:01:00,0.9384657026253432,0.9634586628142742,0.756,0.9439999999999991,1.076,1.520999999999999,1.7885350316230304,1.754,2.011,2.98,3.5300000000000002,3.865,3.109,0.37988471385797046,0.8087360676197523,1.538953300292417,https://github.com/oceanmodeling/ioc_cleanup,0.1.0,sea_surface_height_above_reference_ellipsoid,Sea surface height,total_water_level,included,IOC sea-level data downloaded from https://www.ioc-sealevelmonitoring.org/,m,ioc,timeSeries,timeseries_id,None,web,Servicio Hidrográfico y Oceanográfico de la Armada ( Chile ),2017-06-23 20:46:43,8963,10080.0,89,39210,43200.0,91,100,1',4',5',nan,2.39,07:30,7',5',POINT (-73.408106 -38.749925),"['2025-06-23T13:00:00', '2025-07-15T08:58:00', '2025-07-22T13:50:00', '2025-08-03T22:00:00', '2025-10-03T14:00:00']",transformed,2026-09-07T17:48:29.229259,SE Pacific,Pacific SE
sanf3,rad,-80.108548,-26.292215,Chile,San Felix CL,2554237,0 days 00:01:00,0.9824338931743609,0.80908100162206,4.131,4.503,4.634999999999999,5.088,5.275821752508371,5.259,5.46,5.9,6.022999999999999,6.554999999999999,2.4239999999999986,0.2767813060203706,0.09047772074125239,-0.19840524404148763,https://github.com/oceanmodeling/ioc_cleanup,0.1.0,sea_surface_height_above_reference_ellipsoid,Sea surface height,total_water_level,included,IOC sea-level data downloaded from https://www.ioc-sealevelmonitoring.org/,m,ioc,timeSeries,timeseries_id,None,web,Servicio Hidrográfico y Oceanográfico de la Armada ( Chile ),2015-07-08 16:24:41,10064,10080.0,100,41632,43200.0,96,99,1',3',5',nan,5.11,07:32,5',5',POINT (-80.108548 -26.292215),['2025-03-05T16:00:00'],transformed,2026-09-07T17:48:29.794367,SE Pacific,Pacific SE
wlms,wls,-89.3258,30.3264,USA,"Bay Waveland Yacht Club, MS",2282443,0 days 00:01:00,0.9964183114320927,0.722969573702352,-0.8289999999999991,-0.39,-0.189,0.253,0.43007846316386317,0.435,0.6119999999999991,1.012999999999999,1.4020000000000001,3.051,3.879999999999999,0.2629040009137741,0.039538223308949905,0.8641909165928956,https://github.com/oceanmodeling/ioc_cleanup,0.1.0,sea_surface_height_above_reference_ellipsoid,Sea surface height,total_water_level,included,IOC sea-level data downloaded from https://www.ioc-sealevelmonitoring.org/,m,ioc,timeSeries,timeseries_id,None,web,National Ocean Service-NOAA ( USA ),2009-02-06 00:00:00,10034,10080.0,100,41721,43200.0,97,100,1',2',6',33456542,0.19,07:33,5',6',POINT (-89.3258 30.3264),[],transformed,2026-09-07T17:48:30.154178,Gulf of Mexico,Atlantic NW
pmon2,prs,-72.960858,-41.484931,Chile,Puerto Montt (Chile),3033546,0 days 00:01:00,0.9761955150836678,0.9602497085360908,0.9399999999999991,1.272,1.6960000000000002,3.487,4.663369375676549,4.665,5.846,7.628999999999999,8.043,8.483,7.543000000000001,1.486161789299935,-0.004783162562445482,-0.8771067295892578,https://github.com/oceanmodeling/ioc_cleanup,0.1.0,sea_surface_height_above_reference_ellipsoid,Sea surface height,total_water_level,included,IOC sea-level data downloaded from https://www.ioc-sealevelmonitoring.org/,m,ioc,timeSeries,timeseries_id,178,web,Servicio Hidrográfico y Oceanográfico de la Armada ( Chile ) +Servicio Hidrográfico y Oceanográfico de la Armada ( Chile ),2013-03-18 17:40:25,10080,10080.0,100,41743,43200.0,97,100,1',4',5',nan,9.14,07:29,8',5',POINT (-72.960858 -41.484931),[],transformed,2026-09-07T17:48:29.785327,SE Pacific,Pacific SE
sado,rad,138.52,38.32,Japan,Sado,3122008,0 days 00:01:00,0.9992005145406417,0.988989000405515,1.4752,1.6520000000000001,1.7343000000000002,1.962899999999999,2.067564264457716,2.0665,2.170199999999999,2.3957,2.4933,2.669999999999999,1.194799999999999,0.1479696001582932,0.0041670947483701485,-0.2844139555281875,https://github.com/oceanmodeling/ioc_cleanup,0.1.0,sea_surface_height_above_reference_ellipsoid,Sea surface height,total_water_level,included,IOC sea-level data downloaded from https://www.ioc-sealevelmonitoring.org/,m,ioc,timeSeries,timeseries_id,None,SWJP40,Japan Meteorological Agency ( Japan ),2012-03-21 10:14:35,10040,10080.0,100,41660,43200.0,96,100,1',8',10',SADO,2.31,07:29,9',10',POINT (138.52 38.32),[],transformed,2026-09-07T17:48:29.775827,Japan Sea,Pacific NW
mera,rad,139.83,34.92,Japan,Mera,3131150,0 days 00:01:00,0.99962090605688,0.9916828239051095,0.7711,1.002799999999999,1.1826,1.831799999999999,2.095612524267409,2.1549,2.3866,2.761499999999999,2.880399999999999,3.1486,2.3775,0.3802937681295505,-0.4694514116485441,-0.4505422376893575,https://github.com/oceanmodeling/ioc_cleanup,0.1.0,sea_surface_height_above_reference_ellipsoid,Sea surface height,total_water_level,included,IOC sea-level data downloaded from https://www.ioc-sealevelmonitoring.org/,m,ioc,timeSeries,timeseries_id,86,SWJP40,Japan Meteorological Agency ( Japan ),2012-03-21 10:04:33,10040,10080.0,100,41660,43200.0,96,100,1',8',10',MERA,1.57,07:29,9',10',POINT (139.83 34.92),[],transformed,2026-09-07T17:48:30.279595,NW Pacific,Pacific NW
oxel,rad,17.124722,58.661667,Sweden,Oxelosund Vinterklasen,2186473,0 days 00:01:00,0.99739443386678,0.6926801373682077,-0.30499999999999905,-0.261,-0.197,0.031,0.13880034947363973,0.1477,0.23699999999999902,0.5242,0.643,0.8409999999999991,1.1459999999999981,0.1574487849579711,0.0981672127027026,-0.00179040703701272,https://github.com/oceanmodeling/ioc_cleanup,0.1.0,sea_surface_height_above_reference_ellipsoid,Sea surface height,total_water_level,included,IOC sea-level data downloaded from https://www.ioc-sealevelmonitoring.org/,m,ioc,timeSeries,timeseries_id,None,web,Swedish Meteorological and Hydrological Institute ( Sweden ) +Swedish Maritime Administration ( Sweden ),2021-10-18 15:06:25,10079,10080.0,100,41755,43200.0,97,100,1',34',1h,nan,-0.05,06:48,50',1h,POINT (17.124722 58.661667),[],transformed,2026-09-07T17:48:30.825333,Baltic Sea,Atlantic NE
espe,aqu,121.8954,-33.8709,Australia,Esperance AU,3047851,0 days 00:01:00,0.99609528156068,0.965504929541768,0.0,0.041,0.183,0.628,0.8288069849786566,0.8189999999999991,1.020999999999999,1.5190000000000001,1.722,2.048999999999999,2.048999999999999,0.2880190935201758,0.1508905906586335,-0.10751260800482365,https://github.com/oceanmodeling/ioc_cleanup,0.1.0,sea_surface_height_above_reference_ellipsoid,Sea surface height,total_water_level,included,IOC sea-level data downloaded from https://www.ioc-sealevelmonitoring.org/,m,ioc,timeSeries,timeseries_id,54,SZAU01,National Tidal Centre/Australian Bureau of Meteorology ( Australia ),2007-12-05 22:50:00,10077,10080.0,100,41730,43200.0,97,100,1',3',3',62080,1.23,07:35,3',3',POINT (121.8954 -33.8709),[],transformed,2026-09-07T17:48:30.566764,West Australia,Indian
pcha2,rad,-72.820045,-45.467076,Chile,Puerto Chacabuco CL,3079525,0 days 00:01:00,0.9419017543289956,0.9754739456609894,4.476,4.666,4.881,5.687999999999999,6.204072937749913,6.200999999999999,6.71,7.5969999999999995,7.916999999999999,8.475,3.9989999999999997,0.6552569758688395,0.05418045582105678,-0.7329612733512434,https://github.com/oceanmodeling/ioc_cleanup,0.1.0,sea_surface_height_above_reference_ellipsoid,Sea surface height,total_water_level,included,IOC sea-level data downloaded from https://www.ioc-sealevelmonitoring.org/,m,ioc,timeSeries,timeseries_id,None,web,Servicio Hidrográfico y Oceanográfico de la Armada ( Chile ) +Servicio Hidrográfico y Oceanográfico de la Armada ( Chile ),2013-03-18 17:40:25,9792,10080.0,97,39724,43200.0,92,99,1',3',10',nan,7.28,07:22,15',10',POINT (-72.820045 -45.467076),[],transformed,2026-09-07T17:48:30.580831,SE Pacific,Pacific SE
IT45,rad,15.501566666667,42.118880555556,Italy,Isole Tremiti,2838073,0 days 00:01:00,0.9970804133649839,0.8990736516626116,-0.651,-0.554,-0.43099999999999905,-0.169,-0.06974853166487413,-0.07599999999999901,0.027,0.30599999999999905,0.467,0.684,1.335,0.15221431592560672,0.1261239071356267,0.40375724663035584,https://github.com/oceanmodeling/ioc_cleanup,0.1.0,sea_surface_height_above_reference_ellipsoid,Sea surface height,total_water_level,included,IOC sea-level data downloaded from https://www.ioc-sealevelmonitoring.org/,m,ioc,timeSeries,timeseries_id,None,web,Istituto Superiore per la Protezione e la Ricerca Ambientale ( Italy ),2013-12-17 14:35:57,nan,10080.0,0,2,43200.0,0,0,1',nan,5',nan,-999.0,2026-05-10 15:21,11d,5',POINT (15.501566666667 42.118880555556),[],transformed,2026-09-07T17:48:30.772914,Adriatic Sea,Mediterranean
chst,prs,171.4338,-41.9032,New Zealand,Charleston,3073691,0 days 00:01:00,0.9990203959994678,0.9619227747364153,0.07099999999999901,0.62,0.901,1.7890000000000001,2.4861675851120935,2.500999999999999,3.152,4.274,4.836,5.581999999999999,5.511,0.8260999564831545,0.0633697552736457,-0.8171214708181824,https://github.com/oceanmodeling/ioc_cleanup,0.1.0,sea_surface_height_above_reference_ellipsoid,Sea surface height,total_water_level,included,IOC sea-level data downloaded from https://www.ioc-sealevelmonitoring.org/,m,ioc,timeSeries,timeseries_id,None,SZNZ01,Land Information New Zealand ( New Zealand ),2019-04-01 14:14:28,8912,10080.0,88,41728,43200.0,97,100,1',5',3',CHST,1.64,07:32,6',3',POINT (171.4338 -41.9032),['2021-06-17T00:00:00'],transformed,2026-09-07T17:48:30.924660,SW Pacific,Pacific SW
chrp,pwl,-122.758,48.863,USA,Cherry Point WA,3115981,0 days 00:01:00,0.9992320235585519,0.9865163093065693,-1.224,-0.9859999999999991,-0.624,0.9389999999999991,1.5794470100217763,1.782,2.302999999999999,3.051,3.326,3.822,5.046,0.9210988758615107,-0.5976207859867331,-0.5114940977991322,https://github.com/oceanmodeling/ioc_cleanup,0.1.0,sea_surface_height_above_reference_ellipsoid,Sea surface height,total_water_level,included,IOC sea-level data downloaded from https://www.ioc-sealevelmonitoring.org/,m,ioc,timeSeries,timeseries_id,None,web,National Ocean Service-NOAA ( USA ),2006-06-07 04:30:00,10080,10080.0,100,41753,43200.0,97,100,1',3',6',336BB6AC,2.69,07:33,5',6',POINT (-122.758 48.863),[],transformed,2026-09-07T17:48:30.722565,NE Pacific,Pacific NE
anta,rad,30.612609863281,36.835536956787,Turkey,Antalya,5990860,0 days 00:00:30,0.9999354015950965,0.9484546076642336,0.7029999999999991,0.787,0.911,1.161,1.2479311592242308,1.254999999999999,1.343999999999999,1.524999999999999,1.629999999999999,1.758999999999999,1.056,0.13398561214203572,-0.28861408665409205,0.041296039306739196,https://github.com/oceanmodeling/ioc_cleanup,0.1.0,sea_surface_height_above_reference_ellipsoid,Sea surface height,total_water_level,included,IOC sea-level data downloaded from https://www.ioc-sealevelmonitoring.org/,m,ioc,timeSeries,timeseries_id,None,web,General Directorate of Mapping ( Turkey ) +Kandilli Observatory and Earthquake Research Institute ( Turkey ),2019-11-27 22:19:05,8640,20160.0,43,78718,86400.0,91,0,0.5',nan,2',nan,1.37,2026-05-17 19:30,4d,2',POINT (30.612609863281 36.835536956787),[],transformed,2026-09-07T17:48:30.368088,Mediterranean Sea,Mediterranean
sagu,rad,-0.20624,39.63392,Spain,Sagunto,2933497,0 days 00:01:00,0.9922495233504585,0.9293260213909165,-0.436,-0.35899999999999904,-0.257,-0.059999999999999006,0.009450706842130882,0.016,0.082,0.24399999999999902,0.335,0.5949999999999991,1.030999999999999,0.10655383343791489,-0.22107777796659742,0.18988467630676187,https://github.com/oceanmodeling/ioc_cleanup,0.1.0,sea_surface_height_above_reference_ellipsoid,Sea surface height,total_water_level,included,IOC sea-level data downloaded from https://www.ioc-sealevelmonitoring.org/,m,ioc,timeSeries,timeseries_id,None,ftp,Puertos del Estado ( Spain ),2008-03-25 14:04:00,10077,10080.0,100,41748,43200.0,97,100,1',5',4',nan,-0.1,07:34,4',4',POINT (-0.20624 39.63392),[],transformed,2026-09-07T17:48:30.865986,Mediterranean Sea,Mediterranean
dnzf,prt,-175.0125,-29.6826,New Zealand,DART Tonga,81050,0 days 00:15:00,0.7780135718692165,0.30059116484184917,5058.246,5058.293,5058.425,5059.342,5060.116596926677,5060.337,5060.85,5061.319,5061.463494,5061.564,3.318000000000211,0.8623556691596802,-0.5278229088365815,-1.0392187870928005,https://github.com/oceanmodeling/ioc_cleanup,0.1.0,sea_surface_height_above_reference_ellipsoid,Sea surface height,total_water_level,included,IOC sea-level data downloaded from https://www.ioc-sealevelmonitoring.org/,m,ioc,timeSeries,timeseries_id,None,web,EarthSciences NZ - GeoNet programme ( New Zealand ),2023-04-03 15:25:12,nan,672.0,0,nan,nan,0,0,15',nan,6h,nan,5064.23,2025-10-04 12:00,229d,6h,POINT (-175.0125 -29.6826),[],transformed,2026-09-07T17:48:32.120774,SE Pacific,Pacific SE
aren,pwl,-123.705,38.913,USA,Arena Cove CA,2990392,0 days 00:01:00,0.9989238869017841,0.9472364786090836,-0.76,-0.51,-0.274,0.626,1.0042546020261989,1.066999999999999,1.401,2.081999999999999,2.2800000000000002,3.153,3.9130000000000003,0.5545475327596977,-0.320875774484752,-0.44843911835309846,https://github.com/oceanmodeling/ioc_cleanup,0.1.0,sea_surface_height_above_reference_ellipsoid,Sea surface height,total_water_level,included,IOC sea-level data downloaded from https://www.ioc-sealevelmonitoring.org/,m,ioc,timeSeries,timeseries_id,None,web,National Ocean Service-NOAA ( USA ),2008-06-21 00:00:00,10074,10080.0,100,41714,43200.0,97,100,1',10',6',3368115A,1.68,07:26,12',6',POINT (-123.705 38.913),[],transformed,2026-09-07T17:48:31.312399,NE Pacific,Pacific NE
sthl2,ra2,-5.714394,-15.917918,Saint-Helena,Saint Helena UK Ruperts Bay,2812493,0 days 00:01:00,0.998205151088376,0.5088313564476885,0.0112,0.0115,0.011599999999999002,2.210999999999999,2.3420672029915646,2.419999999999999,2.637,2.952,3.081,3.742,3.7308,0.5418964070266267,-3.1399911797764157,11.182367380925472,https://github.com/oceanmodeling/ioc_cleanup,0.1.0,sea_surface_height_above_reference_ellipsoid,Sea surface height,total_water_level,included,IOC sea-level data downloaded from https://www.ioc-sealevelmonitoring.org/,m,ioc,timeSeries,timeseries_id,264,SXXX32,National Oceanography Centre ( UK ),2017-03-21 09:18:10,9315,10080.0,92,39658,43200.0,92,98,1',6',15',18BC4718,2.8,07:19,19',15',POINT (-5.714394 -15.917918),[],transformed,2026-09-07T17:48:31.087172,SE Atlantic,Atlantic South
paak,pwl,-134.6467,56.2467,USA,Port Alexander AK,1506563,0 days 00:01:00,0.991935285812807,0.4772876748783455,-7.953999999999999,-7.6899999999999995,-7.315999999999999,-6.128,-5.314065004855467,-5.363999999999999,-4.549,-3.036999999999999,-2.684,-2.435999999999999,5.518,1.0347228233118946,0.18102324106654946,-0.6943896174054478,https://github.com/oceanmodeling/ioc_cleanup,0.1.0,sea_surface_height_above_reference_ellipsoid,Sea surface height,total_water_level,included,IOC sea-level data downloaded from https://www.ioc-sealevelmonitoring.org/,m,ioc,timeSeries,timeseries_id,None,SXXX03,National Ocean Service-NOAA ( USA ),2006-06-07 04:30:00,nan,10080.0,0,nan,nan,0,0,1',nan,6',3360C394,-4.83,2025-06-03 18:35,352d,6',POINT (-134.6467 56.2467),[],transformed,2026-09-07T17:48:31.768381,NE Pacific,Pacific NE
stari,rad,16.576,43.181,Croatia,Stari Grad,3120863,0 days 00:01:00,0.9993075633246317,0.9875963098134631,-0.6714,-0.5474,-0.4274,-0.1744,-0.07216947597429582,-0.07939999999999901,0.0246,0.31759999999999905,0.4636,0.7156,1.387,0.15294332716589043,0.19646876302391594,0.3640962140630841,https://github.com/oceanmodeling/ioc_cleanup,0.1.0,sea_surface_height_above_reference_ellipsoid,Sea surface height,total_water_level,included,IOC sea-level data downloaded from https://www.ioc-sealevelmonitoring.org/,m,ioc,timeSeries,timeseries_id,None,web,Institute of Oceanography and Fisheries ( Croatia ),2018-10-03 22:44:55,10080,10080.0,100,41760,43200.0,97,100,1',3',10',nan,-0.18,07:30,8',10',POINT (16.576 43.181),[],transformed,2026-09-07T17:48:30.758385,Adriatic Sea,Mediterranean
mony,wls,-71.96,41.0483,USA,"Montauk, NY",2269322,0 days 00:01:00,0.9991120695961172,0.7165925334549879,-0.531,-0.258,-0.062,0.35199999999999904,0.5397416944087073,0.539,0.7269999999999991,1.1360000000000001,1.392091000000014,1.877,2.408,0.26497671040839865,0.019300124707450378,-0.1220313834906066,https://github.com/oceanmodeling/ioc_cleanup,0.1.0,sea_surface_height_above_reference_ellipsoid,Sea surface height,total_water_level,included,IOC sea-level data downloaded from https://www.ioc-sealevelmonitoring.org/,m,ioc,timeSeries,timeseries_id,None,web,National Ocean Service-NOAA ( USA ),2009-02-06 00:00:00,10080,10080.0,100,41760,43200.0,97,100,1',3',6',33401412,0.62,07:33,5',6',POINT (-71.96 41.0483),[],transformed,2026-09-07T17:48:31.382479,NW Atlantic,Atlantic NW
corr,rad,-73.42748,-39.886595,Chile,Corral CL,2772511,0 days 00:01:00,0.9809688762280835,0.8676212109691809,3.573,4.168999999999999,4.301,4.75,5.047939108583162,5.024,5.323,5.974,6.192999999999999,6.493,2.9200000000000004,0.388739244216993,0.26993951403974525,-0.45034380882079095,https://github.com/oceanmodeling/ioc_cleanup,0.1.0,sea_surface_height_above_reference_ellipsoid,Sea surface height,total_water_level,included,IOC sea-level data downloaded from https://www.ioc-sealevelmonitoring.org/,m,ioc,timeSeries,timeseries_id,None,SXCH40,Servicio Hidrográfico y Oceanográfico de la Armada ( Chile ) +Servicio Hidrográfico y Oceanográfico de la Armada ( Chile ),2008-06-16 07:42:00,8675,10080.0,86,38650,43200.0,89,89,1',5',5',14066424,5.31,07:29,9',5',POINT (-73.42748 -39.886595),[],transformed,2026-09-07T17:48:31.436747,SE Pacific,Pacific SE
plym,bub,-4.19,50.37,UK,Plymouth,207208,0 days 00:15:00,0.9981998764526466,0.984603102189781,0.234,0.49399999999999905,0.8860000000000001,2.440999999999999,3.524001718213058,3.68,4.6129999999999995,5.7379999999999995,6.061236000000034,6.3870000000000005,6.1530000000000005,1.2921547330453742,-0.23181984909981057,-1.031435989010532,https://github.com/oceanmodeling/ioc_cleanup,0.1.0,sea_surface_height_above_reference_ellipsoid,Sea surface height,total_water_level,included,IOC sea-level data downloaded from https://www.ioc-sealevelmonitoring.org/,m,ioc,timeSeries,timeseries_id,None,ftp,National Oceanography Centre ( UK ),2012-09-04 21:04:30,672,672.0,100,2779,2880.0,96,100,15',39',15',nan,4.44,07:00,38',15',POINT (-4.19 50.37),[],transformed,2026-09-07T17:48:32.287979,English Channel,Atlantic NE
apla,wls,-91.3381,29.4496,USA,"Lawma, Amerada Pass, LA",2528090,0 days 00:01:00,0.9985439600647129,0.7972241230738037,-0.266,-0.17999999999999902,-0.047,0.312,0.45937905208267904,0.47399999999999903,0.6149999999999991,0.9499999999999991,1.145,2.246,2.512,0.2211820015133345,-0.1086236331089696,0.10542365322358771,https://github.com/oceanmodeling/ioc_cleanup,0.1.0,sea_surface_height_above_reference_ellipsoid,Sea surface height,total_water_level,included,IOC sea-level data downloaded from https://www.ioc-sealevelmonitoring.org/,m,ioc,timeSeries,timeseries_id,None,web,National Ocean Service-NOAA ( USA ),2009-02-06 00:00:00,nan,10080.0,0,nan,nan,0,0,1',nan,6',334773C0,0.27,2026-01-04 05:45,137d,6',POINT (-91.3381 29.4496),[],transformed,2026-09-07T17:48:31.670217,Gulf of Mexico,Atlantic NW
sain,rad,-2.2,47.26,France,Saint-Nazaire,3041706,0 days 00:01:00,0.9968603145734664,0.9635299447485807,0.1076,0.3935,0.8334,2.569799999999999,3.684980831850719,3.871799999999999,4.772899999999999,6.1006379999999885,6.4775,7.110299999999999,7.002699999999999,1.3489213998237668,-0.23973122492684462,-0.9280903277918866,https://github.com/oceanmodeling/ioc_cleanup,0.1.0,sea_surface_height_above_reference_ellipsoid,Sea surface height,total_water_level,included,IOC sea-level data downloaded from https://www.ioc-sealevelmonitoring.org/,m,ioc,timeSeries,timeseries_id,None,ftp,Service hydrographique et océanographique de la marine ( France ) +Service hydrographique et océanographique de la marine ( France ),2010-03-31 23:39:14,9712,10080.0,96,40701,43200.0,94,98,1',3',5',nan,4.98,07:34,4',5',POINT (-2.2 47.26),[],transformed,2026-09-07T17:48:31.442853,Bay of Biscay,Atlantic NE
psla,wls,-89.4067,28.9317,USA,"Pilots Station East, SW Pass, LA",516596,0 days 00:06:00,0.9993612029516296,0.9806303223844283,-0.136,-0.029999999999999003,0.065,0.35599999999999904,0.48912009924596295,0.48699999999999904,0.621,0.922,1.08,1.576,1.7120000000000002,0.19126954021375045,0.07047615901183908,-0.14650909090368724,https://github.com/oceanmodeling/ioc_cleanup,0.1.0,sea_surface_height_above_reference_ellipsoid,Sea surface height,total_water_level,included,IOC sea-level data downloaded from https://www.ioc-sealevelmonitoring.org/,m,ioc,timeSeries,timeseries_id,None,web,National Ocean Service-NOAA ( USA ),2009-02-06 00:00:00,1680,1680.0,100,6960,7200.0,97,100,6',11',6',nan,0.34,07:24,14',6',POINT (-89.4067 28.9317),[],transformed,2026-09-07T17:48:32.432620,Gulf of Mexico,Atlantic NW
faja,pwl,-65.6311,18.3336,Puerto Rico,Fajardo PR,1616713,0 days 00:01:00,0.9741679568358762,0.5120805454176804,-3.399999999999999,-3.320629,-3.242999999999999,-2.966,-2.831068818316575,-2.826,-2.698999999999999,-2.434,-2.359999999999999,-2.241,1.158999999999999,0.18686473023928968,-0.05929720252179941,-0.48565202284089093,https://github.com/oceanmodeling/ioc_cleanup,0.1.0,sea_surface_height_above_reference_ellipsoid,Sea surface height,total_water_level,included,IOC sea-level data downloaded from https://www.ioc-sealevelmonitoring.org/,m,ioc,timeSeries,timeseries_id,None,SXXX03,Puerto Rico Seismic Network ( USA ) +National Ocean Service-NOAA ( USA ) +International Tsunami Information Center Caribbean Office ( USA ) +Universidad de Puerto Rico ( Puerto Rico ),2010-03-03 14:54:00,8970,10080.0,89,39516,43200.0,91,87,1',5',6',3366C35A,-2.84,07:32,6',6',POINT (-65.6311 18.3336),[],transformed,2026-09-07T17:48:32.226467,Caribbean Sea,Caribbean
viti,aqu,178.4236,-18.1342,Fiji Islands,Suva Viti Levu FJ,3110312,0 days 00:01:00,0.998033637782962,0.985179693836172,0.28199999999999903,0.387,0.511,0.9539999999999991,1.3077847641251565,1.314,1.661999999999999,2.085,2.202999999999999,2.504,2.222000000000001,0.4121378902649078,-0.03198053144984448,-1.0748467193172977,https://github.com/oceanmodeling/ioc_cleanup,0.1.0,sea_surface_height_above_reference_ellipsoid,Sea surface height,total_water_level,included,IOC sea-level data downloaded from https://www.ioc-sealevelmonitoring.org/,m,ioc,timeSeries,timeseries_id,122,SZPS01,+National Tidal Centre/Australian Bureau of Meteorology ( Australia ),2008-01-22 00:20:00,10077,10080.0,100,41736,43200.0,97,100,1',3',3',67050,1.17,07:35,3',3',POINT (178.4236 -18.1342),[],transformed,2026-09-07T17:48:31.967856,SW Pacific,Pacific SW
spik,rad,17.531111,62.363333,Sweden,Spikarna,2203211,0 days 00:01:00,0.9990758942289232,0.6979961856244931,-0.669,-0.49099999999999905,-0.34999999999999903,-0.065,0.0695633042863347,0.08,0.185,0.538,0.663,0.789,1.4580000000000002,0.1900696658501552,0.08586195096753993,0.0745151681447962,https://github.com/oceanmodeling/ioc_cleanup,0.1.0,sea_surface_height_above_reference_ellipsoid,Sea surface height,total_water_level,included,IOC sea-level data downloaded from https://www.ioc-sealevelmonitoring.org/,m,ioc,timeSeries,timeseries_id,None,web,Swedish Meteorological and Hydrological Institute ( Sweden ) +Swedish Maritime Administration ( Sweden ),2021-10-18 14:49:54,10080,10080.0,100,41759,43200.0,97,100,1',30',1h,nan,-0.12,06:58,40',1h,POINT (17.531111 62.363333),[],transformed,2026-09-07T17:48:32.640570,Baltic Sea,Atlantic NE
arko,rad,16.960556,58.484167,Sweden,Arko,2191937,0 days 00:01:00,0.9979091552357572,0.6943931214517437,-0.30099999999999905,-0.264,-0.20499999999999902,0.031899999999999006,0.13560743307671444,0.14099999999999902,0.233,0.526,0.657,0.8409999999999991,1.1419999999999981,0.15923253073903207,0.11532715906551175,0.0759292915399441,https://github.com/oceanmodeling/ioc_cleanup,0.1.0,sea_surface_height_above_reference_ellipsoid,Sea surface height,total_water_level,included,IOC sea-level data downloaded from https://www.ioc-sealevelmonitoring.org/,m,ioc,timeSeries,timeseries_id,None,web,Swedish Meteorological and Hydrological Institute ( Sweden ) +Swedish Maritime Administration ( Sweden ),2021-10-18 15:08:47,9747,10080.0,97,41471,43200.0,96,100,1',23',1h,nan,-0.06,06:48,50',1h,POINT (16.960556 58.484167),[],transformed,2026-09-07T17:48:32.602864,Baltic Sea,Atlantic NE
GI20,prs,15.193272,38.784029,Italy,Ginostra (Isola di Stromboli),2774864,0 days 00:01:00,0.996650646662323,0.8670100871857259,-1.304,-0.909,-0.792,-0.44,-0.32683790002557794,-0.33,-0.218,0.20699999999999902,0.54,2.607,3.9110000000000005,0.1886723714140106,0.3670743943765229,2.109917220091565,https://github.com/oceanmodeling/ioc_cleanup,0.1.0,sea_surface_height_above_reference_ellipsoid,Sea surface height,total_water_level,included,IOC sea-level data downloaded from https://www.ioc-sealevelmonitoring.org/,m,ioc,timeSeries,timeseries_id,None,web,Istituto Superiore per la Protezione e la Ricerca Ambientale ( Italy ),2010-11-16 15:37:34,9891,10080.0,98,36149,43200.0,84,99,1',1',5',nan,-0.51,07:35,3',5',POINT (15.193272 38.784029),[],transformed,2026-09-07T17:48:32.541438,Mediterranean Sea,Mediterranean
live,bub,-3.02,53.45,UK,Liverpool,207135,0 days 00:15:00,0.9982426919641779,0.9818516195255474,0.14299999999999902,0.642,1.217,3.438,5.411400652427485,5.371,7.424999999999999,9.584,10.143,10.717,10.574000000000002,2.2874656032955714,0.011268674911009111,-1.160770328084268,https://github.com/oceanmodeling/ioc_cleanup,0.1.0,sea_surface_height_above_reference_ellipsoid,Sea surface height,total_water_level,included,IOC sea-level data downloaded from https://www.ioc-sealevelmonitoring.org/,m,ioc,timeSeries,timeseries_id,None,ftp,National Oceanography Centre ( UK ),2012-09-04 21:04:29,672,672.0,100,2782,2880.0,97,100,15',32',15',nan,2.94,07:00,38',15',POINT (-3.02 53.45),[],transformed,2026-09-07T17:48:33.460267,Irish Sea,Atlantic NE
datu,prt,171.8972,50.1533,USA,DART South of Attu,185960,0 days 00:15:00,0.9734351473435148,0.8627300030413625,4719.212,4719.412545,4719.63,4720.76,4759.097979938969,4769.383,4769.803,4805.388,4805.548,4805.629,86.41699999999946,26.65489401911798,-0.3217017582649888,-0.8143193366876309,https://github.com/oceanmodeling/ioc_cleanup,0.1.0,sea_surface_height_above_reference_ellipsoid,Sea surface height,total_water_level,included,IOC sea-level data downloaded from https://www.ioc-sealevelmonitoring.org/,m,ioc,timeSeries,timeseries_id,None,web,National Ocean Service-NOAA ( USA ),2023-02-28 15:55:28,144,672.0,21,1384,2880.0,48,53,15',36',6h,nan,4719.33,06:00,2h,6h,POINT (171.8972 50.1533),[],transformed,2026-09-07T17:48:33.458618,NW Pacific,Pacific NW
lame2,pwl,-64.7242,18.3182,USA,LameshurBayStJohnVI,2912086,0 days 00:01:00,0.9905171069810438,0.8709400978304948,-2.584,-2.515,-2.46,-2.298,-2.21482039027247,-2.217,-2.133999999999999,-1.952,-1.8900000000000001,-1.679,0.905,0.11537032129063611,0.08522517286852938,-0.39651498615983627,https://github.com/oceanmodeling/ioc_cleanup,0.1.0,sea_surface_height_above_reference_ellipsoid,Sea surface height,total_water_level,included,IOC sea-level data downloaded from https://www.ioc-sealevelmonitoring.org/,m,ioc,timeSeries,timeseries_id,None,SXXX03,National Ocean Service-NOAA ( USA ) +International Tsunami Information Center Caribbean Office ( USA ),2012-12-05 18:19:24,9024,10080.0,90,39426,43200.0,91,93,1',9',6',335D10EA,-2.05,07:27,11',6',POINT (-64.7242 18.3182),[],transformed,2026-09-07T17:48:32.582868,Caribbean Sea,Caribbean
OT15,rad,18.4969,40.1464,Italy,Otranto,3112370,0 days 00:01:00,0.9981216886167134,0.9859856549067315,-0.7359999999999991,-0.636,-0.519,-0.263,-0.18855626551131563,-0.186,-0.107,0.08599999999999901,0.17799999999999902,0.29099999999999904,1.0269999999999981,0.12271771693432933,-0.2697008696745694,0.5012432368200588,https://github.com/oceanmodeling/ioc_cleanup,0.1.0,sea_surface_height_above_reference_ellipsoid,Sea surface height,total_water_level,included,IOC sea-level data downloaded from https://www.ioc-sealevelmonitoring.org/,m,ioc,timeSeries,timeseries_id,None,web,Istituto Superiore per la Protezione e la Ricerca Ambientale ( Italy ),2008-09-27 07:30:00,30642,10080.0,304,137346,43200.0,318,390,1',nan,5',nan,-0.15,07:35,2',5',POINT (18.4969 40.1464),[],transformed,2026-09-07T17:48:32.439679,Adriatic Sea,Mediterranean
CI20,rad,11.789647222222222,42.09395833333333,Italy,Civitavecchia,3098289,0 days 00:01:00,0.9959819758582882,0.9812553857461476,-1.7850000000000001,-0.247,-0.221,-0.057,0.028132589118374487,0.025,0.111,0.324,0.436,0.7369999999999991,2.5219999999999994,0.1193609370520589,0.13639550294060418,1.027756673520348,https://github.com/oceanmodeling/ioc_cleanup,0.1.0,sea_surface_height_above_reference_ellipsoid,Sea surface height,total_water_level,included,IOC sea-level data downloaded from https://www.ioc-sealevelmonitoring.org/,m,ioc,timeSeries,timeseries_id,None,web,Istituto Superiore per la Protezione e la Ricerca Ambientale ( Italy ),2013-12-17 14:35:57,37022,10080.0,367,137528,43200.0,318,358,1',nan,5',nan,-0.14,07:36,1',5',POINT (11.789647222222222 42.09395833333333),[],transformed,2026-09-07T17:48:32.480448,Mediterranean Sea,Mediterranean
fort,enc,-38.4667,-3.716666667,Brasil,Fortaleza,2333823,0 days 00:01:00,0.9928807797335102,0.15015682025547444,0.272,0.435,0.764,2.7645,4.016293115343473,4.365,5.214999999999999,6.626,7.227999999999999,7.5440000000000005,7.272,1.550990002211435,-0.4839285540029339,-0.7830631606663254,https://github.com/oceanmodeling/ioc_cleanup,0.1.0,sea_surface_height_above_reference_ellipsoid,Sea surface height,total_water_level,included,IOC sea-level data downloaded from https://www.ioc-sealevelmonitoring.org/,m,ioc,timeSeries,timeseries_id,336,SEPO40,Instituto Brasileiro de Geografia e Estatística ( Brasil ) +University of Hawaii Sea Level Center ( USA ),2008-06-23 11:20:00,1977,2016.0,98,8340,8640.0,97,100,5',3',5',3542D134,1.79,07:35,3',5',POINT (-38.4667 -3.716666667),"['2022-01-01T00:00:00', '2023-02-28T13:00:00', '2023-05-18T12:35:00', '2023-06-28T16:50:00', '2024-08-30T19:25:00', '2024-09-05T11:45:00']",transformed,2026-09-07T17:48:33.283879,SW Atlantic,Atlantic South
dpnc,wls,-75.7466,36.1833,USA,Duck Pier NC,2997317,0 days 00:01:00,0.9991388965531507,0.949489621350365,-0.506,-0.272,-0.10299999999999901,0.375,0.6959301902373836,0.6929999999999991,1.002,1.587,1.874,2.511,3.0170000000000003,0.403458738694919,0.11107080748206069,-0.6283533384678606,https://github.com/oceanmodeling/ioc_cleanup,0.1.0,sea_surface_height_above_reference_ellipsoid,Sea surface height,total_water_level,included,IOC sea-level data downloaded from https://www.ioc-sealevelmonitoring.org/,m,ioc,timeSeries,timeseries_id,219,web,National Ocean Service-NOAA ( USA ),2008-06-06 00:00:00,10080,10080.0,100,41757,43200.0,97,100,1',3',5',335DD5F4,0.27,07:33,5',5',POINT (-75.7466 36.1833),[],transformed,2026-09-07T17:48:32.798554,NW Atlantic,Atlantic NW
kodi2,pwl,-152.512,57.7317,USA,"Kodiak Island, AK",2258665,0 days 00:01:00,0.990112300850281,0.5016325146999189,-8.179,-7.9399999999999995,-7.681,-6.5,-5.886564203580538,-5.855,-5.25,-4.224,-3.883999999999999,-3.4050000000000002,4.774,0.8327620599816256,-0.10207656047146714,-0.6718925878769255,https://github.com/oceanmodeling/ioc_cleanup,0.1.0,sea_surface_height_above_reference_ellipsoid,Sea surface height,total_water_level,included,IOC sea-level data downloaded from https://www.ioc-sealevelmonitoring.org/,m,ioc,timeSeries,timeseries_id,None,SXXX03,National Ocean Service-NOAA ( USA ),2012-12-05 18:19:24,nan,10080.0,0,nan,nan,0,0,1',nan,6',33A4E426,nan,2024-08-17 17:56,642d,6',POINT (-152.512 57.7317),[],transformed,2026-09-07T17:48:33.234165,NE Pacific,Pacific NE
ment,rad,26.716642379761,38.427688598633,Turkey,Mentes,4883318,0 days 00:00:30,0.9999434810512033,0.7728700958029197,1.064,1.204,1.323,1.609,1.6944636703341474,1.6960000000000002,1.7810000000000001,2.017999999999999,2.1,2.3890000000000002,1.3250000000000002,0.1386870221482254,-0.16580425013407912,0.5627408506402363,https://github.com/oceanmodeling/ioc_cleanup,0.1.0,sea_surface_height_above_reference_ellipsoid,Sea surface height,total_water_level,included,IOC sea-level data downloaded from https://www.ioc-sealevelmonitoring.org/,m,ioc,timeSeries,timeseries_id,None,web,General Directorate of Mapping ( Turkey ),2020-11-05 21:57:14,8640,20160.0,43,78793,86400.0,91,0,0.5',nan,2',nan,1.65,2026-05-17 19:27,4d,2',POINT (26.716642379761 38.427688598633),[],transformed,2026-09-07T17:48:32.366287,Aegean Sea,Mediterranean
Male2,prs,73.5251889,4.187455599999999,Maldive Islands,Maldive Islands,1040249,0 days 00:01:00,0.9870800164191458,0.08837724300486619,1.250999999999999,1.31,1.366,1.734999999999999,1.885272901946867,1.8980000000000001,2.044999999999999,2.351999999999999,2.412999999999999,2.480999999999999,1.23,0.2283977432614568,-0.1958898261868849,-0.4256864138973633,https://github.com/oceanmodeling/ioc_cleanup,0.1.0,sea_surface_height_above_reference_ellipsoid,Sea surface height,total_water_level,included,IOC sea-level data downloaded from https://www.ioc-sealevelmonitoring.org/,m,ioc,timeSeries,timeseries_id,None,SZXX01,Maldives Meteorological Department ( Maldives ) +University of Hawaii Sea Level Center ( USA ),2023-11-08 18:24:37,8355,10080.0,83,36535,43200.0,85,82,1',5',5',300434066941690,1.89,07:30,8',5',POINT (73.5251889 4.187455599999999),[],transformed,2026-09-07T17:48:33.834193,North Indian,Indian
furu,rad,21.230556,64.915833,Sweden,Furuogrund,2196464,0 days 00:01:00,0.9983691970366917,0.6958586780210868,-0.9889999999999991,-0.7734073999999991,-0.45479999999999904,-0.07299999999999901,0.07973424399398296,0.08759999999999901,0.2155,0.663,0.8708537000000012,1.093,2.081999999999999,0.232936315385114,0.05865793482746101,0.5524559648605245,https://github.com/oceanmodeling/ioc_cleanup,0.1.0,sea_surface_height_above_reference_ellipsoid,Sea surface height,total_water_level,included,IOC sea-level data downloaded from https://www.ioc-sealevelmonitoring.org/,m,ioc,timeSeries,timeseries_id,None,web,Swedish Meteorological and Hydrological Institute ( Sweden ) +Swedish Maritime Administration ( Sweden ),2021-10-18 14:47:47,10080,10080.0,100,41760,43200.0,97,100,1',34',1h,nan,-0.05,06:48,50',1h,POINT (21.230556 64.915833),[],transformed,2026-09-07T17:48:33.346939,NE Atlantic,Atlantic NE
elpo,ra2,-78.94918,9.55827,Panamá,El Porvenir,2907272,0 days 00:01:00,0.9908185405424742,0.3670446193227899,0.454,1.863999999999999,2.029999999999999,6.689,6.709977823504685,6.772999999999999,6.87,7.072,7.126,7.192999999999999,6.738999999999999,0.6102457247913958,-7.272022144557665,53.31855206132567,https://github.com/oceanmodeling/ioc_cleanup,0.1.0,sea_surface_height_above_reference_ellipsoid,Sea surface height,total_water_level,included,IOC sea-level data downloaded from https://www.ioc-sealevelmonitoring.org/,m,ioc,timeSeries,timeseries_id,None,SZXX01,Instituto de Geociencias- Universidad de Panamá ( Panama ) +University of Hawaii Sea Level Center ( USA ) +International Tsunami Information Center Caribbean Office ( USA ),2012-08-26 12:57:40,8425,10080.0,84,36345,43200.0,84,83,1',5',5',300434067057990,6.89,07:25,13',5',POINT (-78.94918 9.55827),"['2020-03-06T13:03:00', '2020-06-20T01:48:00', '2020-10-05T19:33:00']",transformed,2026-09-07T17:48:33.529569,Caribbean Sea,Caribbean
harw,bub,1.29,51.95,UK,Harwich,205636,0 days 00:15:00,0.9979332412612577,0.9764009276155717,-0.668,0.157,0.451,1.409999999999999,2.27330455647163,2.214999999999999,3.129999999999999,4.259999999999999,4.577535000000004,5.091999999999999,5.759999999999999,1.0187499148637722,0.12349800510880665,-1.042694557577937,https://github.com/oceanmodeling/ioc_cleanup,0.1.0,sea_surface_height_above_reference_ellipsoid,Sea surface height,total_water_level,included,IOC sea-level data downloaded from https://www.ioc-sealevelmonitoring.org/,m,ioc,timeSeries,timeseries_id,None,ftp,National Oceanography Centre ( UK ),2012-09-04 21:04:28,672,672.0,100,2780,2880.0,97,100,15',32',15',nan,1.22,07:00,38',15',POINT (1.29 51.95),[],transformed,2026-09-07T17:48:34.239934,North Sea,Atlantic NE
sile,rad,29.60394859314,41.179832458496,Turkey,Sile,5117634,0 days 00:00:30,0.9999511493006339,0.80858963148824,1.3940000000000001,1.7610000000000001,1.822,1.992999999999999,2.08337218944347,2.072,2.173,2.367999999999999,2.507,3.48,2.086,0.12652170828246928,0.27632653321231926,0.08431035205731785,https://github.com/oceanmodeling/ioc_cleanup,0.1.0,sea_surface_height_above_reference_ellipsoid,Sea surface height,total_water_level,included,IOC sea-level data downloaded from https://www.ioc-sealevelmonitoring.org/,m,ioc,timeSeries,timeseries_id,None,web,General Directorate of Mapping ( Turkey ),2020-11-05 22:05:38,8640,20160.0,43,76929,86400.0,89,0,0.5',nan,2',nan,2.09,2026-05-17 19:27,4d,2',POINT (29.60394859314 41.179832458496),['2020-12-17T06:51:00'],transformed,2026-09-07T17:48:32.222860,Black Sea,Mediterranean
sete,rad,3.69911,43.3976,France,Sète,2957592,0 days 00:01:00,0.997518927559988,0.9365365850567721,-0.0975,0.0674,0.1825,0.4178,0.4997877773827452,0.49719999999999903,0.5800999999999991,0.8319999999999991,0.9678999999999991,1.1703000000000001,1.2678,0.12897999320457887,0.10278132494369473,0.6774460399231024,https://github.com/oceanmodeling/ioc_cleanup,0.1.0,sea_surface_height_above_reference_ellipsoid,Sea surface height,total_water_level,included,IOC sea-level data downloaded from https://www.ioc-sealevelmonitoring.org/,m,ioc,timeSeries,timeseries_id,None,ftp,Service hydrographique et océanographique de la marine ( France ),2011-07-01 15:16:05,9707,10080.0,96,40556,43200.0,94,99,1',3',5',nan,0.37,07:34,4',5',POINT (3.69911 43.3976),[],transformed,2026-09-07T17:48:33.277629,Mediterranean Sea,Mediterranean
fpga,wls,-80.902,32.033,USA,Fort Pulaski GA,2868331,0 days 00:01:00,0.9984192898239429,0.9083485401459854,-0.9489999999999991,-0.374,-0.116,0.6929999999999991,1.3566121602241081,1.3980000000000001,2.019,2.732,2.956,3.185999999999999,4.134999999999998,0.7620610426812794,-0.10096742337873482,-1.109249153983397,https://github.com/oceanmodeling/ioc_cleanup,0.1.0,sea_surface_height_above_reference_ellipsoid,Sea surface height,total_water_level,included,IOC sea-level data downloaded from https://www.ioc-sealevelmonitoring.org/,m,ioc,timeSeries,timeseries_id,289,web,National Ocean Service-NOAA ( USA ),2008-06-06 00:00:00,10080,10080.0,100,41758,43200.0,97,100,1',3',6',335F151E,1.5,07:33,5',6',POINT (-80.902 32.033),[],transformed,2026-09-07T17:48:33.217235,NW Atlantic,Atlantic NW
syow,prs,39.570278,-69.007778,Antarctica,Syowa,414213,0 days 00:05:00,0.9957920200476567,0.6518336881589619,10.05,10.41,10.65,11.56,12.621430328068044,12.0,13.94,14.57,14.73,14.88,4.83,1.250465365622734,0.1709193809461089,-1.599601192667564,https://github.com/oceanmodeling/ioc_cleanup,0.1.0,sea_surface_height_above_reference_ellipsoid,Sea surface height,total_water_level,included,IOC sea-level data downloaded from https://www.ioc-sealevelmonitoring.org/,m,ioc,timeSeries,timeseries_id,95,web,Japan Coast Guard ( Japan),2008-08-03 21:00:00,1932,2016.0,96,8004,8640.0,93,96,5',20',1h,nan,14.16,06:55,43',1h,POINT (39.570278 -69.007778),['2024-01-25T00:57:00'],transformed,2026-09-07T17:48:34.339762,Antarctic Ocean,Antarctic
kwaj,wls,167.7383,8.7367,Marshall Islands,Kwajalein MH,2990620,0 days 00:01:00,0.9982498612327878,0.9471183090024331,-0.317,-0.219,-0.1,0.375,0.6760195594000452,0.664,0.9689999999999991,1.54,1.690999999999999,1.835999999999999,2.152999999999999,0.39928209210129634,0.11547975500518524,-0.6786037034640726,https://github.com/oceanmodeling/ioc_cleanup,0.1.0,sea_surface_height_above_reference_ellipsoid,Sea surface height,total_water_level,included,IOC sea-level data downloaded from https://www.ioc-sealevelmonitoring.org/,m,ioc,timeSeries,timeseries_id,111,web,National Ocean Service-NOAA ( USA ),2010-03-26 13:40:00,9928,10080.0,98,39586,43200.0,92,99,1',8',6',3362A386,0.92,07:26,12',6',POINT (167.7383 8.7367),[],transformed,2026-09-07T17:48:33.634839,NW Pacific,Pacific NW
ouis,rad,-0.24903000000000003,49.27936,France,Ouistreham,3096733,0 days 00:01:00,0.9974841227835917,0.9797499112935929,0.1759,0.6716999999999991,1.123599999999999,3.0045,4.7696648510409325,4.9713,6.5376,7.855699999999999,8.129743999999993,8.3796,8.2037,1.9515809760512073,-0.16932970061950126,-1.2868667648331211,https://github.com/oceanmodeling/ioc_cleanup,0.1.0,sea_surface_height_above_reference_ellipsoid,Sea surface height,total_water_level,included,IOC sea-level data downloaded from https://www.ioc-sealevelmonitoring.org/,m,ioc,timeSeries,timeseries_id,None,ftp,Service hydrographique et océanographique de la marine ( France ) +Service hydrographique et océanographique de la marine ( France ),2016-09-20 17:09:14,9734,10080.0,97,40542,43200.0,94,99,1',4',5',nan,1.36,07:34,4',5',POINT (-0.24903 49.27936),[],transformed,2026-09-07T17:48:33.626860,English Channel,Atlantic NE
CA02,rad,9.1142,39.2101,Italy,Cagliari,3042003,0 days 00:01:00,0.9979799493951846,0.9612723666869424,-0.333,-0.22,-0.078,0.136,0.21487528989989876,0.20999999999999902,0.29799999999999904,0.47599999999999903,0.549,0.7139999999999991,1.046999999999999,0.11856794729445187,-0.238262257909492,0.22894731440925442,https://github.com/oceanmodeling/ioc_cleanup,0.1.0,sea_surface_height_above_reference_ellipsoid,Sea surface height,total_water_level,included,IOC sea-level data downloaded from https://www.ioc-sealevelmonitoring.org/,m,ioc,timeSeries,timeseries_id,None,web,Istituto Superiore per la Protezione e la Ricerca Ambientale ( Italy ),2010-09-13 18:01:35,34602,10080.0,343,138769,43200.0,321,367,1',nan,5',nan,0.12,07:35,2',5',POINT (9.1142 39.2101),[],transformed,2026-09-07T17:48:33.527317,Mediterranean Sea,Mediterranean
fuka,rad,139.93,40.65,Japan,Fukaura,3132229,0 days 00:01:00,0.9996746725734293,0.9921383946674777,1.6886,1.843999999999999,1.9477000000000002,2.2037,2.3077320437530835,2.3104,2.4171,2.6457,2.734099999999999,2.880399999999999,1.1917999999999989,0.15376362835716856,-0.12405527426678932,-0.20676387983717293,https://github.com/oceanmodeling/ioc_cleanup,0.1.0,sea_surface_height_above_reference_ellipsoid,Sea surface height,total_water_level,included,IOC sea-level data downloaded from https://www.ioc-sealevelmonitoring.org/,m,ioc,timeSeries,timeseries_id,None,SWJP40,Japan Meteorological Agency ( Japan ),2012-03-21 10:13:53,10040,10080.0,100,41660,43200.0,96,100,1',8',10',FUKAURA,2.46,07:29,9',10',POINT (139.93 40.65),[],transformed,2026-09-07T17:48:33.763565,Japan Sea,Pacific NW
holy2,bub,-4.62,53.31,UK,Holyhead2,206341,0 days 00:15:00,0.9977706805724504,0.9728273266423357,-0.021,0.312,0.7009999999999991,2.198,3.3586366638334457,3.399999999999999,4.533999999999999,5.860999999999999,6.268287000000011,6.634999999999999,6.655999999999999,1.3703405064716905,-0.07383664949464715,-1.0803811462785835,https://github.com/oceanmodeling/ioc_cleanup,0.1.0,sea_surface_height_above_reference_ellipsoid,Sea surface height,total_water_level,included,IOC sea-level data downloaded from https://www.ioc-sealevelmonitoring.org/,m,ioc,timeSeries,timeseries_id,None,ftp,National Oceanography Centre ( UK ),2012-09-04 21:04:28,671,672.0,100,2772,2880.0,96,100,15',32',15',nan,1.08,07:00,38',15',POINT (-4.62 53.31),[],transformed,2026-09-07T17:48:34.665464,Irish Sea,Atlantic NE
work,bub,-3.569999999999999,54.65,UK,Workington,206979,0 days 00:15:00,0.9981012566492253,0.9833865571776156,-0.025999999999999003,0.399805,0.879,2.794999999999999,4.578980771832837,4.503,6.367,8.494,9.054,9.593,9.619,2.065826856358466,0.06708303438748298,-1.1321056266767147,https://github.com/oceanmodeling/ioc_cleanup,0.1.0,sea_surface_height_above_reference_ellipsoid,Sea surface height,total_water_level,included,IOC sea-level data downloaded from https://www.ioc-sealevelmonitoring.org/,m,ioc,timeSeries,timeseries_id,None,ftp,National Oceanography Centre ( UK ),2012-09-04 21:04:31,671,672.0,100,2778,2880.0,96,100,15',32',15',nan,2.64,07:00,38',15',POINT (-3.569999999999999 54.65),[],transformed,2026-09-07T17:48:34.765882,Irish Sea,Atlantic NE
numb2,rad,166.4116,-22.2466,France,Nouméa - Numbo (New Caledonia),1633227,0 days 00:01:00,0.9997569229506982,0.5167300283860503,0.123,0.266,0.378,0.8379999999999991,1.0964767229413233,1.111,1.36225,1.764,1.907,2.118999999999999,1.9959999999999989,0.3397114428816829,-0.0957405689540862,-0.7582112165672616,https://github.com/oceanmodeling/ioc_cleanup,0.1.0,sea_surface_height_above_reference_ellipsoid,Sea surface height,total_water_level,included,IOC sea-level data downloaded from https://www.ioc-sealevelmonitoring.org/,m,ioc,timeSeries,timeseries_id,None,SZNC46,Service hydrographique et océanographique de la marine ( France ),2022-08-17 15:09:40,10074,10080.0,100,41724,43200.0,97,100,1',3',6',06524770,0.65,07:33,5',6',POINT (166.4116 -22.2466),[],transformed,2026-09-07T17:48:34.660110,SW Pacific,Pacific SW
cher,rad,-1.629999999999999,49.65,France,Cherbourg,3043100,0 days 00:01:00,0.997355985672505,0.9606827858880779,0.3367,0.6559,1.091299999999999,2.7457000000000003,3.921078665508498,3.9607,5.104199999999999,6.589999999999999,6.9443,7.2957,6.959,1.437427615411897,-0.06870842120339091,-1.0014925517761841,https://github.com/oceanmodeling/ioc_cleanup,0.1.0,sea_surface_height_above_reference_ellipsoid,Sea surface height,total_water_level,included,IOC sea-level data downloaded from https://www.ioc-sealevelmonitoring.org/,m,ioc,timeSeries,timeseries_id,None,ftp,Service hydrographique et océanographique de la marine ( France ) +Service hydrographique et océanographique de la marine ( France ),2008-12-20 12:03:18,9832,10080.0,98,40946,43200.0,95,99,1',3',5',nan,2.65,07:34,4',5',POINT (-1.629999999999999 49.65),[],transformed,2026-09-07T17:48:34.446983,English Channel,Atlantic NE
simr,rad,14.357778,55.5575,Sweden,Simrishamn,2197033,0 days 00:01:00,0.9991643275271695,0.6960142310421735,-1.073399999999999,-0.395304599999999,-0.17899999999999902,0.11,0.2196489555316333,0.2194,0.3199,0.7256,0.9798092000000178,1.425,2.4983999999999993,0.17904613437859176,0.28620640721805424,1.7204073728869491,https://github.com/oceanmodeling/ioc_cleanup,0.1.0,sea_surface_height_above_reference_ellipsoid,Sea surface height,total_water_level,included,IOC sea-level data downloaded from https://www.ioc-sealevelmonitoring.org/,m,ioc,timeSeries,timeseries_id,None,web,Swedish Meteorological and Hydrological Institute ( Sweden ) +Swedish Maritime Administration ( Sweden ),2021-10-18 15:22:00,10080,10080.0,100,41760,43200.0,97,100,1',26',1h,nan,0.03,06:58,40',1h,POINT (14.357778 55.5575),[],transformed,2026-09-07T17:48:34.623466,Baltic Sea,Atlantic NE
nhav,bub,0.059999999999999006,50.78,UK,Newhaven,206993,0 days 00:15:00,0.9973187499094173,0.9834911040145985,0.245,0.47999999999999904,0.8329999999999991,2.281,3.7585105045468157,3.669999999999999,5.232999999999999,6.907,7.227043000000005,7.754999999999999,7.509999999999999,1.690983525275398,0.09330894216566328,-1.1811668640636213,https://github.com/oceanmodeling/ioc_cleanup,0.1.0,sea_surface_height_above_reference_ellipsoid,Sea surface height,total_water_level,included,IOC sea-level data downloaded from https://www.ioc-sealevelmonitoring.org/,m,ioc,timeSeries,timeseries_id,None,ftp,National Oceanography Centre ( UK ),2012-09-04 21:04:30,671,672.0,100,2775,2880.0,96,99,15',36',15',nan,1.81,06:45,53',15',POINT (0.059999999999999 50.78),[],transformed,2026-09-07T17:48:35.416803,English Channel,Atlantic NE
adak,wls,-176.632,51.863,USA,Adak AK,2826624,0 days 00:01:00,0.9983428995154644,0.8939223438767234,-0.8209999999999991,-0.6089999999999991,-0.42899999999999905,0.28399999999999903,0.5979446419255694,0.649,0.932,1.47,1.673,1.8980000000000001,2.7189999999999994,0.4503305165494399,-0.3134279365178513,-0.5089789938169669,https://github.com/oceanmodeling/ioc_cleanup,0.1.0,sea_surface_height_above_reference_ellipsoid,Sea surface height,total_water_level,included,IOC sea-level data downloaded from https://www.ioc-sealevelmonitoring.org/,m,ioc,timeSeries,timeseries_id,302,web,National Ocean Service-NOAA ( USA ),2010-03-30 11:04:00,10030,10080.0,100,41558,43200.0,96,100,1',4',6',3360F60E,1.09,07:30,8',6',POINT (-176.632 51.863),[],transformed,2026-09-07T17:48:34.699458,NE Pacific,Pacific NE
ftfr,rad,-61.063333,14.601667,France,"Fort-de-France, Martinique",2929915,0 days 00:01:00,0.9988562808136072,0.9282083206609895,0.28139999999999904,0.3427,0.4207,0.6361999999999991,0.7120199306044528,0.7181999999999991,0.7949,0.9488999999999991,1.0024,1.0827,0.801300000000001,0.11838038632743504,-0.2797498060810438,-0.209955262598859,https://github.com/oceanmodeling/ioc_cleanup,0.1.0,sea_surface_height_above_reference_ellipsoid,Sea surface height,total_water_level,included,IOC sea-level data downloaded from https://www.ioc-sealevelmonitoring.org/,m,ioc,timeSeries,timeseries_id,338,ftp,Service hydrographique et océanographique de la marine ( France ),2012-06-01 10:15:07,9658,10080.0,96,38741,43200.0,90,97,1',5',5',nan,0.77,07:35,3',5',POINT (-61.063333 14.601667),[],transformed,2026-09-07T17:48:34.467631,Caribbean Sea,Caribbean
simp,rad,16.675833,57.410278,Sweden,Simpevarp,2136668,0 days 00:01:00,0.9933199729672556,0.6768498453974047,-0.4615,-0.24049999999999902,-0.1665,0.069,0.17683618110868268,0.17949999999999902,0.279,0.5915,0.7219999999999991,0.8529999999999991,1.3144999999999991,0.16353174826301567,0.17299548978379878,0.08765742108446961,https://github.com/oceanmodeling/ioc_cleanup,0.1.0,sea_surface_height_above_reference_ellipsoid,Sea surface height,total_water_level,included,IOC sea-level data downloaded from https://www.ioc-sealevelmonitoring.org/,m,ioc,timeSeries,timeseries_id,None,web,Swedish Meteorological and Hydrological Institute ( Sweden ) +Swedish Maritime Administration ( Sweden ),2021-10-18 15:14:35,10080,10080.0,100,41760,43200.0,97,100,1',26',1h,nan,-0.03,06:58,40',1h,POINT (16.675833 57.410278),[],transformed,2026-09-07T17:48:34.613553,Baltic Sea,Atlantic NE
denh,flt,4.74342344269,52.9636753352,Netherlands,Den Helder,287226,0 days 00:10:00,0.9981269105164574,0.8893862783860503,-1.819999999999999,-1.29,-1.04,-0.40999999999999903,0.0773869477403796,0.17999999999999902,0.51,1.24,1.75,2.509999999999999,4.329999999999998,0.5637663011817706,-0.12704780302046337,-0.7527317995519196,https://github.com/oceanmodeling/ioc_cleanup,0.1.0,sea_surface_height_above_reference_ellipsoid,Sea surface height,total_water_level,included,IOC sea-level data downloaded from https://www.ioc-sealevelmonitoring.org/,m,ioc,timeSeries,timeseries_id,None,web,Rijkswaterstaat ( Netherlands ),2017-01-16 15:40:05,nan,1008.0,0,nan,nan,0,0,10',nan,10',nan,0.31,2026-02-25 08:00,85d,10',POINT (4.74342344269 52.9636753352),[],transformed,2026-09-07T17:48:35.596984,North Sea,Atlantic NE
arsu,rad,35.88519,36.41559,Turkey,Arsuz (Hatay),4744289,0 days 00:00:30,0.9999331828225473,0.7514619132704785,0.763,0.9799999999999991,1.108,1.601999999999999,1.7168338571936586,1.75,1.871,2.105,2.186999999999999,2.610999999999999,1.847999999999999,0.21898083248920444,-0.7417111659325129,0.3694184983004689,https://github.com/oceanmodeling/ioc_cleanup,0.1.0,sea_surface_height_above_reference_ellipsoid,Sea surface height,total_water_level,included,IOC sea-level data downloaded from https://www.ioc-sealevelmonitoring.org/,m,ioc,timeSeries,timeseries_id,None,web,General Directorate of Mapping ( Turkey ) +Kandilli Observatory and Earthquake Research Institute ( Turkey ),2023-02-21 14:27:16,8640,20160.0,43,78788,86400.0,91,0,0.5',nan,2',nan,2.0,2026-05-17 19:26,4d,2',POINT (35.88519 36.41559),[],transformed,2026-09-07T17:48:34.053437,Mediterranean Sea,Mediterranean
bres,rad,-4.5,48.38,France,Brest,2959962,0 days 00:01:00,0.995873595674539,0.9364770250405515,0.4092,0.7003,1.1774,2.988299999999999,4.2606117184167225,4.276699999999999,5.527099999999999,7.2873,7.7463999999999995,8.163899999999998,7.754699999999998,1.5610741263371688,-0.02153883435676255,-0.9498794720665513,https://github.com/oceanmodeling/ioc_cleanup,0.1.0,sea_surface_height_above_reference_ellipsoid,Sea surface height,total_water_level,included,IOC sea-level data downloaded from https://www.ioc-sealevelmonitoring.org/,m,ioc,timeSeries,timeseries_id,242,ftp,Service hydrographique et océanographique de la marine ( France ) +Service hydrographique et océanographique de la marine ( France ),2008-12-12 00:01:34,9931,10080.0,99,41147,43200.0,95,100,1',3',5',nan,6.32,07:34,4',5',POINT (-4.5 48.38),[],transformed,2026-09-07T17:48:34.944045,Bay of Biscay,Atlantic NE
talc,prs,-73.105992,-36.700933,Chile,Talcahuano CL,2893414,0 days 00:01:00,0.9891443118751758,0.916402448296837,0.41699999999999904,0.9609999999999991,1.107,1.573,1.8839455919679344,1.862,2.173999999999999,2.812999999999999,3.007,3.474,3.0570000000000013,0.4033556908171796,0.22641455987543205,-0.5618294402368109,https://github.com/oceanmodeling/ioc_cleanup,0.1.0,sea_surface_height_above_reference_ellipsoid,Sea surface height,total_water_level,included,IOC sea-level data downloaded from https://www.ioc-sealevelmonitoring.org/,m,ioc,timeSeries,timeseries_id,None,SXCH40,Servicio Hidrográfico y Oceanográfico de la Armada ( Chile ) +Servicio Hidrográfico y Oceanográfico de la Armada ( Chile ),2008-06-16 08:31:00,8785,10080.0,87,38390,43200.0,89,88,1',5',5',ADC0C320,5.02,07:30,8',5',POINT (-73.105992 -36.700933),[],transformed,2026-09-07T17:48:34.791518,SE Pacific,Pacific SE
peir,pr1,23.621217,37.934733,Greece,Peiraias,608694,0 days 00:05:00,0.9996927848804161,0.9535606118207623,0.17899999999999902,0.23899999999999902,0.309,0.5819999999999991,0.6497818628224569,0.669,0.7359999999999991,0.878,0.936,1.064999999999999,0.886,0.12138484262634346,-0.7098206141844344,0.4140008589057276,https://github.com/oceanmodeling/ioc_cleanup,0.1.0,sea_surface_height_above_reference_ellipsoid,Sea surface height,total_water_level,included,IOC sea-level data downloaded from https://www.ioc-sealevelmonitoring.org/,m,ioc,timeSeries,timeseries_id,None,ftp,Hellenic Navy Hydrographic Service ( Greece ),2009-11-20 16:59:30,2016,2016.0,100,8323,8640.0,96,100,5',4',5',nan,0.66,07:30,8',5',POINT (23.621217 37.934733),"['2021-01-30T13:35:00', '2021-02-06T12:00:00', '2021-03-06T18:10:00', '2021-03-24T18:00:00', '2025-05-14T05:10:00']",transformed,2026-09-07T17:48:36.050084,Aegean Sea,Mediterranean
cili,rad,109.0,-7.75,Indonesia,Cilacap,2517095,0 days 00:01:00,0.9944380327321773,0.47496768552311436,2.483,2.544999999999999,2.589999999999999,3.307999999999999,4.497502095081061,3.802999999999999,6.189,7.355,7.644999999999999,8.028,5.545,1.501091325373531,0.5967722076083287,-1.2785407702066245,https://github.com/oceanmodeling/ioc_cleanup,0.1.0,sea_surface_height_above_reference_ellipsoid,Sea surface height,total_water_level,included,IOC sea-level data downloaded from https://www.ioc-sealevelmonitoring.org/,m,ioc,timeSeries,timeseries_id,291,SZXX01,Geospacial Agency of Indonesia ( Indonesia ) +University of Hawaii Sea Level Center ( USA ),2007-11-24 18:30:00,8375,10080.0,83,36300,43200.0,84,82,1',6',5',300434067156900,3.62,07:29,9',5',POINT (109 -7.75),['2023-11-20T03:31:00'],transformed,2026-09-07T17:48:35.233864,North Indian,Indian
kiel,flt,10.274722,54.499722,Germany,LT Kiel,3092237,0 days 00:01:00,0.9996300412937301,0.9796342761557177,3.43,4.089999999999999,4.469999999999999,4.969999999999999,5.087941285093182,5.089999999999999,5.21,5.719999999999999,6.129999999999999,6.95,3.52,0.22582954125147253,0.07884239854121483,3.9985407566395135,https://github.com/oceanmodeling/ioc_cleanup,0.1.0,sea_surface_height_above_reference_ellipsoid,Sea surface height,total_water_level,included,IOC sea-level data downloaded from https://www.ioc-sealevelmonitoring.org/,m,ioc,timeSeries,timeseries_id,None,web,German Federal Waterways and Shipping Administration ( Germany ) +Informationstechnikzentrum Bund ( Germany ),2010-05-04 18:21:01,10080,10080.0,100,41360,43200.0,96,100,1',3',5',nan,5.0,07:33,5',5',POINT (10.274722 54.499722),[],transformed,2026-09-07T17:48:35.161078,Baltic Sea,Atlantic NE
port,rad,-1.061569999999999,45.5685,France,Port-Bloc,3082461,0 days 00:01:00,0.994272433617165,0.9746185624493107,0.5885,0.8659,1.1693,2.401899999999999,3.372637554756199,3.4228,4.3398,5.490899999999999,5.8458274000000205,6.3905,5.8020000000000005,1.1430779104835584,-0.07390135550605811,-1.0611847076586798,https://github.com/oceanmodeling/ioc_cleanup,0.1.0,sea_surface_height_above_reference_ellipsoid,Sea surface height,total_water_level,included,IOC sea-level data downloaded from https://www.ioc-sealevelmonitoring.org/,m,ioc,timeSeries,timeseries_id,None,ftp,Service hydrographique et océanographique de la marine ( France ),2010-10-06 12:30:05,9858,10080.0,98,40688,43200.0,94,100,1',3',5',nan,4.75,07:35,3',5',POINT (-1.061569999999999 45.5685),[],transformed,2026-09-07T17:48:35.415429,Bay of Biscay,Atlantic NE
xmas,ra2,-157.473,1.984,Kiribati,Christmas KI,2742830,0 days 00:01:00,0.9941381711589854,0.37483114101784265,3.479,3.597999999999999,3.677999999999999,3.932999999999999,4.112820511736918,4.104,4.285,4.593,4.6899999999999995,4.825999999999999,1.3469999999999986,0.2245468403755826,0.1376379796431371,-0.7702291543504445,https://github.com/oceanmodeling/ioc_cleanup,0.1.0,sea_surface_height_above_reference_ellipsoid,Sea surface height,total_water_level,included,IOC sea-level data downloaded from https://www.ioc-sealevelmonitoring.org/,m,ioc,timeSeries,timeseries_id,146,SZXX01,Kiribati Met Office ( Kiribati ) +University of Hawaii Sea Level Center ( USA ),2009-02-14 19:01:00,8345,10080.0,83,30849,43200.0,71,81,1',5',5',301434060001890,1.56,07:30,8',5',POINT (-157.473 1.984),[],transformed,2026-09-07T17:48:35.955011,NE Pacific,Pacific NE
anto2,rad,-70.40462436,-23.65421517,Chile,Antofagasta CL,3089018,0 days 00:01:00,0.9755385044697052,0.9776152549675587,4.482,4.644999999999999,4.742,5.059,5.3076687781509175,5.283,5.530999999999999,6.027999999999999,6.149,7.016,2.534,0.31268174729325443,0.30726554871982426,-0.6264557323165953,https://github.com/oceanmodeling/ioc_cleanup,0.1.0,sea_surface_height_above_reference_ellipsoid,Sea surface height,total_water_level,included,IOC sea-level data downloaded from https://www.ioc-sealevelmonitoring.org/,m,ioc,timeSeries,timeseries_id,174,web,Servicio Hidrográfico y Oceanográfico de la Armada ( Chile ) +Servicio Hidrográfico y Oceanográfico de la Armada ( Chile ),2013-03-18 17:40:25,10078,10080.0,100,41678,43200.0,96,100,1',3',5',nan,5.66,07:32,5',5',POINT (-70.40462436 -23.65421517),[],transformed,2026-09-07T17:48:35.552409,SE Pacific,Pacific SE
tarr,rad,1.213249999999999,41.07897,Spain,Tarragona,3013273,0 days 00:01:00,0.9950124001376576,0.9545661623073803,-0.055,0.017999999999999003,0.116,0.323,0.394303245959518,0.399,0.46899999999999903,0.643,0.7219999999999991,0.8649999999999991,0.9199999999999992,0.11089220564540694,-0.199087599528171,0.18077855208170446,https://github.com/oceanmodeling/ioc_cleanup,0.1.0,sea_surface_height_above_reference_ellipsoid,Sea surface height,total_water_level,included,IOC sea-level data downloaded from https://www.ioc-sealevelmonitoring.org/,m,ioc,timeSeries,timeseries_id,None,ftp,Puertos del Estado ( Spain ),2014-01-16 15:41:43,10070,10080.0,100,41743,43200.0,97,100,1',7',4',nan,0.26,07:32,6',4',POINT (1.213249999999999 41.07897),[],transformed,2026-09-07T17:48:35.704588,Mediterranean Sea,Mediterranean
pich,prs,-71.529306,-32.135611,Chile,Pichidangui CL,2841727,0 days 00:01:00,0.9871747004550402,0.9000437195863747,0.002,1.512,1.641999999999999,2.061999999999999,2.352577239111993,2.33,2.621,3.202999999999999,3.374,3.584,3.5820000000000003,0.37299998520130045,0.23559104464987385,-0.5777236488039592,https://github.com/oceanmodeling/ioc_cleanup,0.1.0,sea_surface_height_above_reference_ellipsoid,Sea surface height,total_water_level,included,IOC sea-level data downloaded from https://www.ioc-sealevelmonitoring.org/,m,ioc,timeSeries,timeseries_id,None,SXCH40,Servicio Hidrográfico y Oceanográfico de la Armada ( Chile ),2019-04-15 22:40:59,8785,10080.0,87,38738,43200.0,90,89,1',3',5',ADC008EC,4.61,07:26,12',5',POINT (-71.529306 -32.135611),[],transformed,2026-09-07T17:48:35.659268,SE Pacific,Pacific SE
lecy,rad,-2.89515,47.5427,France,Le Crouesty,3016600,0 days 00:01:00,0.996322349665186,0.946944697891322,0.0951,0.43969999999999904,0.8891,2.3871,3.416247086896941,3.552699999999999,4.418599999999999,5.6523,6.009898900000006,6.603699999999999,6.508599999999999,1.231020102809126,-0.1830675935811421,-0.9759251182877149,https://github.com/oceanmodeling/ioc_cleanup,0.1.0,sea_surface_height_above_reference_ellipsoid,Sea surface height,total_water_level,included,IOC sea-level data downloaded from https://www.ioc-sealevelmonitoring.org/,m,ioc,timeSeries,timeseries_id,None,ftp,Service hydrographique et océanographique de la marine ( France ) +Service hydrographique et océanographique de la marine ( France ),2010-05-28 10:31:02,9790,10080.0,97,40886,43200.0,95,97,1',3',5',nan,4.69,07:34,4',5',POINT (-2.89515 47.5427),[],transformed,2026-09-07T17:48:35.671343,Bay of Biscay,Atlantic NE
bamd,pwl,-76.578,39.267,USA,Baltimore MD,521525,0 days 00:06:00,0.9954882316283975,0.9904767335766423,-0.6969999999999991,-0.48999999999999905,-0.249,0.248,0.3985849674707809,0.40699999999999903,0.562,0.9429999999999991,1.258,1.653999999999999,2.350999999999998,0.24610635219759674,-0.22560456983543822,0.6418044388943525,https://github.com/oceanmodeling/ioc_cleanup,0.1.0,sea_surface_height_above_reference_ellipsoid,Sea surface height,total_water_level,included,IOC sea-level data downloaded from https://www.ioc-sealevelmonitoring.org/,m,ioc,timeSeries,timeseries_id,None,web,National Ocean Service-NOAA ( USA ),2006-06-07 04:30:00,1680,1680.0,100,6948,7200.0,97,100,6',6',6',336577DA,0.0,07:24,14',6',POINT (-76.578 39.267),[],transformed,2026-09-07T17:48:36.725726,NW Atlantic,Atlantic NW
rata,rad,20.895,63.986111,Sweden,Ratan,2197907,0 days 00:01:00,0.9988466299984485,0.6963158328264396,-0.8619999999999991,-0.7029999999999991,-0.3966,-0.056,0.08885503472166918,0.09299999999999901,0.222,0.64,0.8159999999999991,1.026,1.887999999999999,0.22055157596867112,0.0768674695829931,0.3548090657126437,https://github.com/oceanmodeling/ioc_cleanup,0.1.0,sea_surface_height_above_reference_ellipsoid,Sea surface height,total_water_level,included,IOC sea-level data downloaded from https://www.ioc-sealevelmonitoring.org/,m,ioc,timeSeries,timeseries_id,None,web,Swedish Meteorological and Hydrological Institute ( Sweden ) +Swedish Maritime Administration ( Sweden ),2021-10-18 14:48:36,10080,10080.0,100,41760,43200.0,97,100,1',23',1h,nan,-0.07,06:58,40',1h,POINT (20.895 63.986111),[],transformed,2026-09-07T17:48:36.433996,Baltic Sea,Atlantic NE
quir2,prs,-73.057257,-36.636139,Chile,Quiriquina CL,3093284,0 days 00:01:00,0.9296682748819701,0.9798737834549879,-0.314,0.797,0.931,1.455,1.8272006820668405,1.7970000000000002,2.149999999999999,3.051,3.319999999999999,8.688,9.002,0.4858563923495032,0.39570619598906975,-0.0967278322963816,https://github.com/oceanmodeling/ioc_cleanup,0.1.0,sea_surface_height_above_reference_ellipsoid,Sea surface height,total_water_level,included,IOC sea-level data downloaded from https://www.ioc-sealevelmonitoring.org/,m,ioc,timeSeries,timeseries_id,None,web,Servicio Hidrográfico y Oceanográfico de la Armada ( Chile ),2013-11-25 20:54:15,10075,10080.0,100,41735,43200.0,97,100,1',3',5',nan,5.51,07:30,7',5',POINT (-73.057257 -36.636139),[],transformed,2026-09-07T17:48:36.133951,SE Pacific,Pacific SE
delf,flt,6.932969941749999,53.3266112653,Netherlands,Delfzijl,287419,0 days 00:10:00,0.9986918053434185,0.8945344180859692,-2.73,-2.2800000000000002,-2.009999999999999,-0.6999999999999991,0.18444651116667488,0.39,1.08,1.97,2.7,4.12,6.85,1.072548380930575,-0.3667657935315116,-0.9417839866040576,https://github.com/oceanmodeling/ioc_cleanup,0.1.0,sea_surface_height_above_reference_ellipsoid,Sea surface height,total_water_level,included,IOC sea-level data downloaded from https://www.ioc-sealevelmonitoring.org/,m,ioc,timeSeries,timeseries_id,None,web,Rijkswaterstaat ( Netherlands ),2017-01-16 15:44:57,nan,1008.0,0,nan,nan,0,0,10',nan,10',nan,-0.62,2026-02-25 08:00,85d,10',POINT (6.932969941749999 53.3266112653),[],transformed,2026-09-07T17:48:37.059775,North Sea,Atlantic NE
asto,pwl,-123.767,46.208,USA,Astoria OR,3123009,0 days 00:01:00,0.9961895723003039,0.9887289005474452,-0.684,-0.512,-0.307,0.753,1.3746521856014104,1.4060000000000001,2.033999999999999,2.956999999999999,3.273,3.823,4.507,0.8198713763201989,-0.12354877921558298,-0.8331653664824881,https://github.com/oceanmodeling/ioc_cleanup,0.1.0,sea_surface_height_above_reference_ellipsoid,Sea surface height,total_water_level,included,IOC sea-level data downloaded from https://www.ioc-sealevelmonitoring.org/,m,ioc,timeSeries,timeseries_id,None,web,National Ocean Service-NOAA ( USA ),2008-06-21 00:00:00,10079,10080.0,100,41749,43200.0,97,100,1',3',6',335086EE,1.05,07:33,5',6',POINT (-123.767 46.208),[],transformed,2026-09-07T17:48:36.005645,NE Pacific,Pacific NE
pagb,wls,144.797,13.4283,USA,"Pago Bay, Guam",516808,0 days 00:06:00,0.9996613829507284,0.981021897810219,-0.166,-0.098,0.005,0.328,0.45182764059399766,0.48699999999999904,0.5899999999999991,0.771,0.8649999999999991,1.137,1.303,0.1822273041602337,-0.5456144690952781,-0.3319507639412853,https://github.com/oceanmodeling/ioc_cleanup,0.1.0,sea_surface_height_above_reference_ellipsoid,Sea surface height,total_water_level,included,IOC sea-level data downloaded from https://www.ioc-sealevelmonitoring.org/,m,ioc,timeSeries,timeseries_id,None,web,National Ocean Service-NOAA ( USA ),2008-09-16 00:00:00,1680,1680.0,100,6958,7200.0,97,100,6',5',6',nan,0.07,07:30,8',6',POINT (144.797 13.4283),[],transformed,2026-09-07T17:48:37.322291,NW Pacific,Pacific NW
abur,rad,131.41,31.58,Japan,Aburatsu,3131008,0 days 00:01:00,0.9996148205306407,0.9916324513381995,0.5485999999999991,0.8626,1.097299999999999,1.8989,2.2343906053159226,2.282999999999999,2.602999999999999,3.1394,3.316199999999999,3.7368,3.188200000000001,0.48211580545407967,-0.3489090230338168,-0.46855287354927855,https://github.com/oceanmodeling/ioc_cleanup,0.1.0,sea_surface_height_above_reference_ellipsoid,Sea surface height,total_water_level,included,IOC sea-level data downloaded from https://www.ioc-sealevelmonitoring.org/,m,ioc,timeSeries,timeseries_id,82,SWJP40,Japan Meteorological Agency ( Japan ),2012-03-21 10:09:41,10040,10080.0,100,41660,43200.0,96,100,1',8',10',ABURATSU,1.37,07:29,9',10',POINT (131.41 31.58),[],transformed,2026-09-07T17:48:36.629944,NW Pacific,Pacific NW
qtro,prs,-71.525427,-32.775493,Chile,Quintero CL,2858868,0 days 00:01:00,0.984543532615007,0.9038406706204379,0.313,1.07,1.282,1.710999999999999,2.0032124407850804,1.982,2.273,2.851999999999999,3.012999999999999,4.506,4.1930000000000005,0.3749903542522043,0.22291547367976444,-0.5622083402150109,https://github.com/oceanmodeling/ioc_cleanup,0.1.0,sea_surface_height_above_reference_ellipsoid,Sea surface height,total_water_level,included,IOC sea-level data downloaded from https://www.ioc-sealevelmonitoring.org/,m,ioc,timeSeries,timeseries_id,None,SXCH40,Servicio Hidrográfico y Oceanográfico de la Armada ( Chile ),2015-07-06 16:46:12,8699,10080.0,86,38453,43200.0,89,87,1',3',5',ADC2662C,4.31,07:26,12',5',POINT (-71.525427 -32.775493),['2025-12-05T17:24:00'],transformed,2026-09-07T17:48:36.318800,SE Pacific,Pacific SE
plmy,prs,-162.09,5.889999999999999,USA,Palmyra Island,3010109,0 days 00:01:00,0.9929730119407636,0.788114925486618,0.0,1.401,1.5,1.833,2.0253983190689757,2.023,2.214999999999999,2.573999999999999,2.685,2.809,2.809,0.25537548971261964,-0.0038552464717725586,-0.24348604745056068,https://github.com/oceanmodeling/ioc_cleanup,0.1.0,sea_surface_height_above_reference_ellipsoid,Sea surface height,total_water_level,included,IOC sea-level data downloaded from https://www.ioc-sealevelmonitoring.org/,m,ioc,timeSeries,timeseries_id,None,SZXX01,University of Hawaii Sea Level Center ( USA ),2012-11-19 10:02:47,8390,10080.0,83,36196,43200.0,84,81,1',5',5',300434068595920,6.71,07:30,8',5',POINT (-162.09 5.889999999999999),[],transformed,2026-09-07T17:48:36.181929,NE Pacific,Pacific NE
nkfa,aqu,-175.1967,-21.1303,Tonga Island,Nuku'Alofa Harbour Wharf,3087949,0 days 00:01:00,0.9968095327999265,0.9779070356853203,0.197,0.30499999999999905,0.42499999999999905,0.804,1.133915126748444,1.133999999999999,1.465,1.843999999999999,1.964,2.544,2.347,0.3769614664288475,0.001267369581687208,-1.1196286004625502,https://github.com/oceanmodeling/ioc_cleanup,0.1.0,sea_surface_height_above_reference_ellipsoid,Sea surface height,total_water_level,included,IOC sea-level data downloaded from https://www.ioc-sealevelmonitoring.org/,m,ioc,timeSeries,timeseries_id,125,SZPS01,+National Tidal Centre/Australian Bureau of Meteorology ( Australia ),2007-12-05 22:50:00,10077,10080.0,100,41736,43200.0,97,100,1',3',3',66600,0.98,07:35,3',3',POINT (-175.1967 -21.1303),[],transformed,2026-09-07T17:48:36.536292,SE Pacific,Pacific SE
npor,bub,-2.99,51.55,UK,Newport,206893,0 days 00:15:00,0.9979409646532266,0.9828305580900243,-0.08699999999999901,0.35799999999999904,0.7301799999999989,3.581,6.303427644462066,6.195,9.007,12.399000000000001,13.176182,13.906,13.993,3.1925170658531683,0.07683853241884515,-1.1095570618350494,https://github.com/oceanmodeling/ioc_cleanup,0.1.0,sea_surface_height_above_reference_ellipsoid,Sea surface height,total_water_level,included,IOC sea-level data downloaded from https://www.ioc-sealevelmonitoring.org/,m,ioc,timeSeries,timeseries_id,None,ftp,National Oceanography Centre ( UK ),2012-09-04 21:04:30,672,672.0,100,2773,2880.0,96,100,15',30',15',nan,5.58,07:00,38',15',POINT (-2.99 51.55),[],transformed,2026-09-07T17:48:37.621975,Irish Sea,Atlantic NE
zanz,prs,39.1833,-6.15,Tanzania,Zanzibar,2769764,0 days 00:01:00,0.9981828776747766,0.5857623048459043,-2.229,1.091,1.333,2.5380000000000003,3.285684228915161,3.277,4.035999999999999,5.293,5.649,5.863999999999999,8.093,0.9793286352088254,0.028977560182575003,-0.7760842826615302,https://github.com/oceanmodeling/ioc_cleanup,0.1.0,sea_surface_height_above_reference_ellipsoid,Sea surface height,total_water_level,included,IOC sea-level data downloaded from https://www.ioc-sealevelmonitoring.org/,m,ioc,timeSeries,timeseries_id,297,SXXX33,Department of Land and Survey ( Tanzania ) +University of Hawaii Sea Level Center ( USA ),2006-06-07 07:49:00,-down-,10080.0,0,-down-,nan,0,0,1',nan,15',1605D3E0,-2.23,-down-,249d,15',POINT (39.1833 -6.15),['2020-04-14T19:31:00'],transformed,2026-09-07T17:48:37.122397,East Africa,Indian
cbmd,pwl,-76.0683,38.5733,USA,Cambridge MD,521192,0 days 00:06:00,0.997127737954535,0.9905603710462287,-0.47199999999999903,-0.271,-0.096,0.29299999999999904,0.4735734791235696,0.46999999999999903,0.658,1.03,1.246999999999999,1.604,2.075999999999999,0.2515929867381658,0.0012082188081693397,-0.23763014302269347,https://github.com/oceanmodeling/ioc_cleanup,0.1.0,sea_surface_height_above_reference_ellipsoid,Sea surface height,total_water_level,included,IOC sea-level data downloaded from https://www.ioc-sealevelmonitoring.org/,m,ioc,timeSeries,timeseries_id,None,web,National Ocean Service-NOAA ( USA ),2006-06-07 04:30:00,1680,1680.0,100,6960,7200.0,97,100,6',6',6',3366E5B6,0.01,07:30,8',6',POINT (-76.0683 38.5733),[],transformed,2026-09-07T17:48:37.693806,NW Atlantic,Atlantic NW
lowe,bub,1.75,52.47,UK,Lowestoft,206989,0 days 00:15:00,0.9981641536506771,0.9813193810827251,-0.251,0.1975,0.48999999999999905,1.290999999999999,1.747538181413165,1.8010000000000002,2.208,2.895999999999999,3.278999999999999,3.684,3.935,0.5824753986188417,-0.18224112444113222,-0.6973529805455136,https://github.com/oceanmodeling/ioc_cleanup,0.1.0,sea_surface_height_above_reference_ellipsoid,Sea surface height,total_water_level,included,IOC sea-level data downloaded from https://www.ioc-sealevelmonitoring.org/,m,ioc,timeSeries,timeseries_id,None,ftp,National Oceanography Centre ( UK ),2012-09-04 21:04:30,671,672.0,100,2782,2880.0,97,100,15',41',15',nan,1.05,06:45,53',15',POINT (1.75 52.47),[],transformed,2026-09-07T17:48:37.852025,North Sea,Atlantic NE
porp,bub,-5.12,54.84,UK,Portpatrick,207445,0 days 00:15:00,0.9981151630552677,0.9857008439781022,-0.09099999999999901,0.134,0.41199999999999903,1.405,2.2972737497770255,2.306,3.190999999999999,4.195999999999999,4.557999999999999,4.993999999999999,5.084999999999998,1.0229738197923166,-0.013619712007058282,-1.1369981849263764,https://github.com/oceanmodeling/ioc_cleanup,0.1.0,sea_surface_height_above_reference_ellipsoid,Sea surface height,total_water_level,included,IOC sea-level data downloaded from https://www.ioc-sealevelmonitoring.org/,m,ioc,timeSeries,timeseries_id,None,ftp,National Oceanography Centre ( UK ),2012-09-04 21:04:30,672,672.0,100,2782,2880.0,97,100,15',32',15',nan,1.12,07:00,38',15',POINT (-5.12 54.84),[],transformed,2026-09-07T17:48:37.989485,Irish Sea,Atlantic NE
kant,rad,-171.718,-2.801,Kiribati,Kanton KI,2933963,0 days 00:01:00,0.9992239165933585,0.22148152372262775,0.0,5.152,5.219999999999999,5.516,5.763646662432664,5.751999999999999,6.004999999999999,6.378,6.488999999999999,6.594999999999999,6.594999999999999,0.29933883190133725,0.10143884624751606,-0.565241233839866,https://github.com/oceanmodeling/ioc_cleanup,0.1.0,sea_surface_height_above_reference_ellipsoid,Sea surface height,total_water_level,included,IOC sea-level data downloaded from https://www.ioc-sealevelmonitoring.org/,m,ioc,timeSeries,timeseries_id,145,SZXX01,Kiribati Met Office ( Kiribati ) +University of Hawaii Sea Level Center ( USA ),2008-04-25 11:15:00,8415,10080.0,83,nan,nan,0,81,1',5',5',300434064782560,1.28,07:30,8',5',POINT (-171.718 -2.801),[],transformed,2026-09-07T17:48:37.347161,SE Pacific,Pacific SE
madry,rad,-65.03068611,-42.76265,Argentina,Puerto Madryn,3023048,0 days 00:01:00,0.9926924746150243,0.32287294708029196,1.8,2.224,2.581,3.879,5.139784923003859,5.240999999999999,6.357999999999999,7.57,7.921,8.435,6.635000000000001,1.3907360521231285,-0.09413207963095598,-1.2141923940805424,https://github.com/oceanmodeling/ioc_cleanup,0.1.0,sea_surface_height_above_reference_ellipsoid,Sea surface height,total_water_level,included,IOC sea-level data downloaded from https://www.ioc-sealevelmonitoring.org/,m,ioc,timeSeries,timeseries_id,191,SEPO40,Armada Argentina Servicio de Hidrografía Naval ( Argentina ) +University of Hawaii Sea Level Center ( USA ),2010-03-23 20:24:00,nan,10080.0,0,10830,43200.0,25,0,1',nan,15',335665D2,1.7,2026-05-20 20:04,12h,15',POINT (-65.03068611 -42.76265),[],transformed,2026-09-07T17:48:37.168559,SW Atlantic,Atlantic South
CETR,pr1,15.920171,39.52677,Italy,Cetraro,4937295,0 days 00:00:15,0.9902146823311145,0.3858334283759124,-3.048999999999999,-2.823999999999999,-2.766999999999999,0.057,0.06596693955991371,0.167,0.269,0.509,0.625,1.08,4.129,0.5729468873393677,-4.363721395570981,18.58614451408223,https://github.com/oceanmodeling/ioc_cleanup,0.1.0,sea_surface_height_above_reference_ellipsoid,Sea surface height,total_water_level,included,IOC sea-level data downloaded from https://www.ioc-sealevelmonitoring.org/,m,ioc,timeSeries,timeseries_id,None,web,Istituto Superiore per la Protezione e la Ricerca Ambientale ( Italy ),2022-10-03 10:31:39,40284,40320.0,100,151023,172800.0,87,100,0.25',nan,0.25',nan,0.13,07:37,nan,0.25',POINT (15.920171 39.52677),"['2024-03-24T03:15:00', '2024-05-06T08:36:15']",transformed,2026-09-07T17:48:35.974258,Mediterranean Sea,Mediterranean
dzao,rad,45.2583,-12.783333,France,Dzaoudzi (Mayotte),2181722,0 days 00:01:00,0.9978283209318144,0.6691193988240065,0.24020000000000002,0.4237,0.6624999999999991,1.7233,2.370302588181597,2.378899999999999,3.027699999999999,4.0715,4.3440938999999785,5.163999999999999,4.923799999999999,0.8470992782697846,-0.017216530225238388,-0.805611002707352,https://github.com/oceanmodeling/ioc_cleanup,0.1.0,sea_surface_height_above_reference_ellipsoid,Sea surface height,total_water_level,included,IOC sea-level data downloaded from https://www.ioc-sealevelmonitoring.org/,m,ioc,timeSeries,timeseries_id,96,ftp,Service hydrographique et océanographique de la marine ( France ) +Service hydrographique et océanographique de la marine ( France ),2008-12-12 06:56:03,nan,10080.0,0,nan,nan,0,0,1',nan,5',nan,5.16,2024-12-14 06:50,523d,5',POINT (45.2583 -12.783333),[],transformed,2026-09-07T17:48:37.374303,East Africa,Indian
naha,rad,127.67,26.21,Japan,Naha,3130969,0 days 00:01:00,0.9996132187830669,0.9915431113138686,0.6462,0.8656,1.0881,1.8959000000000001,2.255196634019067,2.2951,2.6457,3.2156000000000002,3.410699999999999,3.8649,3.2187,0.506571342060822,-0.272401901945913,-0.560486942084518,https://github.com/oceanmodeling/ioc_cleanup,0.1.0,sea_surface_height_above_reference_ellipsoid,Sea surface height,total_water_level,included,IOC sea-level data downloaded from https://www.ioc-sealevelmonitoring.org/,m,ioc,timeSeries,timeseries_id,81,SWJP40,Japan Meteorological Agency ( Japan ),2008-05-15 13:59:00,10040,10080.0,100,41660,43200.0,96,100,1',8',10',NAHA,1.25,07:29,9',10',POINT (127.67 26.21),[],transformed,2026-09-07T17:48:36.748750,Yellow Sea,Pacific NW
cord,pwl,-145.753,60.558,USA,Cordova AK,2115883,0 days 00:01:00,0.9551071585716223,0.6694792933901055,-1.361,-0.9909999999999991,-0.5969999999999991,1.159999999999999,2.0500432666508295,2.121999999999999,2.987,4.325,4.762999999999999,5.168,6.529,1.1912668263471038,-0.20209724103179796,-0.6952358432723726,https://github.com/oceanmodeling/ioc_cleanup,0.1.0,sea_surface_height_above_reference_ellipsoid,Sea surface height,total_water_level,included,IOC sea-level data downloaded from https://www.ioc-sealevelmonitoring.org/,m,ioc,timeSeries,timeseries_id,None,web,National Ocean Service-NOAA ( USA ),2008-06-21 00:00:00,9196,10080.0,91,38325,43200.0,89,99,1',3',6',335FA690,1.16,07:33,5',6',POINT (-145.753 60.558),[],transformed,2026-09-07T17:48:37.742742,NE Pacific,Pacific NE
east2,rad,-109.439426,-27.15485,Chile,Isla de Pascua (Rapa Nui),3066748,0 days 00:01:00,0.899132240405798,0.9708067214111922,2.468,2.6870000000000003,2.762,2.987,3.127994599801849,3.115,3.259999999999999,3.568,3.718999999999999,4.711,2.2430000000000003,0.18704557213863315,0.2818429867873554,-0.30630439467017023,https://github.com/oceanmodeling/ioc_cleanup,0.1.0,sea_surface_height_above_reference_ellipsoid,Sea surface height,total_water_level,included,IOC sea-level data downloaded from https://www.ioc-sealevelmonitoring.org/,m,ioc,timeSeries,timeseries_id,137,web,Servicio Hidrográfico y Oceanográfico de la Armada ( Chile ) +Servicio Hidrográfico y Oceanográfico de la Armada ( Chile ),2013-03-18 17:40:25,10010,10080.0,99,40862,43200.0,95,98,1',4',5',nan,3.25,07:31,6',5',POINT (-109.439426 -27.15485),[],transformed,2026-09-07T17:48:37.544690,SE Pacific,Pacific SE
cres,pwl,-124.183,41.745,USA,Crescent City CA,3129585,0 days 00:01:00,0.9968727483036889,0.9912966342254663,-0.9409999999999991,-0.683,-0.399,0.646,1.0989207291895704,1.165999999999999,1.589,2.327,2.549999999999999,2.999,3.939999999999999,0.6498022867641352,-0.32868872333223753,-0.5288629381218759,https://github.com/oceanmodeling/ioc_cleanup,0.1.0,sea_surface_height_above_reference_ellipsoid,Sea surface height,total_water_level,included,IOC sea-level data downloaded from https://www.ioc-sealevelmonitoring.org/,m,ioc,timeSeries,timeseries_id,None,web,National Ocean Service-NOAA ( USA ),2008-06-21 00:00:00,10074,10080.0,100,41724,43200.0,97,100,1',3',6',33622592,1.57,07:33,5',6',POINT (-124.183 41.745),[],transformed,2026-09-07T17:48:37.745269,NE Pacific,Pacific NE
plat2,enc,-57.53850556,-38.00015278,Argentina,Mar del Plata,1525758,0 days 00:03:00,0.38752279194996847,0.5533721107055961,0.0,3.226999999999999,3.695999999999999,4.855,5.282835487671665,5.166999999999999,5.528999999999999,8.609,9.536765000000015,10.123,10.123,0.7900850385617889,2.0543088784380057,7.2721444371680874,https://github.com/oceanmodeling/ioc_cleanup,0.1.0,sea_surface_height_above_reference_ellipsoid,Sea surface height,total_water_level,included,IOC sea-level data downloaded from https://www.ioc-sealevelmonitoring.org/,m,ioc,timeSeries,timeseries_id,192,SEPO40,Armada Argentina Servicio de Hidrografía Naval ( Argentina ) +University of Hawaii Sea Level Center ( USA ),2010-03-31 21:22:00,915,3360.0,27,13905,14400.0,97,0,3',nan,15',3542B4D2,5.32,2026-05-16 15:49,5d,15',POINT (-57.53850556 -38.00015278),"['2023-10-05T16:39:00', '2023-11-24T13:19:00', '2025-01-24T00:00:00', '2025-02-15T00:00:00', '2025-03-10T12:58:00', '2025-04-04T00:00:00', '2025-05-05T00:00:00', '2025-06-30T11:24:00', '2025-10-11T00:00:00', '2025-10-25T00:00:00']",transformed,2026-09-07T17:48:38.510949,SW Atlantic,Atlantic South
nuku,rad,-140.084683,-8.914847,France,"Nuku Hiva (Marquesas, French Polynesia)",2760613,0 days 00:01:00,0.9948000679559214,0.8352984970600162,0.129,1.03,1.163999999999999,5.190999999999999,5.011558302103123,5.514,5.924999999999999,6.336999999999999,6.461999999999999,6.868999999999999,6.739999999999998,1.51425137994385,-1.6749209583318805,1.1947082330100671,https://github.com/oceanmodeling/ioc_cleanup,0.1.0,sea_surface_height_above_reference_ellipsoid,Sea surface height,total_water_level,included,IOC sea-level data downloaded from https://www.ioc-sealevelmonitoring.org/,m,ioc,timeSeries,timeseries_id,142,SZXX01,Commissariat à l'Energie Atomique ( France ) +University of Hawaii Sea Level Center ( USA ),2008-06-23 11:32:00,8330,10080.0,83,36150,43200.0,84,80,1',5',5',301434061604070,1.87,07:30,8',5',POINT (-140.084683 -8.914847),[],transformed,2026-09-07T17:48:38.123527,SE Pacific,Pacific SE
klag,rad,12.893611,55.522222,Sweden,Klagshamn,2203353,0 days 00:01:00,0.9993882051582293,0.6980231143552311,-0.6795999999999991,-0.385,-0.18099999999999902,0.107,0.21567683202801596,0.22,0.315,0.6949999999999991,0.9181,1.246999999999999,1.926599999999998,0.173141929920218,0.24656876480598486,1.3883633647077063,https://github.com/oceanmodeling/ioc_cleanup,0.1.0,sea_surface_height_above_reference_ellipsoid,Sea surface height,total_water_level,included,IOC sea-level data downloaded from https://www.ioc-sealevelmonitoring.org/,m,ioc,timeSeries,timeseries_id,None,web,Swedish Meteorological and Hydrological Institute ( Sweden ) +Swedish Maritime Administration ( Sweden ),2021-10-18 15:25:48,10080,10080.0,100,41759,43200.0,97,100,1',34',1h,nan,0.01,06:48,50',1h,POINT (12.893611 55.522222),[],transformed,2026-09-07T17:48:38.639688,Baltic Sea,Atlantic NE
gokc,ecs,25.89361000061,40.231391906738,Turkey,Gokceada,5842337,0 days 00:00:30,0.999967136438723,0.8703015701034064,0.932,1.050999999999999,1.194,1.475,1.5668817572197773,1.576,1.665,1.8860000000000001,2.005999999999999,2.266,1.334,0.144634845324737,-0.27900018692334627,0.30766521236871425,https://github.com/oceanmodeling/ioc_cleanup,0.1.0,sea_surface_height_above_reference_ellipsoid,Sea surface height,total_water_level,included,IOC sea-level data downloaded from https://www.ioc-sealevelmonitoring.org/,m,ioc,timeSeries,timeseries_id,None,web,General Directorate of Mapping ( Turkey ) +Kandilli Observatory and Earthquake Research Institute ( Turkey ),2016-08-16 15:47:45,8640,20160.0,43,77074,86400.0,89,0,0.5',nan,2',nan,1.73,2026-05-17 16:00,4d,2',POINT (25.89361000061 40.231391906738),[],transformed,2026-09-07T17:48:36.227313,Aegean Sea,Mediterranean
vish,prs,83.28,17.68,India,Visakhapatnam,2692817,0 days 00:01:00,0.9678641363300959,0.8530039791159773,0.001,0.010999999999999,0.08,0.6109999999999991,0.9448303551730923,0.936,1.268,1.9180000000000001,2.134999999999999,2.384999999999999,2.383999999999999,0.43630380195759005,0.12161883182940374,-0.6283592184133564,https://github.com/oceanmodeling/ioc_cleanup,0.1.0,sea_surface_height_above_reference_ellipsoid,Sea surface height,total_water_level,included,IOC sea-level data downloaded from https://www.ioc-sealevelmonitoring.org/,m,ioc,timeSeries,timeseries_id,35,ftp,Indian National Centre for Ocean Information Services ( India ),2011-08-02 16:27:37,5111,10080.0,51,37151,43200.0,86,0,1',nan,10',43151,0.45,2026-05-19 09:31,2d,10',POINT (83.28 17.68),[],transformed,2026-09-07T17:48:37.970811,North Indian,Indian
kusm,rad,135.77,33.48,Japan,Kushimoto,3131028,0 days 00:01:00,0.999614503607122,0.9916539943227899,0.8565,1.097299999999999,1.3045,2.042199999999999,2.346057528969987,2.3927,2.682199999999999,3.1486,3.297899999999999,3.599699999999999,2.743199999999999,0.43891018037797797,-0.3802310522150057,-0.4748518149013412,https://github.com/oceanmodeling/ioc_cleanup,0.1.0,sea_surface_height_above_reference_ellipsoid,Sea surface height,total_water_level,included,IOC sea-level data downloaded from https://www.ioc-sealevelmonitoring.org/,m,ioc,timeSeries,timeseries_id,85,SWJP40,Japan Meteorological Agency ( Japan ),2012-03-21 10:08:14,10040,10080.0,100,41660,43200.0,96,100,1',8',10',KUSHIMOTO,1.68,07:29,9',10',POINT (135.77 33.48),[],transformed,2026-09-07T17:48:38.335895,NW Pacific,Pacific NW
stqy,rad,-2.822498,48.648195,France,Saint-Quay-Portrieux,1523295,0 days 00:01:00,0.995162460324494,0.48258122972424977,0.46289999999999903,0.8593256999999993,1.5072,4.3467,6.4882729517914886,6.4653,8.6283,11.4841,12.220722900000005,14.828,14.3651,2.6130416187105774,0.017302761427844152,-0.9991676826953086,https://github.com/oceanmodeling/ioc_cleanup,0.1.0,sea_surface_height_above_reference_ellipsoid,Sea surface height,total_water_level,included,IOC sea-level data downloaded from https://www.ioc-sealevelmonitoring.org/,m,ioc,timeSeries,timeseries_id,None,ftp,Service hydrographique et océanographique de la marine ( France ) +Service hydrographique et océanographique de la marine ( France ),2018-10-04 10:55:00,9752,10080.0,97,40726,43200.0,94,98,1',3',5',nan,8.79,07:34,4',5',POINT (-2.822498 48.648195),[],transformed,2026-09-07T17:48:38.665618,English Channel,Atlantic NE
dakar,prs,-17.42,14.676,Sénégal,Dakar,1862232,0 days 00:01:00,0.9991832381787017,0.5852538270478508,0.654,0.8139999999999991,0.9719999999999991,1.625,2.0172138921758935,1.984,2.408999999999999,3.141,3.344999999999999,3.613,2.959,0.52068666682055,0.14354092498101237,-0.6708800321376511,https://github.com/oceanmodeling/ioc_cleanup,0.1.0,sea_surface_height_above_reference_ellipsoid,Sea surface height,total_water_level,included,IOC sea-level data downloaded from https://www.ioc-sealevelmonitoring.org/,m,ioc,timeSeries,timeseries_id,253,SXXX33,Centre de Recherches Océanographiques and the Service Hydrographique et de Cartographie ( Senegal ) +University of Hawaii Sea Level Center ( USA ),2007-10-27 10:49:00,-down-,3360.0,0,-down-,nan,0,0,3',nan,15',360916B8,7.17,-down-,815d,15',POINT (-17.42 14.676),[],transformed,2026-09-07T17:48:38.643314,NE Atlantic,Atlantic NE
vanu,aqu,168.3077,-17.7553,Vanuatu,Port Vila,3037218,0 days 00:01:00,0.9980896991918262,0.8593860883008921,0.0,0.082,0.20399999999999902,0.685,0.911143917998551,0.93,1.151,1.5350000000000001,1.645999999999999,1.9540000000000002,1.9540000000000002,0.31672171816832695,-0.19907770193462643,-0.594190248146897,https://github.com/oceanmodeling/ioc_cleanup,0.1.0,sea_surface_height_above_reference_ellipsoid,Sea surface height,total_water_level,included,IOC sea-level data downloaded from https://www.ioc-sealevelmonitoring.org/,m,ioc,timeSeries,timeseries_id,348,SZPS01,+National Tidal Centre/Australian Bureau of Meteorology ( Australia ),2007-12-05 22:50:00,10077,10080.0,100,41736,43200.0,97,100,1',3',3',57320,-999.0,07:35,3',3',POINT (168.3077 -17.7553),[],transformed,2026-09-07T17:48:38.093527,SW Pacific,Pacific SW
penr,rad,-158.051,-9.001,Cook Islands,Penrhyn CK,2883293,0 days 00:01:00,0.993100943955401,0.8984951591646391,0.926,0.995,1.062,1.316,3.9723651604572785,5.288999999999999,5.391,5.562,5.635919000000227,5.879,4.952999999999999,1.9467970270406518,-0.6868157979919399,-1.517445268354198,https://github.com/oceanmodeling/ioc_cleanup,0.1.0,sea_surface_height_above_reference_ellipsoid,Sea surface height,total_water_level,included,IOC sea-level data downloaded from https://www.ioc-sealevelmonitoring.org/,m,ioc,timeSeries,timeseries_id,143,SZXX01,+University of Hawaii Sea Level Center ( USA ),2008-06-23 16:37:00,8405,10080.0,83,36630,43200.0,85,82,1',5',5',300434068595910,1.34,07:30,8',5',POINT (-158.051 -9.001),['2023-12-01T23:50:00'],transformed,2026-09-07T17:48:38.678110,SE Pacific,Pacific SE
kerg,prs,70.22,-49.345,France,Kerguelen Island,36905,0 days 01:00:00,0.9959355100934832,0.7000646289537713,0.0902,0.2374,0.39942799999999934,0.9693,1.3015927801460805,1.304999999999999,1.6356000000000002,2.1817320000000007,2.3782471999999966,3.1293,3.0391000000000004,0.4316726865005665,-0.017868511506602867,-0.7080869844345892,https://github.com/oceanmodeling/ioc_cleanup,0.1.0,sea_surface_height_above_reference_ellipsoid,Sea surface height,total_water_level,included,IOC sea-level data downloaded from https://www.ioc-sealevelmonitoring.org/,m,ioc,timeSeries,timeseries_id,23,ftp,Laboratoire d'Etudes en Géophysique et Océanographie Spatiales ( France ),2008-03-29 00:00:00,168,168.0,100,696,720.0,97,100,60',195',4h,nan,0.98,03:00,5h,4h,POINT (70.22 -49.345),[],transformed,2026-09-07T17:48:39.590849,East Africa,Indian
nuk1,prs,-51.719813,64.1713012,Greenland,"Nuuk harbour, new",1559313,0 days 00:01:00,0.9883115192395625,0.4939736668694242,-3.153999999999999,-2.810999999999999,-2.4050000000000002,-1.189,-0.3440079527044967,-0.342,0.49299999999999905,1.746,2.101999999999999,2.387999999999999,5.541999999999998,1.0396331732841537,0.016754296891446887,-0.8919232823072223,https://github.com/oceanmodeling/ioc_cleanup,0.1.0,sea_surface_height_above_reference_ellipsoid,Sea surface height,total_water_level,included,IOC sea-level data downloaded from https://www.ioc-sealevelmonitoring.org/,m,ioc,timeSeries,timeseries_id,225,ftp,"Danish National Space Centre, Technical University of Denmark ( Denmark )",2022-11-22 12:41:45,9993,10080.0,99,41344,43200.0,96,99,1',1',1',nan,-2.07,07:38,nan,1',POINT (-51.719813 64.1713012),[],transformed,2026-09-07T17:48:39.161735,NW Atlantic,Atlantic NW
LI11,rad,10.299338888888888,43.54628611111111,Italy,Livorno,3107942,0 days 00:01:00,0.9962222589739448,0.9775781883617194,-0.385,-0.326,-0.261,-0.035,0.055558388323450024,0.051999999999999005,0.14499999999999902,0.393,0.52,0.8129999999999991,1.197999999999999,0.1356508906398372,0.14216110628970544,0.19562432121105067,https://github.com/oceanmodeling/ioc_cleanup,0.1.0,sea_surface_height_above_reference_ellipsoid,Sea surface height,total_water_level,included,IOC sea-level data downloaded from https://www.ioc-sealevelmonitoring.org/,m,ioc,timeSeries,timeseries_id,None,web,Istituto Superiore per la Protezione e la Ricerca Ambientale ( Italy ),2013-12-17 14:35:57,39434,10080.0,391,139780,43200.0,324,387,1',nan,5',nan,-0.08,07:35,2',5',POINT (10.299338888888888 43.54628611111111),[],transformed,2026-09-07T17:48:38.415984,Mediterranean Sea,Mediterranean
LA23,rad,12.6044,35.4998,Italy,Lampedusa,3055711,0 days 00:01:00,0.9975036906304294,0.9676079050081103,-0.656,-0.29799999999999904,-0.17799999999999902,0.08,0.15319316621019644,0.16,0.234,0.42299999999999904,0.513,0.9829999999999991,1.6389999999999991,0.12198039871058122,-0.33487883094856324,0.5907630018069558,https://github.com/oceanmodeling/ioc_cleanup,0.1.0,sea_surface_height_above_reference_ellipsoid,Sea surface height,total_water_level,included,IOC sea-level data downloaded from https://www.ioc-sealevelmonitoring.org/,m,ioc,timeSeries,timeseries_id,None,web,Istituto Superiore per la Protezione e la Ricerca Ambientale ( Italy ),2010-09-13 18:20:14,38677,10080.0,384,127022,43200.0,294,388,1',nan,5',nan,0.14,07:35,2',5',POINT (12.6044 35.4998),[],transformed,2026-09-07T17:48:38.742944,Mediterranean Sea,Mediterranean
bon2,rad,-6.338129999999999,36.80221,Spain,Bonanza2,2952499,0 days 00:01:00,0.9926807765218548,0.9347187373276561,0.332,0.48199999999999904,0.622,1.213,1.7774562965759801,1.725,2.317,3.176,3.423,3.684,3.3520000000000003,0.6668678758686426,0.20489915871826664,-0.9736610195152187,https://github.com/oceanmodeling/ioc_cleanup,0.1.0,sea_surface_height_above_reference_ellipsoid,Sea surface height,total_water_level,included,IOC sea-level data downloaded from https://www.ioc-sealevelmonitoring.org/,m,ioc,timeSeries,timeseries_id,None,ftp,Puertos del Estado ( Spain ),2014-01-16 15:41:43,10080,10080.0,100,41733,43200.0,97,100,1',4',4',nan,2.13,07:34,4',4',POINT (-6.338129999999999 36.80221),[],transformed,2026-09-07T17:48:38.944860,NE Atlantic,Atlantic NE
hani,ra2,73.1667,6.7667,Maldive Islands,Hanimadhoo,2433790,0 days 00:01:00,0.993976472908509,0.472633122972425,0.266,0.384,0.514,1.036,2.618025802741147,1.266,5.82,6.514,6.663,6.799999999999999,6.533999999999999,2.29668384176959,0.8300527559602165,-1.2504734941196973,https://github.com/oceanmodeling/ioc_cleanup,0.1.0,sea_surface_height_above_reference_ellipsoid,Sea surface height,total_water_level,included,IOC sea-level data downloaded from https://www.ioc-sealevelmonitoring.org/,m,ioc,timeSeries,timeseries_id,None,SZXX01,Maldives Meteorological Department ( Maldives ) +University of Hawaii Sea Level Center ( USA ),2007-11-06 12:03:00,4250,10080.0,42,34601,43200.0,80,0,1',nan,5',300434066941620,-999.0,07:30,8',5',POINT (73.1667 6.7667),"['2022-01-01T00:00:00', '2023-11-12T14:15:00']",transformed,2026-09-07T17:48:39.143862,North Indian,Indian
harl,flt,5.410972907819999,53.1755641043,Netherlands,Harlingen,287360,0 days 00:10:00,0.9981208240534521,0.8859742497972425,-2.129999999999999,-1.56,-1.24,-0.41999999999999904,0.15376528663786931,0.19,0.7099999999999991,1.629999999999999,2.299999999999999,3.24,5.369999999999999,0.7052041971396118,-0.009568927852320122,-0.6843073871389991,https://github.com/oceanmodeling/ioc_cleanup,0.1.0,sea_surface_height_above_reference_ellipsoid,Sea surface height,total_water_level,included,IOC sea-level data downloaded from https://www.ioc-sealevelmonitoring.org/,m,ioc,timeSeries,timeseries_id,None,web,Rijkswaterstaat ( Netherlands ),2017-01-16 15:42:27,nan,1008.0,0,nan,nan,0,0,10',nan,10',nan,-0.9,2026-02-25 08:00,85d,10',POINT (5.410972907819999 53.1755641043),[],transformed,2026-09-07T17:48:39.980680,North Sea,Atlantic NE
mala,ra2,134.4502,7.328199999999999,Palau Islands,Malakal,2853551,0 days 00:01:00,0.9925352657092864,0.5089324183901054,-0.096,0.098,0.326,1.242,3.0741063416820475,1.742,6.057,7.121999999999999,7.314,7.503999999999999,7.599999999999999,2.4136127496235877,0.6281119656468189,-1.440919419224253,https://github.com/oceanmodeling/ioc_cleanup,0.1.0,sea_surface_height_above_reference_ellipsoid,Sea surface height,total_water_level,included,IOC sea-level data downloaded from https://www.ioc-sealevelmonitoring.org/,m,ioc,timeSeries,timeseries_id,120,SZXX01,+University of Hawaii Sea Level Center ( USA ),2006-06-14 08:51:00,8445,10080.0,84,36560,43200.0,85,80,1',5',6',300434066948590,2.82,07:30,8',6',POINT (134.4502 7.328199999999999),['2023-07-05T07:47:00'],transformed,2026-09-07T17:48:39.216604,NW Pacific,Pacific NW
pcha,prs,-72.820045,-45.467076,Chile,Puerto Chacabuco CL,2908771,0 days 00:01:00,0.993325015960349,0.9214685345701541,0.128,2.265,2.485999999999999,3.299999999999999,3.8223837967239875,3.818,4.335,5.230999999999999,5.535999999999999,5.871,5.743,0.663335981570801,0.05414830963810077,-0.7334135066543466,https://github.com/oceanmodeling/ioc_cleanup,0.1.0,sea_surface_height_above_reference_ellipsoid,Sea surface height,total_water_level,included,IOC sea-level data downloaded from https://www.ioc-sealevelmonitoring.org/,m,ioc,timeSeries,timeseries_id,None,SXCH40,Servicio Hidrográfico y Oceanográfico de la Armada ( Chile ) +Servicio Hidrográfico y Oceanográfico de la Armada ( Chile ),2008-07-02 12:56:00,9355,10080.0,93,40135,43200.0,93,93,1',3',5',ADC020D2,6.28,07:33,5',5',POINT (-72.820045 -45.467076),[],transformed,2026-09-07T17:48:39.180574,SE Pacific,Pacific SE
tudy,rad,-3.447057,47.643913,France,Port-Tudy (Groix island),3018500,0 days 00:01:00,0.9968504223952295,0.9270877686536901,-2.456999999999999,0.5448332999999994,0.8882999999999991,2.289699999999999,3.233576275708787,3.3003,4.168499999999999,5.3905,5.741299999999999,6.2247,8.6817,1.1498341981046625,-0.11115767222501974,-0.9499523463625077,https://github.com/oceanmodeling/ioc_cleanup,0.1.0,sea_surface_height_above_reference_ellipsoid,Sea surface height,total_water_level,included,IOC sea-level data downloaded from https://www.ioc-sealevelmonitoring.org/,m,ioc,timeSeries,timeseries_id,None,ftp,Service hydrographique et océanographique de la marine ( France ) +Service hydrographique et océanographique de la marine ( France ),2011-04-27 11:27:58,9852,10080.0,98,40601,43200.0,94,99,1',4',5',nan,4.54,07:34,4',5',POINT (-3.447057 47.643913),[],transformed,2026-09-07T17:48:39.321262,Bay of Biscay,Atlantic NE
iera,rad,25.738529205322,35.003749847412,Greece,"Ierapetra, Crete",2806709,0 days 00:01:00,0.9988520363172669,0.8888359818532036,-0.254,-0.184,-0.1,0.139,0.20850405921315002,0.223,0.28999999999999904,0.41299999999999903,0.467,0.6149999999999991,0.8689999999999991,0.1100335832830693,-0.5911491317935492,0.2554355070496932,https://github.com/oceanmodeling/ioc_cleanup,0.1.0,sea_surface_height_above_reference_ellipsoid,Sea surface height,total_water_level,included,IOC sea-level data downloaded from https://www.ioc-sealevelmonitoring.org/,m,ioc,timeSeries,timeseries_id,None,bgan,National Observatory of Athens ( Greece ),2018-10-29 20:37:45,10080,10080.0,100,41760,43200.0,97,100,1',7',1',GR-IERA-00,0.01,07:30,8',1',POINT (25.738529205322 35.003749847412),[],transformed,2026-09-07T17:48:39.196037,Mediterranean Sea,Mediterranean
hoek,flt,4.11949106655,51.9774704941,Netherlands,Hoek van Holland,287186,0 days 00:10:00,0.998063972477767,0.8935966646390916,-1.53,-1.11,-0.87,-0.40999999999999903,0.15376133616013504,-0.02,0.7299999999999991,1.6,2.069999999999999,3.129999999999999,4.659999999999999,0.6643473787501234,0.4376386209011223,-0.9137041711064064,https://github.com/oceanmodeling/ioc_cleanup,0.1.0,sea_surface_height_above_reference_ellipsoid,Sea surface height,total_water_level,included,IOC sea-level data downloaded from https://www.ioc-sealevelmonitoring.org/,m,ioc,timeSeries,timeseries_id,None,web,Rijkswaterstaat ( Netherlands ),2017-01-16 15:37:22,nan,1008.0,0,nan,nan,0,0,10',nan,10',nan,0.93,2026-02-25 08:00,85d,10',POINT (4.11949106655 51.9774704941),[],transformed,2026-09-07T17:48:40.433957,North Sea,Atlantic NE
maya,pwl,-67.1588,18.2176,Puerto Rico,Mayaguez PR,2860039,0 days 00:01:00,0.9889025988806447,0.8801506741686942,-3.218999999999999,-3.129,-3.072,-2.887999999999999,-2.7803427274998214,-2.79,-2.676,-2.444999999999999,-2.37,-2.048999999999999,1.17,0.14618548050642993,0.204467031971471,-0.494452824084493,https://github.com/oceanmodeling/ioc_cleanup,0.1.0,sea_surface_height_above_reference_ellipsoid,Sea surface height,total_water_level,included,IOC sea-level data downloaded from https://www.ioc-sealevelmonitoring.org/,m,ioc,timeSeries,timeseries_id,None,SXXX03,National Ocean Service-NOAA ( USA ) +Universidad de Puerto Rico ( Puerto Rico ) +International Tsunami Information Center Caribbean Office ( USA ),2010-03-08 12:00:00,8898,10080.0,88,38826,43200.0,90,90,1',9',6',336633DE,-2.68,07:27,11',6',POINT (-67.1588 18.2176),[],transformed,2026-09-07T17:48:39.621820,Caribbean Sea,Caribbean
VI12,rad,16.177011111111,41.888083333333,Italy,Vieste,3105640,0 days 00:01:00,0.9967108228899679,0.983798725162206,-0.7289999999999991,-0.5799999999999991,-0.42299999999999904,-0.14399999999999902,-0.04325866595649231,-0.04599999999999901,0.058,0.327,0.446,0.65,1.3789999999999991,0.15571101496422515,-0.0075042727714064094,0.2967494383937548,https://github.com/oceanmodeling/ioc_cleanup,0.1.0,sea_surface_height_above_reference_ellipsoid,Sea surface height,total_water_level,included,IOC sea-level data downloaded from https://www.ioc-sealevelmonitoring.org/,m,ioc,timeSeries,timeseries_id,None,web,Istituto Superiore per la Protezione e la Ricerca Ambientale ( Italy ),2013-12-17 14:35:57,19815,10080.0,197,70513,43200.0,163,198,1',nan,5',nan,-0.14,07:35,2',5',POINT (16.177011111111 41.888083333333),[],transformed,2026-09-07T17:48:39.655515,Adriatic Sea,Mediterranean
holm,rad,20.347222,63.695833,Sweden,Holmsund,2189424,0 days 00:01:00,0.9986343440101141,0.6936277118815897,-0.75,-0.623,-0.36199999999999904,-0.0522,0.09094284372770518,0.096,0.22080000000000002,0.5949999999999991,0.7542578999999902,0.936,1.686,0.20892016653768455,0.05787605939879545,0.1415703717912784,https://github.com/oceanmodeling/ioc_cleanup,0.1.0,sea_surface_height_above_reference_ellipsoid,Sea surface height,total_water_level,included,IOC sea-level data downloaded from https://www.ioc-sealevelmonitoring.org/,m,ioc,timeSeries,timeseries_id,None,web,Swedish Meteorological and Hydrological Institute ( Sweden ) +Swedish Maritime Administration ( Sweden ),2021-10-18 14:38:46,10079,10080.0,100,41758,43200.0,97,100,1',28',1h,nan,-0.07,06:58,40',1h,POINT (20.347222 63.695833),[],transformed,2026-09-07T17:48:40.195586,Baltic Sea,Atlantic NE
pslu,pwl,-120.753,35.168,USA,Port San Luis CA,3116724,0 days 00:01:00,0.995441046432087,0.9872655616382806,-0.93,-0.47399999999999903,-0.264,0.543,0.8861839912536851,0.9389999999999991,1.233,1.9140000000000001,2.087,2.935999999999999,3.865999999999999,0.5048415599531786,-0.2527388781005243,-0.41768535625546077,https://github.com/oceanmodeling/ioc_cleanup,0.1.0,sea_surface_height_above_reference_ellipsoid,Sea surface height,total_water_level,included,IOC sea-level data downloaded from https://www.ioc-sealevelmonitoring.org/,m,ioc,timeSeries,timeseries_id,None,web,National Ocean Service-NOAA ( USA ),2006-06-07 04:30:00,7460,10080.0,74,40374,43200.0,93,100,1',3',6',336A07D8,1.71,07:32,6',6',POINT (-120.753 35.168),[],transformed,2026-09-07T17:48:39.721710,NE Pacific,Pacific NE
arca,rad,-1.16355,44.665,France,Arcachon Eyrac,2260484,0 days 00:01:00,0.9933907959534329,0.7154374493106245,-0.3896,0.31769999999999904,0.5475999999999991,1.7354,2.539799608416022,2.5701,3.352999999999999,4.502699999999999,4.874673700000019,5.359499999999999,5.7490999999999985,1.0101274254934494,-0.05418208212037299,-0.9087079863763368,https://github.com/oceanmodeling/ioc_cleanup,0.1.0,sea_surface_height_above_reference_ellipsoid,Sea surface height,total_water_level,included,IOC sea-level data downloaded from https://www.ioc-sealevelmonitoring.org/,m,ioc,timeSeries,timeseries_id,None,ftp,Service hydrographique et océanographique de la marine ( France ) +Service hydrographique et océanographique de la marine ( France ),2010-02-03 14:47:21,9769,10080.0,97,40625,43200.0,94,97,1',3',5',nan,3.78,07:34,4',5',POINT (-1.16355 44.665),[],transformed,2026-09-07T17:48:40.321834,Bay of Biscay,Atlantic NE
dshu,prt,-156.7783,52.6633,USA,DART SE of Shumagin Is,95688,0 days 00:15:00,0.9921933784800602,0.45472171532846717,4484.508,4484.653687,4484.908869999999,4486.066,4489.6798366357325,4486.598,4487.194,4504.897,4505.202,4505.387,20.878999999999905,6.926470519030369,1.569014181329085,0.5152636702147544,https://github.com/oceanmodeling/ioc_cleanup,0.1.0,sea_surface_height_above_reference_ellipsoid,Sea surface height,total_water_level,included,IOC sea-level data downloaded from https://www.ioc-sealevelmonitoring.org/,m,ioc,timeSeries,timeseries_id,None,web,National Ocean Service-NOAA ( USA ),2023-02-28 15:55:29,nan,672.0,0,nan,nan,0,0,15',nan,6h,nan,4503.97,2026-01-18 12:00,123d,6h,POINT (-156.7783 52.6633),[],transformed,2026-09-07T17:48:41.003120,NE Pacific,Pacific NE
bame,pwl,-68.205,44.3916,USA,Bar Harbor ME,523086,0 days 00:06:00,0.9995851542576173,0.9940313260340633,-0.8129999999999991,-0.44400000000000006,-0.17899999999999902,0.786,1.8496074941675904,1.851999999999999,2.911,3.882,4.155999999999999,4.666,5.478999999999999,1.1520545635574264,0.00032779437747320575,-1.2888374979962343,https://github.com/oceanmodeling/ioc_cleanup,0.1.0,sea_surface_height_above_reference_ellipsoid,Sea surface height,total_water_level,included,IOC sea-level data downloaded from https://www.ioc-sealevelmonitoring.org/,m,ioc,timeSeries,timeseries_id,None,web,National Ocean Service-NOAA ( USA ),2008-06-21 00:00:00,1679,1680.0,100,6960,7200.0,97,100,6',6',6',336747B4,3.68,07:30,8',6',POINT (-68.205 44.3916),[],transformed,2026-09-07T17:48:40.839615,NW Atlantic,Atlantic NW
pwil,prs,-67.608217,-54.932875,Chile,Puerto Williams CL,2852173,0 days 00:01:00,0.9910321007877152,0.9034528968978102,0.5929999999999991,0.8890000000000001,1.098,1.766,2.13361086617216,2.129,2.493999999999999,3.225,3.488,3.937999999999999,3.3449999999999998,0.49313861543678644,0.060750363110785605,-0.5235037636441562,https://github.com/oceanmodeling/ioc_cleanup,0.1.0,sea_surface_height_above_reference_ellipsoid,Sea surface height,total_water_level,included,IOC sea-level data downloaded from https://www.ioc-sealevelmonitoring.org/,m,ioc,timeSeries,timeseries_id,None,SXCH40,Servicio Hidrográfico y Oceanográfico de la Armada ( Chile ) +Servicio Hidrográfico y Oceanográfico de la Armada ( Chile ),2008-06-16 08:21:00,8505,10080.0,84,38113,43200.0,88,87,1',3',5',ADC1A43C,2.9,07:31,7',5',POINT (-67.608217 -54.932875),[],transformed,2026-09-07T17:48:40.123077,SW Atlantic,Atlantic South
acnj,wls,-74.4183,39.355,USA,Atlantic City NJ,3013647,0 days 00:01:00,0.9990904707817472,0.9543931848134631,-0.7079999999999991,-0.374,-0.113,0.466,0.8470137044596834,0.8459999999999991,1.219,1.827999999999999,2.056999999999999,2.4050000000000002,3.1129999999999995,0.47188532172679176,0.03200145480363481,-0.7678504789540712,https://github.com/oceanmodeling/ioc_cleanup,0.1.0,sea_surface_height_above_reference_ellipsoid,Sea surface height,total_water_level,included,IOC sea-level data downloaded from https://www.ioc-sealevelmonitoring.org/,m,ioc,timeSeries,timeseries_id,220,web,National Ocean Service-NOAA ( USA ),2008-06-06 00:00:00,10079,10080.0,100,41760,43200.0,97,100,1',3',6',3367B730,0.51,07:33,5',6',POINT (-74.4183 39.355),[],transformed,2026-09-07T17:48:40.412851,NW Atlantic,Atlantic NW
call,prs,-77.1668,-12.069,Perú,"Callao,La-Punta PE",2718862,0 days 00:01:00,0.9872954199220115,0.8548379840835361,0.02,1.587,1.690999999999999,2.0,2.1707000717864977,2.153999999999999,2.334,2.717,2.843999999999999,3.245,3.225,0.23547201584311006,0.2234606395783093,-0.39498478690292815,https://github.com/oceanmodeling/ioc_cleanup,0.1.0,sea_surface_height_above_reference_ellipsoid,Sea surface height,total_water_level,included,IOC sea-level data downloaded from https://www.ioc-sealevelmonitoring.org/,m,ioc,timeSeries,timeseries_id,173,SEPO40,Dirección de Hidrografía y Navegación (Perú) +University of Hawaii Sea Level Center ( USA ),2008-06-27 17:02:00,9110,10080.0,90,39755,43200.0,92,91,1',3',5',354165B4,5.85,07:35,3',5',POINT (-77.1668 -12.069),[],transformed,2026-09-07T17:48:40.681454,SE Pacific,Pacific SE
elpo,rad,-78.94918,9.55827,Panamá,El Porvenir,2907272,0 days 00:01:00,0.9908185405424742,0.8753643298864558,6.373,6.426,6.471,6.61,6.7026639969309505,6.690999999999999,6.786999999999999,6.995,7.059999999999999,7.990999999999999,1.6179999999999986,0.12273014623062722,0.3560138511740672,-0.4153507216647334,https://github.com/oceanmodeling/ioc_cleanup,0.1.0,sea_surface_height_above_reference_ellipsoid,Sea surface height,total_water_level,included,IOC sea-level data downloaded from https://www.ioc-sealevelmonitoring.org/,m,ioc,timeSeries,timeseries_id,None,SZXX01,Instituto de Geociencias- Universidad de Panamá ( Panama ) +University of Hawaii Sea Level Center ( USA ) +International Tsunami Information Center Caribbean Office ( USA ),2012-08-26 12:57:40,8425,10080.0,84,36345,43200.0,84,83,1',5',5',300434067057990,6.89,07:25,13',5',POINT (-78.94918 9.55827),[],transformed,2026-09-07T17:48:40.452869,Caribbean Sea,Caribbean
solo,aqu,159.9555,-9.4289,Solomon Islands,Honiara,2867159,0 days 00:01:00,0.9950051601602841,0.9071155210867802,0.10299999999999901,0.17699999999999902,0.28299999999999903,0.646,0.8131821801618553,0.8209999999999991,0.9889999999999991,1.284,1.37,1.933,1.830000000000001,0.2354847486504802,-0.14049597607427217,-0.5222627458399156,https://github.com/oceanmodeling/ioc_cleanup,0.1.0,sea_surface_height_above_reference_ellipsoid,Sea surface height,total_water_level,included,IOC sea-level data downloaded from https://www.ioc-sealevelmonitoring.org/,m,ioc,timeSeries,timeseries_id,66,SZPS01,National Tidal Centre/Australian Bureau of Meteorology ( Australia ),2009-02-09 10:06:00,10077,10080.0,100,41736,43200.0,97,100,1',3',3',56670,0.48,07:35,3',3',POINT (159.9555 -9.4289),[],transformed,2026-09-07T17:48:40.536133,SW Pacific,Pacific SW
sthm,rad,18.081944,59.324167,Sweden,Stockholm,3012428,0 days 00:01:00,0.9982074260364066,0.9542959245742092,-0.31459999999999905,-0.27079999999999904,-0.1995,0.0391,0.38456263000395696,0.14699999999999902,0.253,7.347999999999999,7.546,7.852999999999999,8.167599999999998,1.3025316937474394,5.0381868929265075,23.821721786910576,https://github.com/oceanmodeling/ioc_cleanup,0.1.0,sea_surface_height_above_reference_ellipsoid,Sea surface height,total_water_level,included,IOC sea-level data downloaded from https://www.ioc-sealevelmonitoring.org/,m,ioc,timeSeries,timeseries_id,341,web,Swedish Meteorological and Hydrological Institute ( Sweden ) +Swedish Maritime Administration ( Sweden ),2008-06-10 00:05:00,10075,10080.0,100,41757,43200.0,97,100,1',32',1h,nan,-0.06,06:48,50',1h,POINT (18.081944 59.324167),['2020-05-01T20:36:00'],transformed,2026-09-07T17:48:40.353220,Baltic Sea,Atlantic NE
john,rad,-169.5233,16.739,USA,Johnston US,2643283,0 days 00:01:00,0.9975155895150084,0.8343753168085969,6.504999999999999,6.621,6.727,7.025,7.197528045642443,7.19,7.367,7.698,7.823999999999999,8.116,1.6110000000000007,0.2283734529927687,0.10086587694545378,-0.5687435947723567,https://github.com/oceanmodeling/ioc_cleanup,0.1.0,sea_surface_height_above_reference_ellipsoid,Sea surface height,total_water_level,included,IOC sea-level data downloaded from https://www.ioc-sealevelmonitoring.org/,m,ioc,timeSeries,timeseries_id,109,SXHW11,University of Hawaii Sea Level Center ( USA ),2008-06-19 13:14:00,9433,10080.0,94,40735,43200.0,94,93,1',3',5',15D142A4,7.45,07:32,6',5',POINT (-169.5233 16.739),[],transformed,2026-09-07T17:48:40.888348,NE Pacific,Pacific NE
leso,rad,-1.79373,46.4975,France,Les Sables d'Olonne,3073773,0 days 00:01:00,0.9957485474691853,0.9649457623682076,0.069,0.4319,0.8436,2.403999999999999,3.3719783739877967,3.5162,4.334299999999999,5.521399999999999,5.8875,6.594599999999999,6.525599999999999,1.1889677520107735,-0.2325254989481617,-0.8971838401088719,https://github.com/oceanmodeling/ioc_cleanup,0.1.0,sea_surface_height_above_reference_ellipsoid,Sea surface height,total_water_level,included,IOC sea-level data downloaded from https://www.ioc-sealevelmonitoring.org/,m,ioc,timeSeries,timeseries_id,None,ftp,Service hydrographique et océanographique de la marine ( France ) +Service hydrographique et océanographique de la marine ( France ),2010-04-01 08:12:43,9839,10080.0,98,40642,43200.0,94,99,1',2',5',nan,4.66,07:35,3',5',POINT (-1.79373 46.4975),[],transformed,2026-09-07T17:48:40.835354,Bay of Biscay,Atlantic NE
pich2,prs,-71.529306,-32.135611,Chile,Pichidangui CL,3041426,0 days 00:01:00,0.9065711281484409,0.9633414436334145,0.024,1.5110000000000001,1.6440000000000001,2.063,2.3537295561516034,2.331,2.621999999999999,3.205,3.371,3.584,3.56,0.3728368522851303,0.2339460499519431,-0.5617412204187784,https://github.com/oceanmodeling/ioc_cleanup,0.1.0,sea_surface_height_above_reference_ellipsoid,Sea surface height,total_water_level,included,IOC sea-level data downloaded from https://www.ioc-sealevelmonitoring.org/,m,ioc,timeSeries,timeseries_id,None,web,Servicio Hidrográfico y Oceanográfico de la Armada ( Chile ),2013-04-09 18:50:45,9801,10080.0,97,40373,43200.0,93,97,1',4',5',nan,4.95,07:30,7',5',POINT (-71.529306 -32.135611),[],transformed,2026-09-07T17:48:40.572367,SE Pacific,Pacific SE
brom,aqu,122.2186,-18.0008,Australia,Broome AU,3099201,0 days 00:01:00,0.999033944555387,0.9716998048459043,0.233,0.749,1.387,4.194,5.659388103813604,5.682,7.139999999999999,9.877,10.747,11.669,11.436,2.0441284508145356,-0.027167716075443563,-0.6190254592817026,https://github.com/oceanmodeling/ioc_cleanup,0.1.0,sea_surface_height_above_reference_ellipsoid,Sea surface height,total_water_level,included,IOC sea-level data downloaded from https://www.ioc-sealevelmonitoring.org/,m,ioc,timeSeries,timeseries_id,40,SZAU01,National Tidal Centre/Australian Bureau of Meteorology ( Australia ),2007-12-05 22:50:00,10077,10080.0,100,41730,43200.0,97,100,1',3',3',62650,6.92,07:35,3',3',POINT (122.2186 -18.0008),"['2022-01-01T00:00:00', '2023-01-28T00:00:00', '2023-08-17T00:39:00', '2024-11-01T16:19:00', '2024-11-17T21:14:00', '2024-12-08T00:00:00', '2025-01-01T00:00:00']",transformed,2026-09-07T17:48:41.066737,West Australia,Indian
kush,rad,144.37,42.98,Japan,Kushiro,3132154,0 days 00:01:00,0.9996730684378865,0.9921675410583941,0.7711,0.9509999999999991,1.1125,1.7282000000000002,1.9762953438277615,2.051299999999999,2.252499999999999,2.572499999999999,2.715799999999999,3.0358,2.2647,0.3560562320210265,-0.5705835845715485,-0.43623783079645095,https://github.com/oceanmodeling/ioc_cleanup,0.1.0,sea_surface_height_above_reference_ellipsoid,Sea surface height,total_water_level,included,IOC sea-level data downloaded from https://www.ioc-sealevelmonitoring.org/,m,ioc,timeSeries,timeseries_id,89,SWJP40,Japan Meteorological Agency ( Japan ),2012-03-21 10:00:20,10040,10080.0,100,41660,43200.0,96,100,1',8',10',KUSHIRO,1.75,07:29,9',10',POINT (144.37 42.98),[],transformed,2026-09-07T17:48:41.329317,NW Pacific,Pacific NW
bamf,enc,-125.14,48.84,Canada,Bamfield,2792766,0 days 00:01:00,0.9990815557049892,0.884680403487429,-0.194,-0.034,0.265,1.425,2.0106476703828426,2.052999999999999,2.625999999999999,3.569999999999999,3.891999999999999,4.351,4.545,0.7972156428995548,-0.17141631919508732,-0.6681077810807619,https://github.com/oceanmodeling/ioc_cleanup,0.1.0,sea_surface_height_above_reference_ellipsoid,Sea surface height,total_water_level,included,IOC sea-level data downloaded from https://www.ioc-sealevelmonitoring.org/,m,ioc,timeSeries,timeseries_id,None,web,Fisheries and Oceans Canada ( Canada ),2008-10-23 00:00:00,10080,10080.0,100,41734,43200.0,97,100,1',nan,10',nan,2.08,07:36,2',10',POINT (-125.14 48.84),[],transformed,2026-09-07T17:48:41.269970,NE Pacific,Pacific NE
OR24,rad,14.414861111111,42.3559,Italy,Ortona,3068561,0 days 00:01:00,0.9958596228003941,0.9721078543187348,-0.6049999999999991,-0.5,-0.38,-0.10400000000000001,0.0013005775901036357,-0.003,0.10400000000000001,0.397,0.547,0.8249999999999991,1.4299999999999982,0.1600380909340567,0.09883318121737396,0.3108159885566466,https://github.com/oceanmodeling/ioc_cleanup,0.1.0,sea_surface_height_above_reference_ellipsoid,Sea surface height,total_water_level,included,IOC sea-level data downloaded from https://www.ioc-sealevelmonitoring.org/,m,ioc,timeSeries,timeseries_id,None,web,Istituto Superiore per la Protezione e la Ricerca Ambientale ( Italy ),2013-12-17 14:35:57,24568,10080.0,244,118586,43200.0,275,238,1',nan,5',nan,-0.22,07:35,2',5',POINT (14.414861111111 42.3559),[],transformed,2026-09-07T17:48:40.936097,Adriatic Sea,Mediterranean
valp2,prs,-71.62787275,-33.02767128,Chile,Valparaiso CL,3035938,0 days 00:01:00,0.8982337583969107,0.9553654703974047,1.106,1.5,1.6280000000000001,2.044,2.3359275830417374,2.313,2.605999999999999,3.193,3.363,3.666999999999999,2.560999999999999,0.3742405663804036,0.2461468588618814,-0.5970970834530989,https://github.com/oceanmodeling/ioc_cleanup,0.1.0,sea_surface_height_above_reference_ellipsoid,Sea surface height,total_water_level,included,IOC sea-level data downloaded from https://www.ioc-sealevelmonitoring.org/,m,ioc,timeSeries,timeseries_id,175,web,Servicio Hidrográfico y Oceanográfico de la Armada ( Chile ) +Servicio Hidrográfico y Oceanográfico de la Armada ( Chile ),2013-03-18 17:40:25,9995,10080.0,99,41078,43200.0,95,100,1',4',5',nan,4.23,07:30,7',5',POINT (-71.62787275 -33.02767128),[],transformed,2026-09-07T17:48:41.201011,SE Pacific,Pacific SE
mars,rad,5.3558,43.2911,France,Marseille,1856057,0 days 00:01:00,0.9968352265043584,0.5880119626926196,0.070199999999999,0.14219999999999902,0.24809999999999902,0.4766,0.5597291821116691,0.5521,0.6372999999999991,0.9622,1.156095299999997,1.4268,1.3566000000000011,0.13277896826646976,0.503680769864308,1.742889206611896,https://github.com/oceanmodeling/ioc_cleanup,0.1.0,sea_surface_height_above_reference_ellipsoid,Sea surface height,total_water_level,included,IOC sea-level data downloaded from https://www.ioc-sealevelmonitoring.org/,m,ioc,timeSeries,timeseries_id,205,ftp,Service hydrographique et océanographique de la marine ( France ) +Service hydrographique et océanographique de la marine ( France ),2009-04-14 23:59:47,9787,10080.0,97,40624,43200.0,94,98,1',3',5',nan,0.37,07:34,4',5',POINT (5.3558 43.2911),[],transformed,2026-09-07T17:48:42.162683,Mediterranean Sea,Mediterranean
hie2,rad,-17.90163,27.78408,Spain,ElHierro,3063939,0 days 00:01:00,0.9960482241976749,0.9706251900851581,0.372,0.531,0.675,1.211,1.5874972499468787,1.583,1.9580000000000002,2.539,2.717,2.91,2.5380000000000003,0.4673542688847422,0.04292718455629462,-0.8747714668265383,https://github.com/oceanmodeling/ioc_cleanup,0.1.0,sea_surface_height_above_reference_ellipsoid,Sea surface height,total_water_level,included,IOC sea-level data downloaded from https://www.ioc-sealevelmonitoring.org/,m,ioc,timeSeries,timeseries_id,None,ftp,Puertos del Estado ( Spain ),2014-01-16 15:41:43,9528,10080.0,95,41605,43200.0,96,100,1',4',4',nan,1.39,07:35,3',4',POINT (-17.90163 27.78408),[],transformed,2026-09-07T17:48:41.904261,NE Atlantic,Atlantic NE
san2,rad,-3.79076,43.4613,Spain,Santander,2937557,0 days 00:01:00,0.9812316833341447,0.9303017918694242,0.42499999999999905,0.6604780000000001,0.9589999999999991,2.096,2.929456493303715,2.944999999999999,3.766,4.849,5.182,5.503,5.078000000000001,1.0037212555632709,-0.0332354397730515,-1.0007700730036797,https://github.com/oceanmodeling/ioc_cleanup,0.1.0,sea_surface_height_above_reference_ellipsoid,Sea surface height,total_water_level,included,IOC sea-level data downloaded from https://www.ioc-sealevelmonitoring.org/,m,ioc,timeSeries,timeseries_id,None,ftp,Puertos del Estado ( Spain ),2014-01-16 15:41:43,10012,10080.0,99,40573,43200.0,94,100,1',5',4',nan,4.11,07:35,3',4',POINT (-3.79076 43.4613),[],transformed,2026-09-07T17:48:41.498856,Bay of Biscay,Atlantic NE
deke,prs,158.2001,6.980599999999999,Micronesia,"Dekehtik,Pohnpei FM",2073621,0 days 00:01:00,0.9985990689716202,0.568668896999189,0.117,0.191,0.30599999999999905,0.665,0.8879065449873867,0.8629999999999991,1.096,1.596,1.726,1.806999999999999,1.689999999999999,0.29987320730006317,0.2918607289794094,-0.4484351539480196,https://github.com/oceanmodeling/ioc_cleanup,0.1.0,sea_surface_height_above_reference_ellipsoid,Sea surface height,total_water_level,included,IOC sea-level data downloaded from https://www.ioc-sealevelmonitoring.org/,m,ioc,timeSeries,timeseries_id,115,SZPA01,Yap Weather Service Office ( Federated States of Micronesia ) +National Tidal Centre/Australian Bureau of Meteorology ( Australia ),2008-06-05 13:17:00,10075,10080.0,100,41733,43200.0,97,100,1',3',3',67950,0.56,07:35,3',3',POINT (158.2001 6.980599999999999),[],transformed,2026-09-07T17:48:42.139718,NW Pacific,Pacific NW
ishig,rad,124.16,24.33,Japan,Ishigakijima,3128565,0 days 00:01:00,0.9994946564958695,0.9901862200932684,0.6492,0.8229999999999991,1.0607,1.7953000000000001,2.091959763532462,2.124499999999999,2.4049,2.968799999999999,3.1791,3.4961,2.8469,0.43289158281761786,-0.2536023100876349,-0.34068911423292647,https://github.com/oceanmodeling/ioc_cleanup,0.1.0,sea_surface_height_above_reference_ellipsoid,Sea surface height,total_water_level,included,IOC sea-level data downloaded from https://www.ioc-sealevelmonitoring.org/,m,ioc,timeSeries,timeseries_id,None,SWJP40,Japan Meteorological Agency ( Japan ),2008-05-15 13:59:00,10040,10080.0,100,41660,43200.0,96,100,1',8',10',ISHIGAKIJIMA,1.37,07:29,9',10',POINT (124.16 24.33),[],transformed,2026-09-07T17:48:42.041893,Yellow Sea,Pacific NW
PL14,rad,15.275291666666668,40.02991111111111,Italy,Palinuro,3111458,0 days 00:01:00,0.9968767053902061,0.9817005018248175,-0.5699999999999991,-0.46999999999999903,-0.35099999999999903,-0.116,-0.02618970909905318,-0.025999999999999003,0.067,0.27,0.35299999999999904,0.524,1.093999999999999,0.13189587203533573,-0.11250479259726977,0.030904971486722665,https://github.com/oceanmodeling/ioc_cleanup,0.1.0,sea_surface_height_above_reference_ellipsoid,Sea surface height,total_water_level,included,IOC sea-level data downloaded from https://www.ioc-sealevelmonitoring.org/,m,ioc,timeSeries,timeseries_id,None,web,Istituto Superiore per la Protezione e la Ricerca Ambientale ( Italy ),2013-12-17 14:35:57,40302,10080.0,400,149595,43200.0,346,400,1',nan,5',nan,-0.09,07:37,nan,5',POINT (15.275291666666668 40.02991111111111),[],transformed,2026-09-07T17:48:41.847745,Mediterranean Sea,Mediterranean
fong,aqu,179.1949,-8.5033,Tuvalu Islands,Fongafale TV,2873279,0 days 00:01:00,0.9962433164339418,0.9101549827656124,0.877,1.032999999999999,1.179999999999999,1.730999999999999,2.094326921082145,2.091,2.448999999999999,3.067,3.250999999999999,3.41,2.5330000000000004,0.4607965404283775,0.05427429360756654,-0.7773778494502115,https://github.com/oceanmodeling/ioc_cleanup,0.1.0,sea_surface_height_above_reference_ellipsoid,Sea surface height,total_water_level,included,IOC sea-level data downloaded from https://www.ioc-sealevelmonitoring.org/,m,ioc,timeSeries,timeseries_id,121,SZPS01,+National Tidal Centre/Australian Bureau of Meteorology ( Australia ),2007-12-12 10:14:00,10077,10080.0,100,41736,43200.0,97,100,1',3',3',67440,2.3,07:35,3',3',POINT (179.1949 -8.5033),[],transformed,2026-09-07T17:48:42.195691,SW Pacific,Pacific SW
RC09,rad,15.648916666666667,38.121719444444444,Italy,Reggio Calabria,3100544,0 days 00:01:00,0.9968931258514635,0.9821221740673155,-0.639,-0.554,-0.447,-0.20599999999999902,-0.13589888353377616,-0.131,-0.058999999999999005,0.109,0.17699999999999902,0.28299999999999903,0.921999999999999,0.11353073718298287,-0.3453972471594746,0.444011289647273,https://github.com/oceanmodeling/ioc_cleanup,0.1.0,sea_surface_height_above_reference_ellipsoid,Sea surface height,total_water_level,included,IOC sea-level data downloaded from https://www.ioc-sealevelmonitoring.org/,m,ioc,timeSeries,timeseries_id,None,web,Istituto Superiore per la Protezione e la Ricerca Ambientale ( Italy ),2013-12-17 14:35:57,37298,10080.0,370,137228,43200.0,318,355,1',nan,5',nan,-0.19,07:36,1',5',POINT (15.648916666666667 38.121719444444444),[],transformed,2026-09-07T17:48:42.023504,Mediterranean Sea,Mediterranean
CT03,rad,15.0938,37.498,Italy,Catania,3108252,0 days 00:01:00,0.997578059951381,0.9560428071776156,-0.42499999999999905,-0.341,-0.234,0.023,0.09819105022649455,0.106,0.18099999999999902,0.34599999999999903,0.41199999999999903,0.541,0.9659999999999991,0.11868744307641663,-0.4217240322194634,0.45477004420281997,https://github.com/oceanmodeling/ioc_cleanup,0.1.0,sea_surface_height_above_reference_ellipsoid,Sea surface height,total_water_level,included,IOC sea-level data downloaded from https://www.ioc-sealevelmonitoring.org/,m,ioc,timeSeries,timeseries_id,None,web,Istituto Superiore per la Protezione e la Ricerca Ambientale ( Italy ),2010-09-13 18:14:24,40074,10080.0,398,139926,43200.0,324,398,1',nan,5',nan,0.12,07:35,2',5',POINT (15.0938 37.498),[],transformed,2026-09-07T17:48:42.352386,Mediterranean Sea,Mediterranean
barn,aqu,145.915,-41.0501,Australia,Burnie Tasmania AU,3135793,0 days 00:01:00,0.9992939584978983,0.9933619094687753,0.0,0.14199999999999902,0.39,1.262,2.0044796696057787,2.019,2.786999999999999,3.436999999999999,3.605999999999999,3.916999999999999,3.916999999999999,0.8461654172105545,-0.08613561575547778,-1.2116159426622097,https://github.com/oceanmodeling/ioc_cleanup,0.1.0,sea_surface_height_above_reference_ellipsoid,Sea surface height,total_water_level,included,IOC sea-level data downloaded from https://www.ioc-sealevelmonitoring.org/,m,ioc,timeSeries,timeseries_id,None,SZAU01,National Tidal Centre/Australian Bureau of Meteorology ( Australia ),2007-12-12 10:14:00,10077,10080.0,100,41715,43200.0,97,100,1',3',3',60910,2.78,07:35,3',3',POINT (145.915 -41.0501),[],transformed,2026-09-07T17:48:42.460352,West Australia,Indian
wpwa,pwl,-124.11,46.9083,USA,"Westport, WA",3118369,0 days 00:01:00,0.9989536196646388,0.9863430150040552,-1.036,-0.787,-0.42699999999999905,0.876,1.4799366362259312,1.5270000000000001,2.129999999999999,3.125,3.477999999999999,4.065,5.101000000000001,0.8445867661307647,-0.21342039460901985,-0.5947354849433988,https://github.com/oceanmodeling/ioc_cleanup,0.1.0,sea_surface_height_above_reference_ellipsoid,Sea surface height,total_water_level,included,IOC sea-level data downloaded from https://www.ioc-sealevelmonitoring.org/,m,ioc,timeSeries,timeseries_id,None,web,National Ocean Service-NOAA ( USA ),2006-06-07 04:30:00,10044,10080.0,100,41718,43200.0,97,100,1',2',6',nan,1.42,07:33,5',6',POINT (-124.11 46.9083),[],transformed,2026-09-07T17:48:42.435315,NE Pacific,Pacific NE
chrs,rad,105.6693,-10.4294,Australia,Christmas Island AU,3012806,0 days 00:01:00,0.9980214457884112,0.9523732131995134,0.0,0.032,0.138,0.6039999999999991,0.8563655626288399,0.8329999999999991,1.098,1.6640000000000001,1.866,2.916999999999999,2.916999999999999,0.3505010265444751,0.21584276575865238,-0.39822931407906825,https://github.com/oceanmodeling/ioc_cleanup,0.1.0,sea_surface_height_above_reference_ellipsoid,Sea surface height,total_water_level,included,IOC sea-level data downloaded from https://www.ioc-sealevelmonitoring.org/,m,ioc,timeSeries,timeseries_id,47,SZIO01,National Tidal Centre/Australian Bureau of Meteorology ( Australia ),2007-12-12 10:14:00,10077,10080.0,100,41661,43200.0,96,100,1',3',3',46290,0.75,07:35,3',3',POINT (105.6693 -10.4294),[],transformed,2026-09-07T17:48:42.829499,North Indian,Indian
thev,prs,133.6413,-32.1489,Australia,Thevenard AU,2702953,0 days 00:01:00,0.9994787182759005,0.8562617219180859,0.0,0.062,0.215,0.781,1.1120793903150574,1.084,1.407999999999999,2.242999999999999,2.616,3.376999999999999,3.376999999999999,0.4569463131228619,0.33931466752017864,-0.14843914780359535,https://github.com/oceanmodeling/ioc_cleanup,0.1.0,sea_surface_height_above_reference_ellipsoid,Sea surface height,total_water_level,included,IOC sea-level data downloaded from https://www.ioc-sealevelmonitoring.org/,m,ioc,timeSeries,timeseries_id,308,SZAU01,National Tidal Centre/Australian Bureau of Meteorology ( Australia ),2007-12-05 22:50:00,10077,10080.0,100,41730,43200.0,97,100,1',3',3',62000,1.29,07:35,3',3',POINT (133.6413 -32.1489),[],transformed,2026-09-07T17:48:42.810354,West Australia,Indian
barc,rad,2.1657,41.34177,Spain,Barcelona,2994560,0 days 00:01:00,0.99493548300919,0.9486836602798053,-0.078,0.021999999999999003,0.114,0.323,0.39192279848963113,0.396,0.465,0.642,0.7329999999999991,0.906,0.984,0.10968663017482505,-0.18184222442726597,0.2768700686167165,https://github.com/oceanmodeling/ioc_cleanup,0.1.0,sea_surface_height_above_reference_ellipsoid,Sea surface height,total_water_level,included,IOC sea-level data downloaded from https://www.ioc-sealevelmonitoring.org/,m,ioc,timeSeries,timeseries_id,None,ftp,Puertos del Estado ( Spain ),2008-02-27 11:12:00,10080,10080.0,100,41730,43200.0,97,100,1',8',4',nan,0.28,07:30,8',4',POINT (2.1657 41.34177),[],transformed,2026-09-07T17:48:42.663702,Mediterranean Sea,Mediterranean
olan,rad,17.097222,57.366111,Sweden,Olands norra udde,2198129,0 days 00:01:00,0.9990164362510117,0.6963538498580697,-1.119899999999999,-0.20499999999999902,-0.1348,0.10299999999999901,0.2113625521888491,0.215,0.308,0.646,0.8569999999999991,1.107,2.2268999999999988,0.1677327139863215,0.2771223113504092,0.4879284016184102,https://github.com/oceanmodeling/ioc_cleanup,0.1.0,sea_surface_height_above_reference_ellipsoid,Sea surface height,total_water_level,included,IOC sea-level data downloaded from https://www.ioc-sealevelmonitoring.org/,m,ioc,timeSeries,timeseries_id,None,web,Swedish Meteorological and Hydrological Institute ( Sweden ) +Swedish Maritime Administration ( Sweden ),2021-10-18 15:15:40,10080,10080.0,100,41621,43200.0,96,100,1',26',1h,nan,0.0,06:58,40',1h,POINT (17.097222 57.366111),[],transformed,2026-09-07T17:48:43.016925,Baltic Sea,Atlantic NE
carb,rad,-1.899589999999999,36.9743,Spain,Carboneras,3028593,0 days 00:01:00,0.9971594070249783,0.9592885112530414,-0.28299999999999903,-0.183,-0.083,0.107,0.17864856810244442,0.185,0.255,0.405,0.466,0.9379999999999991,1.220999999999998,0.10709458013159491,-0.25845494885443715,-0.06265169697267803,https://github.com/oceanmodeling/ioc_cleanup,0.1.0,sea_surface_height_above_reference_ellipsoid,Sea surface height,total_water_level,included,IOC sea-level data downloaded from https://www.ioc-sealevelmonitoring.org/,m,ioc,timeSeries,timeseries_id,None,ftp,Puertos del Estado ( Spain ),2014-01-16 15:41:43,9278,10080.0,92,41519,43200.0,96,100,1',4',4',nan,0.06,07:35,3',4',POINT (-1.899589999999999 36.9743),[],transformed,2026-09-07T17:48:42.902759,Mediterranean Sea,Mediterranean
CF06,rad,8.3081,39.1436,Italy,Carloforte,3045652,0 days 00:01:00,0.9977765023712493,0.9581739786090835,-1.45,-1.45,-0.17599999999999902,0.085,0.19162398837212738,0.199,0.30299999999999905,0.53,0.5969999999999991,0.7259999999999991,2.1759999999999993,0.18331429286549306,-2.8720015949681876,24.553651697559726,https://github.com/oceanmodeling/ioc_cleanup,0.1.0,sea_surface_height_above_reference_ellipsoid,Sea surface height,total_water_level,included,IOC sea-level data downloaded from https://www.ioc-sealevelmonitoring.org/,m,ioc,timeSeries,timeseries_id,None,web,Istituto Superiore per la Protezione e la Ricerca Ambientale ( Italy ),2008-09-27 07:30:00,39537,10080.0,392,138162,43200.0,320,398,1',nan,5',nan,0.13,07:35,2',5',POINT (8.3081 39.1436),[],transformed,2026-09-07T17:48:43.292165,Mediterranean Sea,Mediterranean
gij2,rad,-5.698349999999999,43.55803,Spain,Gijon,3020562,0 days 00:01:00,0.9979351524650049,0.9567394692822384,0.323,0.5849999999999991,0.88,1.992,2.80626465622205,2.822,3.62,4.687999999999999,5.011999999999999,5.352999999999999,5.0299999999999985,0.9816376061111289,-0.03288514938409036,-0.9972105846821409,https://github.com/oceanmodeling/ioc_cleanup,0.1.0,sea_surface_height_above_reference_ellipsoid,Sea surface height,total_water_level,included,IOC sea-level data downloaded from https://www.ioc-sealevelmonitoring.org/,m,ioc,timeSeries,timeseries_id,None,ftp,Puertos del Estado ( Spain ),2014-01-16 15:41:43,10070,10080.0,100,41528,43200.0,96,100,1',5',4',nan,3.94,07:35,3',4',POINT (-5.698349999999999 43.55803),[],transformed,2026-09-07T17:48:43.296641,Bay of Biscay,Atlantic NE
smog,rad,11.217778,58.353611,Sweden,Smogen,3023082,0 days 00:01:00,0.9964949677183749,0.9577383667883211,-0.7349999999999991,-0.571983799999999,-0.42099999999999904,-0.122,0.21790066012102877,0.012,0.1698,6.131,6.585,7.025999999999999,7.760999999999998,1.1047848297843055,4.908909911246752,23.12546452472641,https://github.com/oceanmodeling/ioc_cleanup,0.1.0,sea_surface_height_above_reference_ellipsoid,Sea surface height,total_water_level,included,IOC sea-level data downloaded from https://www.ioc-sealevelmonitoring.org/,m,ioc,timeSeries,timeseries_id,None,web,Swedish Meteorological and Hydrological Institute ( Sweden ) +Swedish Maritime Administration ( Sweden ),2006-07-29 10:56:00,10078,10080.0,100,41754,43200.0,97,100,1',28',1h,nan,0.12,06:58,40',1h,POINT (11.217778 58.353611),['2020-05-01T00:00:00'],transformed,2026-09-07T17:48:43.177460,North Sea,Atlantic NE
amas,rad,32.391750335693,41.744358062744,Turkey,Amasra,4959152,0 days 00:00:30,0.9999116784482508,0.7855014129663422,1.6440000000000001,1.7970000000000002,1.851,1.975,2.0511879490340372,2.040999999999999,2.126999999999999,2.282,2.331999999999999,2.515,0.871,0.10332807255984675,0.23710865099944767,-0.5822442179055454,https://github.com/oceanmodeling/ioc_cleanup,0.1.0,sea_surface_height_above_reference_ellipsoid,Sea surface height,total_water_level,included,IOC sea-level data downloaded from https://www.ioc-sealevelmonitoring.org/,m,ioc,timeSeries,timeseries_id,None,web,General Directorate of Mapping ( Turkey ),2020-11-05 21:54:57,nan,20160.0,0,nan,nan,0,0,0.5',nan,2',nan,2.08,2026-01-24 07:33,117d,2',POINT (32.391750335693 41.744358062744),[],transformed,2026-09-07T17:48:42.616068,Black Sea,Mediterranean
itea,rad,22.422779083252,38.430351257324,Greece,"Itea, Central Greece",2870439,0 days 00:01:00,0.996841946475783,0.9093357157339822,-0.5759999999999991,-0.36199999999999904,-0.221,0.08999999999999901,0.20246761592864831,0.20799999999999902,0.322,0.552,0.6647009999998845,0.9689999999999991,1.5449999999999982,0.1680790370251939,-0.23184316906000674,0.013481383930401769,https://github.com/oceanmodeling/ioc_cleanup,0.1.0,sea_surface_height_above_reference_ellipsoid,Sea surface height,total_water_level,included,IOC sea-level data downloaded from https://www.ioc-sealevelmonitoring.org/,m,ioc,timeSeries,timeseries_id,None,bgan,National Observatory of Athens ( Greece ),2018-10-29 21:19:09,10080,10080.0,100,41756,43200.0,97,100,1',1',1',GR-ITEA-00,0.01,07:36,2',1',POINT (22.422779083252 38.430351257324),[],transformed,2026-09-07T17:48:43.622165,Mediterranean Sea,Mediterranean
greg2,rad,-70.209167,-52.648056,Chile,Bahia Gregorio CL,961459,0 days 00:01:00,0.9813814213606612,0.29456926703163017,3.726999999999999,4.052999999999999,4.4030000000000005,5.618,6.451187060255839,6.418,7.312999999999999,8.516,8.824,9.119,5.392000000000001,1.038438722236253,0.012115750000269418,-0.9243060216457057,https://github.com/oceanmodeling/ioc_cleanup,0.1.0,sea_surface_height_above_reference_ellipsoid,Sea surface height,total_water_level,included,IOC sea-level data downloaded from https://www.ioc-sealevelmonitoring.org/,m,ioc,timeSeries,timeseries_id,None,web,Servicio Hidrográfico y Oceanográfico de la Armada ( Chile ),2015-07-08 16:34:23,10080,10080.0,100,41713,43200.0,97,100,1',4',5',nan,6.89,07:32,5',5',POINT (-70.209167 -52.648056),[],transformed,2026-09-07T17:48:44.392902,SE Pacific,Pacific SE
boma,pwl,-71.0516,42.355,USA,Boston MA,523269,0 days 00:06:00,0.9991572212380248,0.9944666210462287,-0.7289999999999991,-0.439,-0.137,0.8279999999999991,1.7287298941642182,1.746999999999999,2.625999999999999,3.544,3.8208319999999936,4.391,5.119999999999999,1.0072009995586022,-0.0340015999008191,-1.1830581275989929,https://github.com/oceanmodeling/ioc_cleanup,0.1.0,sea_surface_height_above_reference_ellipsoid,Sea surface height,total_water_level,included,IOC sea-level data downloaded from https://www.ioc-sealevelmonitoring.org/,m,ioc,timeSeries,timeseries_id,None,web,National Ocean Service-NOAA ( USA ),2008-06-21 00:00:00,1297,1680.0,77,6960,7200.0,97,90,6',6',6',335E54EE,3.49,07:30,8',6',POINT (-71.0516 42.355),[],transformed,2026-09-07T17:48:44.500948,NW Atlantic,Atlantic NW
wick,bub,-3.089999999999999,58.44,UK,Wick Harbour,207437,0 days 00:15:00,0.9980620622164802,0.9851305885036497,-0.043999999999999005,0.24030199999999902,0.5629999999999991,1.5070000000000001,2.1527466992759385,2.141,2.806,3.7399800000000107,4.068396000000008,4.363999999999999,4.407999999999998,0.7972587167409919,0.009725672134332917,-0.901622598284797,https://github.com/oceanmodeling/ioc_cleanup,0.1.0,sea_surface_height_above_reference_ellipsoid,Sea surface height,total_water_level,included,IOC sea-level data downloaded from https://www.ioc-sealevelmonitoring.org/,m,ioc,timeSeries,timeseries_id,None,ftp,National Oceanography Centre ( UK ),2012-09-04 21:04:31,671,672.0,100,2781,2880.0,97,99,15',40',15',nan,1.23,06:45,53',15',POINT (-3.089999999999999 58.44),[],transformed,2026-09-07T17:48:44.593097,North Sea,Atlantic NE
sana,rad,-81.701492,12.569489,Colombia,San Andres,2736532,0 days 00:01:00,0.9984582676175539,0.8664052995742092,0.0,5.035999999999999,5.099999999999999,5.278999999999999,5.369217863449163,5.362,5.456,5.66,5.722999999999999,5.825999999999999,5.825999999999999,0.12683358978886658,0.061429054291249265,3.4400823064328216,https://github.com/oceanmodeling/ioc_cleanup,0.1.0,sea_surface_height_above_reference_ellipsoid,Sea surface height,total_water_level,included,IOC sea-level data downloaded from https://www.ioc-sealevelmonitoring.org/,m,ioc,timeSeries,timeseries_id,None,SEPO40,Dirección General Marítima ( Colombia ) +University of Hawaii Sea Level Center ( USA ) +Puerto Rico Seismic Network ( USA ) +International Tsunami Information Center Caribbean Office ( USA ),2012-09-12 15:35:51,9710,10080.0,96,41390,43200.0,96,98,1',3',5',35418646,5.65,07:35,3',5',POINT (-81.701492 12.569489),[],transformed,2026-09-07T17:48:43.674638,Caribbean Sea,Caribbean
scoa,rad,-1.681619999999999,43.3952,France,Socoa,2955871,0 days 00:01:00,0.9983517548634565,0.9335107461476074,0.0015,0.3471607,0.646,1.7911000000000001,2.61986061834489,2.6406,3.4581,4.5364,4.875339300000015,5.2487,5.2472,1.0099134445743227,-0.05246028931926664,-0.9947229504042792,https://github.com/oceanmodeling/ioc_cleanup,0.1.0,sea_surface_height_above_reference_ellipsoid,Sea surface height,total_water_level,included,IOC sea-level data downloaded from https://www.ioc-sealevelmonitoring.org/,m,ioc,timeSeries,timeseries_id,None,ftp,Service hydrographique et océanographique de la marine ( France ) +Service hydrographique et océanographique de la marine ( France ),2011-04-27 11:37:48,9796,10080.0,97,40659,43200.0,94,97,1',3',4',nan,3.81,07:34,4',4',POINT (-1.681619999999999 43.3952),[],transformed,2026-09-07T17:48:43.734739,Bay of Biscay,Atlantic NE
pdas,rad,-25.68,37.73,Portugal,Ponta Delgada Azor,2913027,0 days 00:01:00,0.9886454880095515,0.9122405337591241,4.179999999999999,4.319,4.458,4.891,5.200347791207337,5.203999999999999,5.495,5.963,6.118,6.319,2.139000000000001,0.3738092761539567,0.03840888328699214,-0.8718795739977256,https://github.com/oceanmodeling/ioc_cleanup,0.1.0,sea_surface_height_above_reference_ellipsoid,Sea surface height,total_water_level,included,IOC sea-level data downloaded from https://www.ioc-sealevelmonitoring.org/,m,ioc,timeSeries,timeseries_id,245,SEPO40,Instituto Hidrográfico ( Portugal ) +University of Hawaii Sea Level Center ( USA ),2008-06-23 11:31:00,9080,10080.0,90,39675,43200.0,92,91,1',3',5',354271CC,5.41,07:35,3',5',POINT (-25.68 37.73),[],transformed,2026-09-07T17:48:43.986327,NE Atlantic,Atlantic NE
PO40,rad,12.965588888888888,40.895177777777775,Italy,Ponza,2938846,0 days 00:01:00,0.9832053125614612,0.9249204810421736,-143.146,-0.552,-0.462,-0.192,-0.09693726650483478,-0.08699999999999901,0.012999999999999,0.20899999999999902,0.29499999999999904,0.447,143.593,0.17304906225998928,-193.684394377712,159938.48375200466,https://github.com/oceanmodeling/ioc_cleanup,0.1.0,sea_surface_height_above_reference_ellipsoid,Sea surface height,total_water_level,included,IOC sea-level data downloaded from https://www.ioc-sealevelmonitoring.org/,m,ioc,timeSeries,timeseries_id,None,web,Istituto Superiore per la Protezione e la Ricerca Ambientale ( Italy ),2013-12-17 14:35:57,8750,10080.0,87,35884,43200.0,83,85,1',1',5',nan,-0.38,07:35,3',5',POINT (12.965588888888888 40.895177777777775),[],transformed,2026-09-07T17:48:43.924072,Mediterranean Sea,Mediterranean
nshi,bub,-1.439999999999999,55.01,UK,North Shields,206706,0 days 00:15:00,0.9983599895503759,0.9805257755474452,-0.096,0.260333,0.674,1.996,3.026668779745461,3.024,4.073999999999999,5.296,5.666999999999999,6.028999999999999,6.124999999999999,1.2242889752473676,-0.024590483187266577,-1.0700302579640844,https://github.com/oceanmodeling/ioc_cleanup,0.1.0,sea_surface_height_above_reference_ellipsoid,Sea surface height,total_water_level,included,IOC sea-level data downloaded from https://www.ioc-sealevelmonitoring.org/,m,ioc,timeSeries,timeseries_id,None,ftp,National Oceanography Centre ( UK ),2012-09-04 21:04:30,672,672.0,100,2777,2880.0,96,100,15',41',15',nan,4.87,06:45,53',15',POINT (-1.439999999999999 55.01),[],transformed,2026-09-07T17:48:45.188566,North Sea,Atlantic NE
porl,aqu,141.6132,-38.3434,Australia,Portland AU,3119292,0 days 00:01:00,0.9977764184949661,0.9877442594282239,0.0,0.02479399999999987,0.094,0.439,0.6277687618974302,0.621,0.803,1.249,1.435,1.758,1.758,0.25973209496319405,0.20323490544955627,-0.27995553183976307,https://github.com/oceanmodeling/ioc_cleanup,0.1.0,sea_surface_height_above_reference_ellipsoid,Sea surface height,total_water_level,included,IOC sea-level data downloaded from https://www.ioc-sealevelmonitoring.org/,m,ioc,timeSeries,timeseries_id,55,SZAU01,National Tidal Centre/Australian Bureau of Meteorology ( Australia ),2007-12-05 22:50:00,10077,10080.0,100,41604,43200.0,96,100,1',3',3',61410,1.0,07:35,3',3',POINT (141.6132 -38.3434),[],transformed,2026-09-07T17:48:44.349242,West Australia,Indian
tosa,rad,132.96,32.78,Japan,Tosashimizu,3130500,0 days 00:01:00,0.9995898418782942,0.9913976961678832,0.5790999999999991,0.9204999999999991,1.1400000000000001,1.9416,2.2712098107356624,2.3226,2.639599999999999,3.1425,3.297899999999999,3.6728,3.093700000000001,0.47673651471880873,-0.38140345331108466,-0.4708833683017182,https://github.com/oceanmodeling/ioc_cleanup,0.1.0,sea_surface_height_above_reference_ellipsoid,Sea surface height,total_water_level,included,IOC sea-level data downloaded from https://www.ioc-sealevelmonitoring.org/,m,ioc,timeSeries,timeseries_id,None,SWJP40,Japan Meteorological Agency ( Japan ),2008-05-15 13:59:00,10040,10080.0,100,41660,43200.0,96,100,1',8',10',TOSASHIMIZU,1.48,07:29,9',10',POINT (132.96 32.78),[],transformed,2026-09-07T17:48:44.361622,NW Pacific,Pacific NW
nauu,prs,166.9092,-0.5319,Nauru,Nauru,2727685,0 days 00:01:00,0.9968830711757406,0.8639151840024331,0.002,0.447,0.5949999999999991,1.199,1.8789111730366481,1.581999999999999,1.995,7.873999999999999,8.752,9.685,9.683,1.3587889346294313,3.076655301518925,9.939756074114666,https://github.com/oceanmodeling/ioc_cleanup,0.1.0,sea_surface_height_above_reference_ellipsoid,Sea surface height,total_water_level,included,IOC sea-level data downloaded from https://www.ioc-sealevelmonitoring.org/,m,ioc,timeSeries,timeseries_id,None,SZPS01,National Tidal Centre/Australian Bureau of Meteorology ( Australia ),2015-08-26 23:35:16,10077,10080.0,100,41736,43200.0,97,100,1',3',6',67640,1.69,07:35,3',6',POINT (166.9092 -0.5319),['2025-07-09T03:17:00'],transformed,2026-09-07T17:48:44.668409,SW Pacific,Pacific SW
fmfl,pwl,-81.87,26.65,USA,Fort Myers FL,3113076,0 days 00:01:00,0.9990890039305176,0.9857787788929441,-0.38,-0.251,-0.08599999999999901,0.221,0.3490464058418986,0.34599999999999903,0.47299999999999903,0.775,1.28,2.362,2.742,0.19054189353452852,0.34508969662486455,2.2011775595468546,https://github.com/oceanmodeling/ioc_cleanup,0.1.0,sea_surface_height_above_reference_ellipsoid,Sea surface height,total_water_level,included,IOC sea-level data downloaded from https://www.ioc-sealevelmonitoring.org/,m,ioc,timeSeries,timeseries_id,None,web,National Ocean Service-NOAA ( USA ),2008-06-21 00:00:00,10080,10080.0,100,41758,43200.0,97,100,1',3',6',336754C2,0.21,07:33,5',6',POINT (-81.87 26.65),[],transformed,2026-09-07T17:48:44.504198,Gulf of Mexico,Atlantic NW
apfl,pwl,-84.982,29.727,USA,Apalachicola FL,2902609,0 days 00:01:00,0.999015368587364,0.9188922470600163,-0.436,-0.28199999999999903,-0.136,0.258,0.41850443808147975,0.44400000000000006,0.5879999999999991,0.892,1.242999999999999,1.810999999999999,2.246999999999999,0.23167878270547934,-0.23994962470200554,0.005745602004310957,https://github.com/oceanmodeling/ioc_cleanup,0.1.0,sea_surface_height_above_reference_ellipsoid,Sea surface height,total_water_level,included,IOC sea-level data downloaded from https://www.ioc-sealevelmonitoring.org/,m,ioc,timeSeries,timeseries_id,None,web,National Ocean Service-NOAA ( USA ),2008-06-19 00:00:00,10079,10080.0,100,41551,43200.0,96,100,1',3',6',3346C2B4,0.07,07:33,5',6',POINT (-84.982 29.727),[],transformed,2026-09-07T17:48:44.530350,Gulf of Mexico,Atlantic NW
cuxh,flt,8.7175,53.867778,Germany,Cuxhaven,3091258,0 days 00:01:00,0.9988784501325997,0.9792293947688564,2.04,2.83,3.23,4.28,5.236353148158573,5.32,6.179999999999999,7.23,8.08,9.41,7.37,1.0830733430047976,-0.09741684417723238,-1.0790248594717213,https://github.com/oceanmodeling/ioc_cleanup,0.1.0,sea_surface_height_above_reference_ellipsoid,Sea surface height,total_water_level,included,IOC sea-level data downloaded from https://www.ioc-sealevelmonitoring.org/,m,ioc,timeSeries,timeseries_id,284,web,German Federal Waterways and Shipping Administration ( Germany ) +Informationstechnikzentrum Bund ( Germany ),2008-08-04 22:00:00,10062,10080.0,100,41634,43200.0,96,100,1',3',5',nan,4.5,07:33,5',5',POINT (8.7175 53.867778),[],transformed,2026-09-07T17:48:44.885933,North Sea,Atlantic NE
SC43,rad,13.076455555555555,37.50454166666667,Italy,Sciacca,3105994,0 days 00:01:00,0.9956123546922498,0.9839916615977291,-0.47999999999999904,-0.395,-0.28699999999999903,-0.078,-0.014293929393583272,-0.007,0.055,0.21299999999999902,0.29199999999999904,0.5869999999999991,1.0669999999999982,0.10212559526782967,-0.335345449168228,0.507171182137137,https://github.com/oceanmodeling/ioc_cleanup,0.1.0,sea_surface_height_above_reference_ellipsoid,Sea surface height,total_water_level,included,IOC sea-level data downloaded from https://www.ioc-sealevelmonitoring.org/,m,ioc,timeSeries,timeseries_id,None,web,Istituto Superiore per la Protezione e la Ricerca Ambientale ( Italy ),2013-12-17 14:35:57,nan,10080.0,0,4,43200.0,0,0,1',nan,5',nan,-999.0,2026-04-27 05:03,24d,5',POINT (13.076455555555555 37.50454166666667),[],transformed,2026-09-07T17:48:44.753874,Mediterranean Sea,Mediterranean
tasu,rad,33.836227416992,36.281463623047,Turkey,Tasucu,5994887,0 days 00:00:30,0.9999324424296905,0.9491618828568532,1.133,1.256,1.387999999999999,1.655,1.752583699890237,1.758999999999999,1.858,2.06,2.136,2.245,1.112,0.14738159344132737,-0.24591240448278426,-0.07262867965776998,https://github.com/oceanmodeling/ioc_cleanup,0.1.0,sea_surface_height_above_reference_ellipsoid,Sea surface height,total_water_level,included,IOC sea-level data downloaded from https://www.ioc-sealevelmonitoring.org/,m,ioc,timeSeries,timeseries_id,None,web,General Directorate of Mapping ( Turkey ) +Kandilli Observatory and Earthquake Research Institute ( Turkey ),2019-11-27 22:21:59,8640,20160.0,43,78739,86400.0,91,0,0.5',nan,2',nan,1.94,2026-05-17 19:27,4d,2',POINT (33.836227416992 36.281463623047),[],transformed,2026-09-07T17:48:43.682181,Mediterranean Sea,Mediterranean
meji2,prs,-70.450663,-23.097712,Chile,Mejillones CL,3076764,0 days 00:01:00,0.900465229052342,0.9640682025547446,1.232,1.491,1.621999999999999,2.096,2.4634496786460476,2.415,2.783999999999999,3.650999999999999,3.883,4.073999999999999,2.8419999999999987,0.4757751897008888,0.4467703691995432,-0.3300712660131242,https://github.com/oceanmodeling/ioc_cleanup,0.1.0,sea_surface_height_above_reference_ellipsoid,Sea surface height,total_water_level,included,IOC sea-level data downloaded from https://www.ioc-sealevelmonitoring.org/,m,ioc,timeSeries,timeseries_id,None,web,Servicio Hidrográfico y Oceanográfico de la Armada ( Chile ) +Servicio Hidrográfico y Oceanográfico de la Armada ( Chile ),2013-03-18 17:40:25,10080,10080.0,100,41732,43200.0,97,100,1',4',5',nan,4.27,07:29,8',5',POINT (-70.450663 -23.097712),"['2020-11-02T15:22:22', '2023-01-13T00:00:00', '2023-12-12T22:00:00', '2024-07-04T19:59:22']",transformed,2026-09-07T17:48:44.890444,SE Pacific,Pacific SE
gokr,rad,11.771246,57.691316,Sweden,Goteborg Krossholmen,2194019,0 days 00:01:00,0.9983792300795936,0.6950840810016221,-0.5032999999999991,-0.41199999999999903,-0.28399999999999903,-0.036999999999999006,0.10881726858336219,0.096,0.231,0.6591,0.8820000000000001,1.1201,1.6233999999999993,0.2014750022075697,0.4919912277356805,0.41820945440454693,https://github.com/oceanmodeling/ioc_cleanup,0.1.0,sea_surface_height_above_reference_ellipsoid,Sea surface height,total_water_level,included,IOC sea-level data downloaded from https://www.ioc-sealevelmonitoring.org/,m,ioc,timeSeries,timeseries_id,None,web,Swedish Meteorological and Hydrological Institute ( Sweden ) +Swedish Maritime Administration ( Sweden ),2021-10-18 15:44:50,10080,10080.0,100,41701,43200.0,97,100,1',23',1h,nan,0.12,06:58,40',1h,POINT (11.771246 57.691316),[],transformed,2026-09-07T17:48:45.433565,Baltic Sea,Atlantic NE
bozy,rad,32.941310882568,36.09741973877,Turkey,Bozyazi,4831347,0 days 00:00:30,0.998889957603956,0.7400867421938362,1.157999999999999,1.224,1.359,1.6280000000000001,1.7189960270865283,1.726,1.819,2.015,2.097,2.33,1.172000000000001,0.14152261551804424,-0.30147767061931263,0.09705235496946685,https://github.com/oceanmodeling/ioc_cleanup,0.1.0,sea_surface_height_above_reference_ellipsoid,Sea surface height,total_water_level,included,IOC sea-level data downloaded from https://www.ioc-sealevelmonitoring.org/,m,ioc,timeSeries,timeseries_id,None,web,General Directorate of Mapping ( Turkey ) +Kandilli Observatory and Earthquake Research Institute ( Turkey ),2016-08-16 15:44:30,8640,20160.0,43,78766,86400.0,91,0,0.5',nan,2',nan,1.91,2026-05-17 19:30,4d,2',POINT (32.941310882568 36.09741973877),[],transformed,2026-09-07T17:48:44.809531,Mediterranean Sea,Mediterranean
shee,bub,0.7399999999999991,51.45,UK,Sheerness,206929,0 days 00:15:00,0.9980524721039583,0.9831441986009732,-0.17799999999999902,0.260884,0.6019999999999991,1.752,3.1426062788505686,3.040999999999999,4.519,5.976,6.3231160000000095,6.972999999999999,7.150999999999998,1.5349984180971674,0.13393139178107868,-1.2324909357796106,https://github.com/oceanmodeling/ioc_cleanup,0.1.0,sea_surface_height_above_reference_ellipsoid,Sea surface height,total_water_level,included,IOC sea-level data downloaded from https://www.ioc-sealevelmonitoring.org/,m,ioc,timeSeries,timeseries_id,None,ftp,National Oceanography Centre ( UK ),2012-09-04 21:04:30,672,672.0,100,2782,2880.0,97,100,15',35',15',nan,2.29,07:00,38',15',POINT (0.7399999999999991 51.45),[],transformed,2026-09-07T17:48:46.304622,North Sea,Atlantic NE
ofun,rad,141.75,39.02,Japan,Ofunato,3126834,0 days 00:01:00,0.999407707604561,0.9884716519667478,0.5760999999999991,0.7924999999999991,0.9631999999999991,1.6032000000000002,1.8410299301847284,1.905,2.1092,2.4567,2.5817,2.813299999999999,2.2372,0.35524932760513805,-0.5574402128138541,-0.3279075672765237,https://github.com/oceanmodeling/ioc_cleanup,0.1.0,sea_surface_height_above_reference_ellipsoid,Sea surface height,total_water_level,included,IOC sea-level data downloaded from https://www.ioc-sealevelmonitoring.org/,m,ioc,timeSeries,timeseries_id,87,SWJP40,Japan Meteorological Agency ( Japan ),2008-05-15 13:59:00,10040,10080.0,100,41660,43200.0,96,100,1',8',10',OFUNATO,1.49,07:29,9',10',POINT (141.75 39.02),[],transformed,2026-09-07T17:48:45.082443,NW Pacific,Pacific NW
lali,rad,-80.9064,-2.217699999999999,Ecuador,La Libertad EC,3074057,0 days 00:01:00,0.9971272491043595,0.9697064451540957,4.857,5.12,5.304,5.969,6.461667021251223,6.461,6.958,7.597999999999999,7.804999999999999,8.012999999999998,3.155999999999998,0.5900846086433008,-0.012270925515070244,-1.0077311169249812,https://github.com/oceanmodeling/ioc_cleanup,0.1.0,sea_surface_height_above_reference_ellipsoid,Sea surface height,total_water_level,included,IOC sea-level data downloaded from https://www.ioc-sealevelmonitoring.org/,m,ioc,timeSeries,timeseries_id,172,SEPO40,Instituto Oceanográfico de la Armada ( Ecuador ) +University of Hawaii Sea Level Center ( USA ),2007-12-21 04:31:00,9825,10080.0,97,41385,43200.0,96,100,1',3',5',3540B126,1.91,07:33,5',5',POINT (-80.9064 -2.217699999999999),[],transformed,2026-09-07T17:48:45.538175,SE Pacific,Pacific SE
newl2,bub,-5.542749999999999,50.103,UK,Newlyn2,206976,0 days 00:15:00,0.9979369588744589,0.9161629409975669,0.30199999999999905,0.5327890000000001,0.871,2.218,3.3250805850925875,3.347999999999999,4.424,5.726,6.08121100000001,6.442,6.1400000000000015,1.2969875484037698,-0.02848358260155594,-1.0894468065593697,https://github.com/oceanmodeling/ioc_cleanup,0.1.0,sea_surface_height_above_reference_ellipsoid,Sea surface height,total_water_level,included,IOC sea-level data downloaded from https://www.ioc-sealevelmonitoring.org/,m,ioc,timeSeries,timeseries_id,241,ftp,National Oceanography Centre ( UK ),2011-10-06 20:09:42,671,672.0,100,2695,2880.0,94,100,15',40',15',nan,4.81,06:45,53',15',POINT (-5.542749999999999 50.103),[],transformed,2026-09-07T17:48:46.506384,English Channel,Atlantic NE
SA16,rad,14.750838888889,40.676641666667,Italy,Salerno,3109854,0 days 00:01:00,0.9967741250875443,0.9851891980940795,-0.626,-0.514,-0.398,-0.16,-0.07347943615683665,-0.07599999999999901,0.017999999999999003,0.231,0.329,0.53,1.1560000000000001,0.13207100909754657,-0.052237507858906344,0.13758788170786618,https://github.com/oceanmodeling/ioc_cleanup,0.1.0,sea_surface_height_above_reference_ellipsoid,Sea surface height,total_water_level,included,IOC sea-level data downloaded from https://www.ioc-sealevelmonitoring.org/,m,ioc,timeSeries,timeseries_id,None,web,Istituto Superiore per la Protezione e la Ricerca Ambientale ( Italy ),2013-12-17 14:35:57,39954,10080.0,396,140342,43200.0,325,397,1',nan,5',nan,-0.16,07:36,1',5',POINT (14.750838888889 40.676641666667),[],transformed,2026-09-07T17:48:45.846435,Mediterranean Sea,Mediterranean
naga,rad,129.87,32.74,Japan,Nagasaki,3132212,0 days 00:01:00,0.9996714781758067,0.9920763001824817,0.003,0.378,0.6857999999999991,1.7892000000000001,2.280542572032487,2.3348,2.813299999999999,3.575299999999999,3.7856,4.038599999999999,4.035599999999999,0.6903417303586599,-0.2889355328186325,-0.5595405365550135,https://github.com/oceanmodeling/ioc_cleanup,0.1.0,sea_surface_height_above_reference_ellipsoid,Sea surface height,total_water_level,included,IOC sea-level data downloaded from https://www.ioc-sealevelmonitoring.org/,m,ioc,timeSeries,timeseries_id,83,SWJP40,Japan Meteorological Agency ( Japan ),2012-03-21 10:10:47,10040,10080.0,100,41660,43200.0,96,100,1',8',10',NAGASAKI,1.1,07:29,9',10',POINT (129.87 32.74),[],transformed,2026-09-07T17:48:45.434991,Yellow Sea,Pacific NW
wake,wls,166.618,19.29,USA,Wake US,3043019,0 days 00:01:00,0.9983923859824734,0.9636436790348742,-0.342,-0.232,-0.124,0.224,0.40649618702826856,0.401,0.5859999999999991,0.9539999999999991,1.064999999999999,1.242,1.584,0.24797843455683888,0.06141065998986002,-0.4984102453818795,https://github.com/oceanmodeling/ioc_cleanup,0.1.0,sea_surface_height_above_reference_ellipsoid,Sea surface height,total_water_level,included,IOC sea-level data downloaded from https://www.ioc-sealevelmonitoring.org/,m,ioc,timeSeries,timeseries_id,105,web,National Ocean Service-NOAA ( USA ),2010-03-26 13:43:00,10077,10080.0,100,41631,43200.0,96,100,1',2',6',nan,0.58,07:33,5',6',POINT (166.618 19.29),[],transformed,2026-09-07T17:48:45.895441,NW Pacific,Pacific NW
mal3,rad,-4.41709,36.71184,Spain,Malaga,2856811,0 days 00:01:00,0.988565221850518,0.9050366230738037,-0.014,0.182,0.269,0.522,0.6463720292082201,0.645,0.774,1.012999999999999,1.1320000000000001,1.292999999999999,1.306999999999999,0.17185564095168887,-0.012649567346756676,-0.4700214835658896,https://github.com/oceanmodeling/ioc_cleanup,0.1.0,sea_surface_height_above_reference_ellipsoid,Sea surface height,total_water_level,included,IOC sea-level data downloaded from https://www.ioc-sealevelmonitoring.org/,m,ioc,timeSeries,timeseries_id,None,ftp,Puertos del Estado ( Spain ),2014-01-16 15:41:43,10080,10080.0,100,41740,43200.0,97,100,1',5',4',nan,0.62,07:34,4',4',POINT (-4.41709 36.71184),[],transformed,2026-09-07T17:48:45.803922,Mediterranean Sea,Mediterranean
mumb,bub,-3.98,51.57,UK,Mumbles,170314,0 days 00:15:00,0.997833413577275,0.7981295620437956,-0.43099999999999905,0.42399999999999904,0.9539999999999991,3.225,5.26732174668953,5.206999999999999,7.32,9.69248999999999,10.291,10.766,11.197,2.3756074195819346,0.041063195070610674,-1.145834056725023,https://github.com/oceanmodeling/ioc_cleanup,0.1.0,sea_surface_height_above_reference_ellipsoid,Sea surface height,total_water_level,included,IOC sea-level data downloaded from https://www.ioc-sealevelmonitoring.org/,m,ioc,timeSeries,timeseries_id,None,ftp,National Oceanography Centre ( UK ),2012-09-04 21:04:30,nan,672.0,0,nan,nan,0,0,15',nan,15',nan,7.78,2024-12-07 05:00,530d,15',POINT (-3.98 51.57),[],transformed,2026-09-07T17:48:46.944975,Irish Sea,Atlantic NE
salv,rad,-38.516667,-12.967333,Brasil,Salvador (Capitania dos Portos da Bahia),2780383,0 days 00:01:00,0.9790730269894471,0.8625890232157339,4.048,4.301,4.687,6.61,7.088099448167197,7.137999999999999,7.721,8.474,8.688,8.923,4.875,0.8259525169236653,-0.7315452016951912,0.538625606448563,https://github.com/oceanmodeling/ioc_cleanup,0.1.0,sea_surface_height_above_reference_ellipsoid,Sea surface height,total_water_level,included,IOC sea-level data downloaded from https://www.ioc-sealevelmonitoring.org/,m,ioc,timeSeries,timeseries_id,334,SEPA40,Instituto Brasileiro de Geografia e Estatística ( Brasil ) +University of Hawaii Sea Level Center ( USA ),2008-04-25 10:51:00,9670,10080.0,96,41195,43200.0,95,99,1',3',5',354052D4,5.71,07:26,12',5',POINT (-38.516667 -12.967333),['2025-05-01T00:00:00'],transformed,2026-09-07T17:48:45.991441,SW Atlantic,Atlantic South
pmur,rad,114.191,-21.8167,Australia,PtMurat,2906298,0 days 00:01:00,0.9984640253683552,0.9204487276966747,0.18099999999999902,0.391,0.5769999999999991,1.244,1.5618426779579107,1.568,1.889,2.5220000000000002,2.732,3.076,2.895000000000001,0.4499116297685765,-0.053580363758109734,-0.4914914259547909,https://github.com/oceanmodeling/ioc_cleanup,0.1.0,sea_surface_height_above_reference_ellipsoid,Sea surface height,total_water_level,included,IOC sea-level data downloaded from https://www.ioc-sealevelmonitoring.org/,m,ioc,timeSeries,timeseries_id,None,SZAU01,National Tidal Centre/Australian Bureau of Meteorology ( Australia ),2008-04-09 15:29:00,10077,10080.0,100,41730,43200.0,97,100,1',3',10',62430,-999.0,07:35,3',10',POINT (114.191 -21.8167),[],transformed,2026-09-07T17:48:46.287860,West Australia,Indian
motr,rad,-3.5236,36.72024,Spain,Motril2,2969776,0 days 00:01:00,0.9950302649088686,0.9408315592051906,0.029999999999999003,0.20699999999999902,0.29099999999999904,0.521,0.6280490999812772,0.63,0.7379999999999991,0.9479999999999991,1.052999999999999,1.191999999999999,1.1620000000000001,0.1496104853333348,-0.05618659088329196,-0.3924844870331001,https://github.com/oceanmodeling/ioc_cleanup,0.1.0,sea_surface_height_above_reference_ellipsoid,Sea surface height,total_water_level,included,IOC sea-level data downloaded from https://www.ioc-sealevelmonitoring.org/,m,ioc,timeSeries,timeseries_id,None,ftp,Puertos del Estado ( Spain ),2008-03-25 14:04:00,10055,10080.0,100,41637,43200.0,96,100,1',5',4',nan,0.55,07:34,4',4',POINT (-3.5236 36.72024),[],transformed,2026-09-07T17:48:46.124164,Mediterranean Sea,Mediterranean
amal,pwl,-64.92,18.335,USA,Charlotte-Amalie VI,509388,0 days 00:06:00,0.9954435518700873,0.9682690845498784,-0.134,-0.078,-0.035,0.115,0.1900573453975069,0.189,0.264,0.42799999999999905,0.48199999999999904,0.5929999999999991,0.7269999999999991,0.10612491780883605,0.07345521335565298,-0.41419067963337897,https://github.com/oceanmodeling/ioc_cleanup,0.1.0,sea_surface_height_above_reference_ellipsoid,Sea surface height,total_water_level,included,IOC sea-level data downloaded from https://www.ioc-sealevelmonitoring.org/,m,ioc,timeSeries,timeseries_id,None,web,National Ocean Service-NOAA ( USA ) +International Tsunami Information Center Caribbean Office ( USA ),2010-03-08 11:51:00,1680,1680.0,100,6945,7200.0,96,100,6',6',6',3364A348,0.33,07:30,8',6',POINT (-64.92 18.335),[],transformed,2026-09-07T17:48:47.060272,Caribbean Sea,Caribbean
land,rad,17.858889,58.768889,Sweden,Landsort Norra,2196689,0 days 00:01:00,0.998850542794178,0.6959299599553933,-0.28899999999999904,-0.248,-0.19359999999999902,0.043999999999999005,0.150110843956518,0.1589,0.2472,0.537,0.6571,0.8619999999999991,1.150999999999998,0.16031036953751915,0.06637302263857303,0.03584909437079142,https://github.com/oceanmodeling/ioc_cleanup,0.1.0,sea_surface_height_above_reference_ellipsoid,Sea surface height,total_water_level,included,IOC sea-level data downloaded from https://www.ioc-sealevelmonitoring.org/,m,ioc,timeSeries,timeseries_id,None,web,Swedish Meteorological and Hydrological Institute ( Sweden ) +Swedish Maritime Administration ( Sweden ),2021-10-18 15:00:47,10080,10080.0,100,41759,43200.0,97,100,1',23',1h,nan,-0.05,06:58,40',1h,POINT (17.858889 58.768889),[],transformed,2026-09-07T17:48:46.700756,Baltic Sea,Atlantic NE
coqu,rad,-71.335258,-29.950139,Chile,Coquimbo CL,2903822,0 days 00:01:00,0.9879558733283238,0.918196852189781,2.609,3.347999999999999,3.468,3.844999999999999,4.120598519806643,4.097,4.373999999999999,4.918,5.067999999999999,5.634,3.0250000000000004,0.3492405678953483,0.25595732778931995,-0.6291389738001607,https://github.com/oceanmodeling/ioc_cleanup,0.1.0,sea_surface_height_above_reference_ellipsoid,Sea surface height,total_water_level,included,IOC sea-level data downloaded from https://www.ioc-sealevelmonitoring.org/,m,ioc,timeSeries,timeseries_id,None,SXCH40,Servicio Hidrográfico y Oceanográfico de la Armada ( Chile ) +Servicio Hidrográfico y Oceanográfico de la Armada ( Chile ),2008-06-16 08:30:00,9320,10080.0,92,40155,43200.0,93,94,1',3',5',ADC117B2,4.28,07:33,5',5',POINT (-71.335258 -29.950139),[],transformed,2026-09-07T17:48:46.402562,SE Pacific,Pacific SE
crom,bub,1.3,52.93,UK,Cromer,206168,0 days 00:15:00,0.9979628264328121,0.9767193202554745,-0.132,0.383,0.75,1.998,3.047266234619258,3.077999999999999,4.086999999999999,5.293,5.680467999999993,6.054,6.186,1.2185497775385012,-0.039459017502280556,-1.1055082855493354,https://github.com/oceanmodeling/ioc_cleanup,0.1.0,sea_surface_height_above_reference_ellipsoid,Sea surface height,total_water_level,included,IOC sea-level data downloaded from https://www.ioc-sealevelmonitoring.org/,m,ioc,timeSeries,timeseries_id,None,ftp,National Oceanography Centre ( UK ),2012-09-04 21:04:28,671,672.0,100,2781,2880.0,97,100,15',32',15',nan,3.49,07:00,38',15',POINT (1.3 52.93),[],transformed,2026-09-07T17:48:47.405210,North Sea,Atlantic NE
honn,flt,25.972697,70.980318,Norway,Honningsvåg,309114,0 days 00:10:00,0.9998641277975115,0.9759098742903487,-0.23599999999999902,0.132,0.40799999999999903,1.165,1.7242874167326743,1.738999999999999,2.282,3.031,3.306956999999994,3.6,3.835999999999999,0.6718698142849009,-0.037891876077903966,-0.9632416600590767,https://github.com/oceanmodeling/ioc_cleanup,0.1.0,sea_surface_height_above_reference_ellipsoid,Sea surface height,total_water_level,included,IOC sea-level data downloaded from https://www.ioc-sealevelmonitoring.org/,m,ioc,timeSeries,timeseries_id,None,web,Norwegian Hydrographic Service ( Norway ),2008-12-17 23:00:00,1008,1008.0,100,4176,4320.0,97,100,10',4',10',nan,2.19,07:30,8',10',POINT (25.972697 70.980318),[],transformed,2026-09-07T17:48:47.355994,NE Atlantic,Atlantic NE
hako,rad,140.72,41.78,Japan,Hakodate,3130990,0 days 00:01:00,0.9996141795406565,0.9918481979927007,0.9448999999999991,1.1613,1.277099999999999,1.6794,1.8419615549825297,1.862299999999999,2.014699999999999,2.3317,2.4506,2.685299999999999,1.7403999999999997,0.2402313258771236,-0.2707726841887243,-0.341532657416848,https://github.com/oceanmodeling/ioc_cleanup,0.1.0,sea_surface_height_above_reference_ellipsoid,Sea surface height,total_water_level,included,IOC sea-level data downloaded from https://www.ioc-sealevelmonitoring.org/,m,ioc,timeSeries,timeseries_id,88,SWJP40,Japan Meteorological Agency ( Japan ),2012-03-21 10:01:45,10040,10080.0,100,41660,43200.0,96,100,1',8',10',HAKODATE,1.65,07:29,9',10',POINT (140.72 41.78),[],transformed,2026-09-07T17:48:46.219798,Japan Sea,Pacific NW
trst,aqu,142.2219,-10.5865,Australia,Torres Strait AU,3129051,0 days 00:01:00,0.9983228141695357,0.9912579835766423,0.20899999999999902,0.36199999999999904,0.615999999999999,1.518,1.986633375904395,1.956999999999999,2.443,3.462,3.767999999999999,4.017,3.808000000000001,0.64456546580513,0.12731714894295326,-0.4147240383709674,https://github.com/oceanmodeling/ioc_cleanup,0.1.0,sea_surface_height_above_reference_ellipsoid,Sea surface height,total_water_level,included,IOC sea-level data downloaded from https://www.ioc-sealevelmonitoring.org/,m,ioc,timeSeries,timeseries_id,None,SZAU01,National Tidal Centre/Australian Bureau of Meteorology ( Australia ),2019-03-20 23:41:40,10077,10080.0,100,41730,43200.0,97,100,1',3',3',58170,1.25,07:35,3',3',POINT (142.2219 -10.5865),[],transformed,2026-09-07T17:48:46.559152,Arafura Sea,Pacific SW
bang,bub,-5.669999999999999,54.66,UK,Bangor,200225,0 days 00:15:00,0.9980571856661256,0.9514189857055961,0.096,0.273208,0.526,1.399999999999999,2.179023310640381,2.201,2.953999999999999,3.826,4.152999999999999,4.589999999999999,4.493999999999999,0.890441183150453,-0.03467983293320931,-1.1269507993322234,https://github.com/oceanmodeling/ioc_cleanup,0.1.0,sea_surface_height_above_reference_ellipsoid,Sea surface height,total_water_level,included,IOC sea-level data downloaded from https://www.ioc-sealevelmonitoring.org/,m,ioc,timeSeries,timeseries_id,None,ftp,National Oceanography Centre ( UK ),2012-09-04 21:04:28,672,672.0,100,2779,2880.0,96,100,15',28',15',nan,0.88,07:00,38',15',POINT (-5.669999999999999 54.66),[],transformed,2026-09-07T17:48:47.747174,Irish Sea,Atlantic NE
omae,rad,138.22,34.61,Japan,Omaezaki,3131306,0 days 00:01:00,0.9996289088322892,0.9915589517437146,0.7040999999999991,1.082,1.2741,1.987299999999999,2.2685682222966315,2.3287,2.5817,3.0053,3.1272,3.367999999999999,2.6639,0.41204223818946145,-0.4608642996694876,-0.4218233667807394,https://github.com/oceanmodeling/ioc_cleanup,0.1.0,sea_surface_height_above_reference_ellipsoid,Sea surface height,total_water_level,included,IOC sea-level data downloaded from https://www.ioc-sealevelmonitoring.org/,m,ioc,timeSeries,timeseries_id,None,SWJP40,Japan Meteorological Agency ( Japan ),2008-05-15 13:59:00,10040,10080.0,100,41660,43200.0,96,100,1',8',10',OMAEZAKI,1.46,07:29,9',10',POINT (138.22 34.61),[],transformed,2026-09-07T17:48:46.551476,NW Pacific,Pacific NW
quir2,rad,-73.057257,-36.636139,Chile,Quiriquina CL,3093284,0 days 00:01:00,0.9296682748819701,0.9796428299878346,3.649999999999999,3.839,3.960999999999999,4.400999999999999,4.699138174057951,4.676999999999999,4.977999999999999,5.588,5.758,6.012999999999999,2.363,0.3858317189065828,0.2322548429305603,-0.5821797684473795,https://github.com/oceanmodeling/ioc_cleanup,0.1.0,sea_surface_height_above_reference_ellipsoid,Sea surface height,total_water_level,included,IOC sea-level data downloaded from https://www.ioc-sealevelmonitoring.org/,m,ioc,timeSeries,timeseries_id,None,web,Servicio Hidrográfico y Oceanográfico de la Armada ( Chile ),2013-11-25 20:54:15,10075,10080.0,100,41735,43200.0,97,100,1',3',5',nan,5.51,07:30,7',5',POINT (-73.057257 -36.636139),[],transformed,2026-09-07T17:48:46.946965,SE Pacific,Pacific SE
leco,rad,-4.78,48.36,France,Le Conquet,3032343,0 days 00:01:00,0.9965109487943811,0.9596442873073804,0.3054,0.6267,1.0824,2.825499999999999,4.069992472874763,4.072199999999999,5.314499999999999,7.038899999999999,7.494490299999994,7.9191,7.613700000000001,1.5300800912363663,-0.004304301991519283,-0.9719271654707606,https://github.com/oceanmodeling/ioc_cleanup,0.1.0,sea_surface_height_above_reference_ellipsoid,Sea surface height,total_water_level,included,IOC sea-level data downloaded from https://www.ioc-sealevelmonitoring.org/,m,ioc,timeSeries,timeseries_id,None,ftp,Service hydrographique et océanographique de la marine ( France ) +Service hydrographique et océanographique de la marine ( France ),2008-12-12 00:03:25,9862,10080.0,98,40996,43200.0,95,97,1',3',5',nan,6.11,07:34,4',5',POINT (-4.78 48.36),[],transformed,2026-09-07T17:48:46.933322,Bay of Biscay,Atlantic NE
fors,rad,18.210833,60.408611,Sweden,Forsmark,1665744,0 days 00:01:00,0.9980026942915599,0.5277220194647202,-0.557,-0.36599999999999905,-0.2856,-0.010999999999999,0.10422713442161566,0.107,0.20399999999999902,0.558,0.772,1.137,1.694,0.17886686331812646,0.23254617912827588,0.5815969118129223,https://github.com/oceanmodeling/ioc_cleanup,0.1.0,sea_surface_height_above_reference_ellipsoid,Sea surface height,total_water_level,included,IOC sea-level data downloaded from https://www.ioc-sealevelmonitoring.org/,m,ioc,timeSeries,timeseries_id,None,web,Swedish Meteorological and Hydrological Institute ( Sweden ) +Swedish Maritime Administration ( Sweden ),2021-10-18 15:03:09,10080,10080.0,100,41622,43200.0,96,100,1',34',1h,nan,-0.08,06:48,50',1h,POINT (18.210833 60.408611),[],transformed,2026-09-07T17:48:47.425015,Baltic Sea,Atlantic NE
ande,flt,16.134848,69.326067,Norway,Andenes,312530,0 days 00:10:00,0.9999264070649218,0.9900553781427412,-0.196,0.07,0.30299999999999905,0.9549999999999991,1.3816636800860131,1.389,1.8050000000000002,2.476,2.738999999999999,3.041999999999999,3.237999999999999,0.534337493495069,-0.011655058071483145,-0.8031526349932707,https://github.com/oceanmodeling/ioc_cleanup,0.1.0,sea_surface_height_above_reference_ellipsoid,Sea surface height,total_water_level,included,IOC sea-level data downloaded from https://www.ioc-sealevelmonitoring.org/,m,ioc,timeSeries,timeseries_id,322,web,Norwegian Hydrographic Service ( Norway ),2008-12-16 23:00:00,1008,1008.0,100,4176,4320.0,97,100,10',4',10',nan,0.65,07:30,8',10',POINT (16.134848 69.326067),[],transformed,2026-09-07T17:48:47.924118,NE Atlantic,Atlantic NE
fren,ra2,-166.283,23.867,USA,"Tern,Fr. Frigate US",2536663,0 days 00:01:00,0.9980474347597611,0.17848014243714516,0.42499999999999905,0.504,0.5839999999999991,6.618,6.018638444784856,6.732999999999999,6.86,7.118999999999999,7.202,7.296,6.871000000000001,1.9994087402859266,-2.2325596748863403,3.034824013745739,https://github.com/oceanmodeling/ioc_cleanup,0.1.0,sea_surface_height_above_reference_ellipsoid,Sea surface height,total_water_level,included,IOC sea-level data downloaded from https://www.ioc-sealevelmonitoring.org/,m,ioc,timeSeries,timeseries_id,107,SZXX01,University of Hawaii Sea Level Center ( USA ) +Pacific Tsunami Warning Center ( USA ),2008-05-25 10:46:00,8425,10080.0,84,36690,43200.0,85,79,1',5',5',301434061606460,1.05,07:30,8',5',POINT (-166.283 23.867),['2025-11-01T00:00:00'],transformed,2026-09-07T17:48:47.337476,NE Pacific,Pacific NE
kungr,rad,11.127222,58.996667,Sweden,Kungsvik,2196029,0 days 00:01:00,0.9987481950374972,0.6957208662814274,-0.7369999999999991,-0.632,-0.49399999999999905,-0.17399999999999902,-0.013315860673971036,-0.027,0.138,0.5639999999999991,0.796,1.1002,1.8371999999999993,0.22897477932565932,0.2970758599401623,0.10169229499452559,https://github.com/oceanmodeling/ioc_cleanup,0.1.0,sea_surface_height_above_reference_ellipsoid,Sea surface height,total_water_level,included,IOC sea-level data downloaded from https://www.ioc-sealevelmonitoring.org/,m,ioc,timeSeries,timeseries_id,None,web,Swedish Meteorological and Hydrological Institute ( Sweden ) +Swedish Maritime Administration ( Sweden ),2021-10-18 16:29:13,10080,10080.0,100,41760,43200.0,97,100,1',23',1h,nan,0.08,06:58,40',1h,POINT (11.127222 58.996667),[],transformed,2026-09-07T17:48:47.647562,North Sea,Atlantic NE
horn,flt,8.2975,54.758056,Germany,Hörnum,3107878,0 days 00:01:00,0.999727466779584,0.9845315034468776,1.9300000000000002,3.08,3.56,4.53,5.1642033540413435,5.24,5.799999999999999,6.74,7.419999999999999,8.46,6.530000000000001,0.786956505427189,-0.13342460152460717,-0.713607747064593,https://github.com/oceanmodeling/ioc_cleanup,0.1.0,sea_surface_height_above_reference_ellipsoid,Sea surface height,total_water_level,included,IOC sea-level data downloaded from https://www.ioc-sealevelmonitoring.org/,m,ioc,timeSeries,timeseries_id,None,web,German Federal Waterways and Shipping Administration ( Germany ) +Informationstechnikzentrum Bund ( Germany ),2010-05-04 17:18:59,10080,10080.0,100,41746,43200.0,97,100,1',2',5',nan,4.8,07:33,5',5',POINT (8.2975 54.758056),[],transformed,2026-09-07T17:48:47.684652,North Sea,Atlantic NE
conc,rad,-3.907379999999999,47.8737,France,Concarneau,3058164,0 days 00:01:00,0.9963880288957688,0.9687591874493107,0.17449999999999902,0.45219999999999905,0.8108999999999991,2.1817,3.110073345424542,3.1635,4.035199999999999,5.251299999999999,5.6052,6.1695,5.995000000000001,1.1337984727206034,-0.09289760387455559,-0.9521038967466104,https://github.com/oceanmodeling/ioc_cleanup,0.1.0,sea_surface_height_above_reference_ellipsoid,Sea surface height,total_water_level,included,IOC sea-level data downloaded from https://www.ioc-sealevelmonitoring.org/,m,ioc,timeSeries,timeseries_id,None,ftp,Service hydrographique et océanographique de la marine ( France ) +Service hydrographique et océanographique de la marine ( France ),2010-02-03 00:00:21,9834,10080.0,98,40953,43200.0,95,98,1',3',5',nan,4.33,07:34,4',5',POINT (-3.907379999999999 47.8737),[],transformed,2026-09-07T17:48:47.165912,Bay of Biscay,Atlantic NE
levu,aqu,177.4383,-17.6049,Fiji Islands,Lautoka FJ,3069510,0 days 00:01:00,0.9978058387169287,0.9723613011962693,0.152,0.25,0.39,0.931,1.3319558160834002,1.336,1.734999999999999,2.254,2.3970000000000002,2.734,2.582,0.4774603624598481,-0.020635537846464068,-1.0117202851463698,https://github.com/oceanmodeling/ioc_cleanup,0.1.0,sea_surface_height_above_reference_ellipsoid,Sea surface height,total_water_level,included,IOC sea-level data downloaded from https://www.ioc-sealevelmonitoring.org/,m,ioc,timeSeries,timeseries_id,None,SZPS01,+National Tidal Centre/Australian Bureau of Meteorology ( Australia ),2007-12-05 22:50:00,10077,10080.0,100,41736,43200.0,97,100,1',3',3',67070,1.22,07:35,3',3',POINT (177.4383 -17.6049),[],transformed,2026-09-07T17:48:47.549580,SW Pacific,Pacific SW
vieq,pwl,-65.4714,18.0939,USA,Vieques PR,2872434,0 days 00:01:00,0.9973120357160513,0.9098882299270074,-0.139,-0.066,-0.021,0.14099999999999902,0.21510518153621572,0.219,0.29399999999999904,0.42299999999999904,0.46,0.644,0.783,0.10486387001196461,-0.1823461116072115,-0.5449198038010366,https://github.com/oceanmodeling/ioc_cleanup,0.1.0,sea_surface_height_above_reference_ellipsoid,Sea surface height,total_water_level,included,IOC sea-level data downloaded from https://www.ioc-sealevelmonitoring.org/,m,ioc,timeSeries,timeseries_id,None,web,National Ocean Service-NOAA ( USA ) +International Tsunami Information Center Caribbean Office ( USA ),2010-03-08 12:11:00,10070,10080.0,100,41736,43200.0,97,100,1',8',6',335CC478,0.34,07:27,11',6',POINT (-65.4714 18.0939),[],transformed,2026-09-07T17:48:47.900167,Caribbean Sea,Caribbean
ptve,rad,3.10733,42.5201,France,Port-Vendres,2983358,0 days 00:01:00,0.997583930590965,0.942972234894566,0.08899999999999901,0.1653,0.254,0.4661,0.5380390932153588,0.5338,0.6116,0.8347,0.9476999999999991,1.1264,1.037400000000001,0.11427280529768175,0.11832175645431829,0.6709769792853852,https://github.com/oceanmodeling/ioc_cleanup,0.1.0,sea_surface_height_above_reference_ellipsoid,Sea surface height,total_water_level,included,IOC sea-level data downloaded from https://www.ioc-sealevelmonitoring.org/,m,ioc,timeSeries,timeseries_id,None,ftp,Service hydrographique et océanographique de la marine ( France ),2011-03-07 14:10:42,9773,10080.0,97,40685,43200.0,94,98,1',2',5',nan,0.4,07:35,3',5',POINT (3.10733 42.5201),[],transformed,2026-09-07T17:48:48.109052,Mediterranean Sea,Mediterranean
hiva,prs,-139.034469,-9.804869,France,"Hiva Oa (Marquesas, French Polynesia)",3076274,0 days 00:01:00,0.9971839309502339,0.972903677514193,-2.229,-2.228,-2.228,-0.8489999999999991,0.5931018093092335,0.902,2.137999999999999,2.879,3.044999999999999,9.643,11.872,1.6940234015923343,-0.2908807083127137,-1.36969155028978,https://github.com/oceanmodeling/ioc_cleanup,0.1.0,sea_surface_height_above_reference_ellipsoid,Sea surface height,total_water_level,included,IOC sea-level data downloaded from https://www.ioc-sealevelmonitoring.org/,m,ioc,timeSeries,timeseries_id,None,SZXX01,Commissariat à l'Energie Atomique ( France ) +University of Hawaii Sea Level Center ( USA ) +University of French Polynesia ( France ),2008-06-27 08:03:00,8120,10080.0,81,35420,43200.0,82,82,1',5',5',301434061506930,2.29,07:30,8',5',POINT (-139.034469 -9.804869),['2020-12-28T20:54:00'],transformed,2026-09-07T17:48:47.644966,SE Pacific,Pacific SE
lamu,rad,40.9,-2.2667,Kenya,Lamu,2990359,0 days 00:01:00,0.9984687457258477,0.3118293162003244,5.543,5.716999999999999,5.913999999999999,6.8629999999999995,7.486534953869973,7.471999999999999,8.107,9.141,9.419,9.604,4.060999999999999,0.804216047943167,0.05969968935495022,-0.8072246829059355,https://github.com/oceanmodeling/ioc_cleanup,0.1.0,sea_surface_height_above_reference_ellipsoid,Sea surface height,total_water_level,included,IOC sea-level data downloaded from https://www.ioc-sealevelmonitoring.org/,m,ioc,timeSeries,timeseries_id,None,SXXX33,Kenya Marine and Fisheries Research Institute ( Kenya ) +University of Hawaii Sea Level Center ( USA ),2006-06-07 08:15:00,3344,3360.0,100,13806,14400.0,96,100,3',6',15',16287190,-999.0,07:16,22',15',POINT (40.9 -2.2667),[],transformed,2026-09-07T17:48:48.253001,East Africa,Indian
ohig3,rad,-57.898731,-63.320314,Chile,Base General Bernardo O'Higgins CL,2070008,0 days 00:01:00,0.9751165212888067,0.653832750405515,0.008,0.164,0.42799999999999905,1.516,1.9322461394217487,2.043,2.392999999999999,2.999,3.197,3.544999999999999,3.536999999999999,0.610505162755039,-0.5298278936238311,-0.37221617338372504,https://github.com/oceanmodeling/ioc_cleanup,0.1.0,sea_surface_height_above_reference_ellipsoid,Sea surface height,total_water_level,included,IOC sea-level data downloaded from https://www.ioc-sealevelmonitoring.org/,m,ioc,timeSeries,timeseries_id,None,web,Servicio Hidrográfico y Oceanográfico de la Armada ( Chile ),2020-04-16 23:17:59,10020,10080.0,99,40587,43200.0,94,98,1',5',5',nan,2.23,07:32,5',5',POINT (-57.898731 -63.320314),[],transformed,2026-09-07T17:48:48.293027,Antarctic Ocean,Antarctic
fue2,rad,-13.85822,28.49251,Spain,Fuerteventura,3015919,0 days 00:01:00,0.996231331146493,0.9553515308191403,0.004,0.195,0.372,1.066999999999999,1.575192317615239,1.566999999999999,2.083,2.812999999999999,3.036999999999999,3.2560000000000002,3.2520000000000002,0.6230599915201676,0.03544136007890618,-0.9534584978721687,https://github.com/oceanmodeling/ioc_cleanup,0.1.0,sea_surface_height_above_reference_ellipsoid,Sea surface height,total_water_level,included,IOC sea-level data downloaded from https://www.ioc-sealevelmonitoring.org/,m,ioc,timeSeries,timeseries_id,None,ftp,Puertos del Estado ( Spain ),2014-01-16 15:41:43,10077,10080.0,100,41600,43200.0,96,100,1',5',4',nan,1.61,07:34,4',4',POINT (-13.85822 28.49251),[],transformed,2026-09-07T17:48:48.072125,NE Atlantic,Atlantic NE
skagk,rad,19.0125,63.190556,Sweden,Skagsudde2,2083106,0 days 00:01:00,0.9905477685725066,0.6599240292984591,-0.762,-0.561,-0.38,-0.0874,0.04874185427335176,0.06230000000000001,0.168,0.526,0.676,0.799,1.561,0.19151727810866062,0.047812010208833744,0.15722749700484506,https://github.com/oceanmodeling/ioc_cleanup,0.1.0,sea_surface_height_above_reference_ellipsoid,Sea surface height,total_water_level,included,IOC sea-level data downloaded from https://www.ioc-sealevelmonitoring.org/,m,ioc,timeSeries,timeseries_id,None,web,Swedish Meteorological and Hydrological Institute ( Sweden ) +Swedish Maritime Administration ( Sweden ),2021-10-18 14:44:07,10080,10080.0,100,41507,43200.0,96,100,1',26',1h,nan,-0.13,06:58,40',1h,POINT (19.0125 63.190556),[],transformed,2026-09-07T17:48:48.734951,Baltic Sea,Atlantic NE
dsea,prt,-129.6219,48.8128,USA,DART WNW of Seattle,56590,0 days 00:15:00,0.9802438593391058,0.2642516347323601,2768.715,2768.839606,2769.2270599999997,2770.814,2771.635605571241,2771.577,2772.512,2773.978,2774.273,2774.433,5.717999999999847,1.1569795590382053,0.037791111243040534,-0.6678805188942536,https://github.com/oceanmodeling/ioc_cleanup,0.1.0,sea_surface_height_above_reference_ellipsoid,Sea surface height,total_water_level,included,IOC sea-level data downloaded from https://www.ioc-sealevelmonitoring.org/,m,ioc,timeSeries,timeseries_id,None,web,National Ocean Service-NOAA ( USA ),2023-02-28 15:55:29,664,672.0,99,1992,2880.0,69,96,15',22',6h,nan,2771.09,06:00,2h,6h,POINT (-129.6219 48.8128),[],transformed,2026-09-07T17:48:49.840497,NE Pacific,Pacific NE
hana,rad,145.57,43.28,Japan,Hanasaki,3130872,0 days 00:01:00,0.9996173589977488,0.9915478634428224,0.0488,0.1981,0.3597,0.9600999999999991,1.2004155975411854,1.252699999999999,1.4539,1.8867,2.063499999999999,2.3348,2.286,0.3522635795649323,-0.39548045267616166,-0.33441396455561234,https://github.com/oceanmodeling/ioc_cleanup,0.1.0,sea_surface_height_above_reference_ellipsoid,Sea surface height,total_water_level,included,IOC sea-level data downloaded from https://www.ioc-sealevelmonitoring.org/,m,ioc,timeSeries,timeseries_id,None,SWJP40,Japan Meteorological Agency ( Japan ),2008-05-15 13:59:00,10040,10080.0,100,41660,43200.0,96,100,1',8',10',HANASAKI,0.98,07:29,9',10',POINT (145.57 43.28),[],transformed,2026-09-07T17:48:48.745926,NW Pacific,Pacific NW
RA10,rad,12.282936111111,44.492075,Italy,Ravenna,3082345,0 days 00:01:00,0.9979207389179342,0.9764842482765612,-0.935,-0.65,-0.48999999999999905,-0.067,0.10014823572237568,0.111,0.276,0.66,0.8890000000000001,1.391999999999999,2.326999999999999,0.2503361039655112,-0.11043366791065956,-0.03507835407110527,https://github.com/oceanmodeling/ioc_cleanup,0.1.0,sea_surface_height_above_reference_ellipsoid,Sea surface height,total_water_level,included,IOC sea-level data downloaded from https://www.ioc-sealevelmonitoring.org/,m,ioc,timeSeries,timeseries_id,None,web,Istituto Superiore per la Protezione e la Ricerca Ambientale ( Italy ),2013-12-17 14:35:57,40065,10080.0,397,141302,43200.0,327,398,1',nan,5',nan,-0.4,07:36,1',5',POINT (12.282936111111 44.492075),[],transformed,2026-09-07T17:48:48.860372,Adriatic Sea,Mediterranean
pkem,aqu,150.9119,-34.4738,Australia,Port Kembla AU,3111045,0 days 00:01:00,0.9919133281582234,0.9855487758515815,0.0,0.085,0.225,0.675,0.9974086586849635,0.9809999999999991,1.296999999999999,1.881,2.047,2.2720000000000002,2.2720000000000002,0.4022807846898671,0.17553952927778477,-0.7209992928063178,https://github.com/oceanmodeling/ioc_cleanup,0.1.0,sea_surface_height_above_reference_ellipsoid,Sea surface height,total_water_level,included,IOC sea-level data downloaded from https://www.ioc-sealevelmonitoring.org/,m,ioc,timeSeries,timeseries_id,None,SZAU01,National Tidal Centre/Australian Bureau of Meteorology ( Australia ),2007-12-05 22:50:00,10077,10080.0,100,41730,43200.0,97,100,1',3',3',60420,0.77,07:35,3',3',POINT (150.9119 -34.4738),[],transformed,2026-09-07T17:48:48.943427,SW Pacific,Pacific SW
rose,bub,-61.3891833,15.31385,Dominica island,Roseau,2941803,0 days 00:01:00,0.9901621556576018,0.16651808343471208,2.593999999999999,2.617999999999999,2.633,2.684,2.7335849325832218,2.719999999999999,2.789,2.846,2.871999999999999,2.906,0.31200000000000117,0.058867701119547755,0.24205372757491903,-1.1671198382771153,https://github.com/oceanmodeling/ioc_cleanup,0.1.0,sea_surface_height_above_reference_ellipsoid,Sea surface height,total_water_level,included,IOC sea-level data downloaded from https://www.ioc-sealevelmonitoring.org/,m,ioc,timeSeries,timeseries_id,None,SZXX01,University of Hawaii Sea Level Center ( USA ) +Dominica Meteorological Service ( Dominica ) +International Tsunami Information Center Caribbean Office ( USA ),2011-05-13 11:29:23,8475,10080.0,84,36620,43200.0,85,82,1',5',5',301434061603500,1.04,07:30,8',5',POINT (-61.3891833 15.31385),[],transformed,2026-09-07T17:48:49.304485,Caribbean Sea,Caribbean
davo,rad,125.6629,7.153699999999999,Philippines,Davao PH,3027213,0 days 00:01:00,0.9967141393750621,0.9560748048459043,6.149,6.319,6.516,7.152999999999999,7.508843822931104,7.511,7.871,8.467,8.63,8.803,2.654000000000001,0.4715675054997773,-0.03508631278717256,-0.7121971994680898,https://github.com/oceanmodeling/ioc_cleanup,0.1.0,sea_surface_height_above_reference_ellipsoid,Sea surface height,total_water_level,included,IOC sea-level data downloaded from https://www.ioc-sealevelmonitoring.org/,m,ioc,timeSeries,timeseries_id,71,SZXX01,National Mapping and Resource Information Authority ( Philippines ) +University of Hawaii Sea Level Center ( USA ),2007-12-09 17:55:00,8385,10080.0,83,36325,43200.0,84,82,1',5',5',301434061609060,6.76,07:30,8',5',POINT (125.6629 7.153699999999999),[],transformed,2026-09-07T17:48:48.833435,NW Pacific,Pacific NW
sewa,wls,-149.427,60.119,USA,Seward AK,3068546,0 days 00:01:00,0.9953323169996474,0.9719231549067315,-1.413,-1.05,-0.6879999999999991,0.804,1.5574569288780178,1.612,2.347999999999999,3.555,3.9791450000000186,4.2780000000000005,5.691000000000001,1.017884069281137,-0.16917496229099516,-0.6655402126090304,https://github.com/oceanmodeling/ioc_cleanup,0.1.0,sea_surface_height_above_reference_ellipsoid,Sea surface height,total_water_level,included,IOC sea-level data downloaded from https://www.ioc-sealevelmonitoring.org/,m,ioc,timeSeries,timeseries_id,150,web,National Ocean Service-NOAA ( USA ),2008-06-06 00:00:00,10080,10080.0,100,41746,43200.0,97,100,1',2',6',nan,0.95,07:33,5',6',POINT (-149.427 60.119),[],transformed,2026-09-07T17:48:49.124142,NE Pacific,Pacific NE
ters,flt,5.332804335209999,53.4278341365,Netherlands,Terschelling Noordzee,287334,0 days 00:10:00,0.9979570813060759,0.8899818785482563,-2.009999999999999,-1.589999999999999,-1.35,-0.54,0.059284994713816305,0.13,0.65,1.399999999999999,1.83,2.5300000000000002,4.539999999999999,0.7146602839518617,-0.14969454817851713,-0.9682046422868158,https://github.com/oceanmodeling/ioc_cleanup,0.1.0,sea_surface_height_above_reference_ellipsoid,Sea surface height,total_water_level,included,IOC sea-level data downloaded from https://www.ioc-sealevelmonitoring.org/,m,ioc,timeSeries,timeseries_id,None,web,Rijkswaterstaat ( Netherlands ),2017-01-13 21:09:38,nan,1008.0,0,nan,nan,0,0,10',nan,10',nan,-0.77,2026-02-25 07:50,85d,10',POINT (5.332804335209999 53.4278341365),[],transformed,2026-09-07T17:48:50.135088,North Sea,Atlantic NE
yaku,pwl,-139.735,59.548,USA,Yakutat AK,3096087,0 days 00:01:00,0.9988769695425226,0.9800283860502839,-1.298999999999999,-0.995,-0.654,0.765,1.471277045942381,1.5190000000000001,2.218,3.351999999999999,3.774999999999999,4.230999999999999,5.529999999999998,0.9613327267459031,-0.17391545882035803,-0.6588540562171543,https://github.com/oceanmodeling/ioc_cleanup,0.1.0,sea_surface_height_above_reference_ellipsoid,Sea surface height,total_water_level,included,IOC sea-level data downloaded from https://www.ioc-sealevelmonitoring.org/,m,ioc,timeSeries,timeseries_id,None,web,National Ocean Service-NOAA ( USA ),2006-06-07 04:30:00,9983,10080.0,99,41717,43200.0,97,99,1',5',6',nan,0.96,07:32,6',6',POINT (-139.735 59.548),[],transformed,2026-09-07T17:48:48.932294,NE Pacific,Pacific NE
PA07,rad,13.3713,38.1214,Italy,Palermo,3117863,0 days 00:01:00,0.998363943508743,0.9808977088402271,-0.874,-0.216,-0.1,0.122,0.2128367897385941,0.20999999999999902,0.30199999999999905,0.561,0.678,1.488,2.362,0.135356567808506,0.13079952144017323,0.34293609579893936,https://github.com/oceanmodeling/ioc_cleanup,0.1.0,sea_surface_height_above_reference_ellipsoid,Sea surface height,total_water_level,included,IOC sea-level data downloaded from https://www.ioc-sealevelmonitoring.org/,m,ioc,timeSeries,timeseries_id,None,web,Istituto Superiore per la Protezione e la Ricerca Ambientale ( Italy ),2010-09-13 18:11:33,10043,10080.0,100,37412,43200.0,87,100,1',nan,5',nan,0.1,07:37,1',5',POINT (13.3713 38.1214),[],transformed,2026-09-07T17:48:49.220749,Mediterranean Sea,Mediterranean
kata,pr1,21.319233,37.64045,Greece,Katakolo,3083101,0 days 00:01:00,0.9996195388993095,0.9699240926601784,0.0,0.0,0.079,0.337,4.57088243880706,0.497,6.022999999999999,19.629,19.987,19.999,19.999,6.241091983191875,1.2439812987964196,-0.016043688001285528,https://github.com/oceanmodeling/ioc_cleanup,0.1.0,sea_surface_height_above_reference_ellipsoid,Sea surface height,total_water_level,included,IOC sea-level data downloaded from https://www.ioc-sealevelmonitoring.org/,m,ioc,timeSeries,timeseries_id,None,ftp,Hellenic Navy Hydrographic Service ( Greece ),2009-11-20 17:00:00,nan,10080.0,0,41626,43200.0,96,0,1',nan,3',nan,0.46,2026-05-12 10:00,9d,3',POINT (21.319233 37.64045),[],transformed,2026-09-07T17:48:49.013830,Mediterranean Sea,Mediterranean
PE09,prs,13.52684,37.28576,Italy,Porto empedocle,3090868,0 days 00:01:00,0.997001489549214,0.979045645782644,-0.497,-0.328,-0.229,0.01,0.07513683681202492,0.081,0.14899999999999902,0.326,0.433,0.934,1.431,0.1134590243034856,-0.2993666063035985,0.5475582898458509,https://github.com/oceanmodeling/ioc_cleanup,0.1.0,sea_surface_height_above_reference_ellipsoid,Sea surface height,total_water_level,included,IOC sea-level data downloaded from https://www.ioc-sealevelmonitoring.org/,m,ioc,timeSeries,timeseries_id,None,web,Istituto Superiore per la Protezione e la Ricerca Ambientale ( Italy ),2008-09-27 07:30:00,40138,10080.0,398,141122,43200.0,327,398,1',nan,5',nan,0.07,07:37,1',5',POINT (13.52684 37.28576),[],transformed,2026-09-07T17:48:49.426489,Mediterranean Sea,Mediterranean
magi,pwl,-67.0464,17.9701,USA,Magueyes Island PR,2681810,0 days 00:01:00,0.9987556911190576,0.8493876089821574,-0.8890000000000001,-0.7039999999999991,-0.031,0.116,0.18616334045112473,0.19,0.261,0.391,0.443,0.8519999999999991,1.7409999999999992,0.10595916104552265,-1.2216824316623962,9.519975126299718,https://github.com/oceanmodeling/ioc_cleanup,0.1.0,sea_surface_height_above_reference_ellipsoid,Sea surface height,total_water_level,included,IOC sea-level data downloaded from https://www.ioc-sealevelmonitoring.org/,m,ioc,timeSeries,timeseries_id,None,web,National Ocean Service-NOAA ( USA ) +International Tsunami Information Center Caribbean Office ( USA ),2010-03-08 12:15:00,nan,10080.0,0,nan,nan,0,0,1',nan,6',3364E042,0.01,2025-07-12 18:15,313d,6',POINT (-67.0464 17.9701),['2025-01-03T18:00:00'],transformed,2026-09-07T17:48:49.344842,Caribbean Sea,Caribbean
lime,pwl,-64.7538,17.6947,USA,Limetree VI,3024191,0 days 00:01:00,0.9981909211422162,0.957967102595296,-0.126,-0.07499999999999901,-0.032,0.13,0.2045479455679003,0.20899999999999902,0.28399999999999903,0.41699999999999904,0.46,0.516,0.642,0.10586409647533551,-0.16175992701303993,-0.5554139581549329,https://github.com/oceanmodeling/ioc_cleanup,0.1.0,sea_surface_height_above_reference_ellipsoid,Sea surface height,total_water_level,included,IOC sea-level data downloaded from https://www.ioc-sealevelmonitoring.org/,m,ioc,timeSeries,timeseries_id,None,web,National Ocean Service-NOAA ( USA ) +International Tsunami Information Center Caribbean Office ( USA ),2010-03-08 12:09:00,10075,10080.0,100,41205,43200.0,95,100,1',6',6',3364B03E,0.32,07:27,11',6',POINT (-64.7538 17.6947),[],transformed,2026-09-07T17:48:49.412767,Caribbean Sea,Caribbean
gptx,bwl,-94.793,29.31,USA,Galveston Pier TX,3036075,0 days 00:01:00,0.999124856928765,0.9615631969789132,-0.8219999999999991,-0.47299999999999903,-0.167,0.30499999999999905,0.4519608715205644,0.47299999999999903,0.6119999999999991,0.9919999999999991,1.328,1.645,2.466999999999999,0.24039077564467534,-0.30762175194586877,0.7242445502920329,https://github.com/oceanmodeling/ioc_cleanup,0.1.0,sea_surface_height_above_reference_ellipsoid,Sea surface height,total_water_level,included,IOC sea-level data downloaded from https://www.ioc-sealevelmonitoring.org/,m,ioc,timeSeries,timeseries_id,217,web,National Ocean Service-NOAA ( USA ),2008-06-06 00:00:00,10080,10080.0,100,41743,43200.0,97,100,1',3',5',336AB456,0.07,07:33,5',5',POINT (-94.793 29.31),[],transformed,2026-09-07T17:48:49.781918,Gulf of Mexico,Atlantic NW
tala,prs,-81.27985,-4.577799999999999,Perú,Talara,2296531,0 days 00:01:00,0.9949136327791787,0.7226438944647202,-0.068,0.131,0.28799999999999903,0.8419999999999991,1.2039150517029507,1.207,1.566999999999999,2.112,2.3369900000002235,2.624,2.692,0.4505590871483915,-0.011815304058639583,-0.8380160854636594,https://github.com/oceanmodeling/ioc_cleanup,0.1.0,sea_surface_height_above_reference_ellipsoid,Sea surface height,total_water_level,included,IOC sea-level data downloaded from https://www.ioc-sealevelmonitoring.org/,m,ioc,timeSeries,timeseries_id,None,SEPO40,Dirección de Hidrografía y Navegación (Perú) +University of Hawaii Sea Level Center ( USA ),2013-05-28 22:35:32,nan,10080.0,0,nan,nan,0,0,1',nan,5',35414358,1.4,2025-08-19 14:50,275d,5',POINT (-81.27985 -4.577799999999999),[],transformed,2026-09-07T17:48:49.949912,SE Pacific,Pacific SE
treg,flt,7.554758999999999,58.006377,Norway,Tregde,313118,0 days 00:10:00,0.9999393200007665,0.9918675233171127,0.014999999999999002,0.079,0.18099999999999902,0.42199999999999904,0.5371145709896157,0.529,0.643,0.9829999999999991,1.189999999999999,1.391999999999999,1.377,0.16937039156788652,0.3593399068972501,0.43165845953700677,https://github.com/oceanmodeling/ioc_cleanup,0.1.0,sea_surface_height_above_reference_ellipsoid,Sea surface height,total_water_level,included,IOC sea-level data downloaded from https://www.ioc-sealevelmonitoring.org/,m,ioc,timeSeries,timeseries_id,321,web,Norwegian Hydrographic Service ( Norway ),2008-12-16 23:00:00,1008,1008.0,100,4176,4320.0,97,100,10',4',10',nan,0.64,07:30,8',10',POINT (7.554758999999999 58.006377),[],transformed,2026-09-07T17:48:50.819246,North Sea,Atlantic NE
acap2,rad,-99.903,16.8379333,Mexico,Acapulco API,2081169,0 days 00:01:00,0.9969377787195561,0.6593281123276561,3.860999999999999,4.145999999999999,4.269999999999999,4.593,4.754581320189355,4.748,4.91,5.2780000000000005,5.407,5.602,1.7410000000000014,0.2252732910801914,0.12351278151605058,-0.30021334745364747,https://github.com/oceanmodeling/ioc_cleanup,0.1.0,sea_surface_height_above_reference_ellipsoid,Sea surface height,total_water_level,included,IOC sea-level data downloaded from https://www.ioc-sealevelmonitoring.org/,m,ioc,timeSeries,timeseries_id,267,SOMX10,Universidad Nacional Autónoma de México ( Mexico ),2014-05-19 10:50:47,nan,10080.0,0,nan,nan,0,0,1',nan,10',0100D7CA,5.08,2025-04-12 19:36,404d,10',POINT (-99.903 16.8379333),[],transformed,2026-09-07T17:48:50.287001,NE Pacific,Pacific NE
btny2,pwl,-74.02,40.7,USA,Battery The NY,2569350,0 days 00:01:00,0.9028178333041431,0.8111288523925385,-5.155999999999999,-4.692,-4.421,-3.7880000000000003,-3.3509294421929825,-3.343,-2.911,-2.318,-2.096,-1.750999999999999,3.405,0.5299463951503095,-0.04178519807924172,-0.90849347010314,https://github.com/oceanmodeling/ioc_cleanup,0.1.0,sea_surface_height_above_reference_ellipsoid,Sea surface height,total_water_level,included,IOC sea-level data downloaded from https://www.ioc-sealevelmonitoring.org/,m,ioc,timeSeries,timeseries_id,None,SXXX03,National Ocean Service-NOAA ( USA ),2012-12-05 18:19:24,nan,10080.0,0,39270,43200.0,91,0,1',nan,6',336670D4,nan,2026-05-13 15:45,8d,6',POINT (-74.02 40.7),[],transformed,2026-09-07T17:48:50.192409,NW Atlantic,Atlantic NW
kawa,pwl,-155.832,20.036,USA,"Kawaihae, Hawaii",3024815,0 days 00:01:00,0.9987771152946544,0.9567147582116788,-0.224,-0.11,-0.027,0.196,0.3663391779925563,0.332,0.518,0.918,1.032999999999999,1.141999999999999,1.365999999999999,0.22317036087440917,0.509517779356672,-0.34149476269386936,https://github.com/oceanmodeling/ioc_cleanup,0.1.0,sea_surface_height_above_reference_ellipsoid,Sea surface height,total_water_level,included,IOC sea-level data downloaded from https://www.ioc-sealevelmonitoring.org/,m,ioc,timeSeries,timeseries_id,None,web,National Ocean Service-NOAA ( USA ),2010-03-26 13:45:00,10078,10080.0,100,41756,43200.0,97,100,1',3',6',nan,0.72,07:33,5',6',POINT (-155.832 20.036),[],transformed,2026-09-07T17:48:50.015108,NE Pacific,Pacific NE
coru,flt,-8.4,43.3666,Spain,La Coruña,2152729,0 days 00:01:00,0.9997412586535509,0.681927019971614,0.48999999999999905,0.75,1.02,2.029999999999999,2.7787778381213557,2.7800000000000002,3.5300000000000002,4.549999999999999,4.86,5.129999999999999,4.64,0.9058706346816296,0.00011187203610801904,-0.9773205968669809,https://github.com/oceanmodeling/ioc_cleanup,0.1.0,sea_surface_height_above_reference_ellipsoid,Sea surface height,total_water_level,included,IOC sea-level data downloaded from https://www.ioc-sealevelmonitoring.org/,m,ioc,timeSeries,timeseries_id,243,web,Instituto Español de Oceanografía ( Spain ),2008-08-18 00:00:00,nan,2016.0,0,nan,nan,0,0,5',nan,1d,nan,3.94,2024-03-20 07:51,792d,1d,POINT (-8.4 43.3666),[],transformed,2026-09-07T17:48:50.672646,NE Atlantic,Atlantic NE
pago,pwl,-170.6907,-14.2766,Samoa,Pago Pago AS,2156336,0 days 00:01:00,0.9882453383888226,0.6824044505271695,-0.276,-0.14,-0.042,0.23499999999999902,0.4812828821409136,0.47699999999999904,0.7199999999999991,1.036999999999999,1.137999999999999,1.865,2.141,0.28306397377682213,0.06287910556796135,-1.060852544216956,https://github.com/oceanmodeling/ioc_cleanup,0.1.0,sea_surface_height_above_reference_ellipsoid,Sea surface height,total_water_level,included,IOC sea-level data downloaded from https://www.ioc-sealevelmonitoring.org/,m,ioc,timeSeries,timeseries_id,144,web,National Ocean Service-NOAA ( USA ),2008-06-06 00:00:00,nan,10080.0,0,nan,nan,0,0,1',nan,6',336015FC,0.58,07:33,5',6',POINT (-170.6907 -14.2766),[],transformed,2026-09-07T17:48:50.915613,SE Pacific,Pacific SE
dnze,prt,-177.708,-36.0493,New Zealand,DART New Zealand E Coast,121377,0 days 00:15:00,0.8558540744951679,0.49452554744525545,5776.089,5776.153063000001,5776.275,5776.683,5777.039382947034,5777.042,5777.39,5777.863,5778.024937,5778.113,2.024000000000342,0.41706118989238067,0.02084613021682755,-1.0532710837627108,https://github.com/oceanmodeling/ioc_cleanup,0.1.0,sea_surface_height_above_reference_ellipsoid,Sea surface height,total_water_level,included,IOC sea-level data downloaded from https://www.ioc-sealevelmonitoring.org/,m,ioc,timeSeries,timeseries_id,None,web,EarthSciences NZ - GeoNet programme ( New Zealand ),2023-04-03 15:25:11,668,672.0,99,2752,2880.0,96,96,15',31',6h,nan,5776.87,06:00,2h,6h,POINT (-177.708 -36.0493),[],transformed,2026-09-07T17:48:51.597405,SE Pacific,Pacific SE
igne,rad,28.023719787598,41.888763427734,Turkey,Igneada,4901169,0 days 00:00:30,0.9999561329144129,0.7763225174878345,1.675,1.887999999999999,1.947,2.101,2.1845676118617563,2.18,2.266,2.439999999999999,2.492,2.624,0.9490000000000001,0.11410019616599267,0.11740987749468695,-0.4732657445061581,https://github.com/oceanmodeling/ioc_cleanup,0.1.0,sea_surface_height_above_reference_ellipsoid,Sea surface height,total_water_level,included,IOC sea-level data downloaded from https://www.ioc-sealevelmonitoring.org/,m,ioc,timeSeries,timeseries_id,None,web,General Directorate of Mapping ( Turkey ),2020-11-05 21:43:24,8639,20160.0,43,76904,86400.0,89,0,0.5',nan,2',nan,2.2,2026-05-17 19:26,4d,2',POINT (28.023719787598 41.888763427734),[],transformed,2026-09-07T17:48:49.294834,Black Sea,Mediterranean
palm,rad,2.63748,39.56015,Spain,PalmadeMallorca,2991280,0 days 00:01:00,0.9924102725254741,0.9476632197891321,-0.542,-0.456,-0.35499999999999904,-0.136,-0.0607946942446042,-0.05,0.021,0.184,0.261,0.46,1.002,0.11664833841353152,-0.3476999584130547,0.07221629206861158,https://github.com/oceanmodeling/ioc_cleanup,0.1.0,sea_surface_height_above_reference_ellipsoid,Sea surface height,total_water_level,included,IOC sea-level data downloaded from https://www.ioc-sealevelmonitoring.org/,m,ioc,timeSeries,timeseries_id,None,ftp,Puertos del Estado ( Spain ),2009-10-15 08:43:00,10080,10080.0,100,41354,43200.0,96,100,1',4',4',nan,-0.21,07:35,3',4',POINT (2.63748 39.56015),[],transformed,2026-09-07T17:48:50.876907,Mediterranean Sea,Mediterranean
alme,rad,-2.478349999999999,36.83002,Spain,Almeria,2943344,0 days 00:01:00,0.9981901537842671,0.9318313437753447,-0.034,0.049,0.14599999999999902,0.34999999999999903,0.4299481536609402,0.434,0.514,0.684,0.762,0.8579999999999991,0.8919999999999991,0.11912032213679002,-0.1780340897554929,-0.15552870532720808,https://github.com/oceanmodeling/ioc_cleanup,0.1.0,sea_surface_height_above_reference_ellipsoid,Sea surface height,total_water_level,included,IOC sea-level data downloaded from https://www.ioc-sealevelmonitoring.org/,m,ioc,timeSeries,timeseries_id,None,ftp,Puertos del Estado ( Spain ),2008-02-27 11:12:00,10080,10080.0,100,41362,43200.0,96,100,1',3',4',nan,0.33,07:34,4',4',POINT (-2.478349999999999 36.83002),[],transformed,2026-09-07T17:48:50.786348,Mediterranean Sea,Mediterranean
stjo,enc,-52.72,47.57,Canada,St. Johns,3014255,0 days 00:01:00,0.9990299427221652,0.9547603659772912,-0.17999999999999902,0.095,0.276,0.687,0.9320973105324315,0.923,1.163999999999999,1.6800000000000002,1.919,2.352999999999999,2.5329999999999977,0.32526819241607935,0.1594358657050227,-0.4250339308383828,https://github.com/oceanmodeling/ioc_cleanup,0.1.0,sea_surface_height_above_reference_ellipsoid,Sea surface height,total_water_level,included,IOC sea-level data downloaded from https://www.ioc-sealevelmonitoring.org/,m,ioc,timeSeries,timeseries_id,223,web,Fisheries and Oceans Canada ( Canada ),2008-12-11 04:00:00,10079,10080.0,100,41755,43200.0,97,100,1',nan,10',nan,0.53,07:37,1',10',POINT (-52.72 47.57),[],transformed,2026-09-07T17:48:50.934769,NW Atlantic,Atlantic NW
nain,enc,-61.68,56.55,Canada,Nain,2154752,0 days 00:01:00,0.9993293891826066,0.6824418339416058,-0.216,-0.01,0.23599999999999902,0.922,1.404562534294842,1.3940000000000001,1.8780000000000001,2.633999999999999,2.902,3.269,3.4850000000000003,0.59438478030679,0.06742369242465401,-0.835343048731676,https://github.com/oceanmodeling/ioc_cleanup,0.1.0,sea_surface_height_above_reference_ellipsoid,Sea surface height,total_water_level,included,IOC sea-level data downloaded from https://www.ioc-sealevelmonitoring.org/,m,ioc,timeSeries,timeseries_id,224,web,Fisheries and Oceans Canada ( Canada ),2008-12-11 04:00:00,10079,10080.0,100,41757,43200.0,97,100,1',nan,10',nan,0.72,07:37,1',10',POINT (-61.68 56.55),[],transformed,2026-09-07T17:48:51.167698,NW Atlantic,Atlantic NW
saig,rad,133.33,36.2,Japan,Saigo,3131061,0 days 00:01:00,0.999617382095079,0.9919451414233577,1.514899999999999,1.7191,1.8044,2.051299999999999,2.163905288409178,2.1671,2.282999999999999,2.5116,2.624299999999999,2.8529,1.338000000000001,0.15969404584524619,-0.03861726446104086,-0.34843183913959175,https://github.com/oceanmodeling/ioc_cleanup,0.1.0,sea_surface_height_above_reference_ellipsoid,Sea surface height,total_water_level,included,IOC sea-level data downloaded from https://www.ioc-sealevelmonitoring.org/,m,ioc,timeSeries,timeseries_id,None,SWJP40,Japan Meteorological Agency ( Japan ),2012-03-21 10:16:16,10040,10080.0,100,41660,43200.0,96,100,1',8',10',SAIGO,2.5,07:29,9',10',POINT (133.33 36.2),[],transformed,2026-09-07T17:48:51.026173,Japan Sea,Pacific NW
cwme,pwl,-67.21,44.656667,USA,"Cutler Farris Wharf, ME",513938,0 days 00:06:00,0.9980931552054917,0.9734394008515815,-0.6979999999999991,-0.47699999999999904,-0.14499999999999902,0.9649999999999991,2.3339853585285883,2.321,3.698999999999999,4.907,5.237999999999999,5.796,6.494,1.4663704628483611,0.018381935208334466,-1.3120857615627382,https://github.com/oceanmodeling/ioc_cleanup,0.1.0,sea_surface_height_above_reference_ellipsoid,Sea surface height,total_water_level,included,IOC sea-level data downloaded from https://www.ioc-sealevelmonitoring.org/,m,ioc,timeSeries,timeseries_id,None,web,National Ocean Service-NOAA ( USA ),2011-02-21 11:51:22,1680,1680.0,100,6960,7200.0,97,100,6',6',6',33672252,4.64,07:30,8',6',POINT (-67.21 44.656667),[],transformed,2026-09-07T17:48:51.855674,NW Atlantic,Atlantic NW
goag,rad,12.01,57.789722,Sweden,Goteborg Agnesberg,2190359,0 days 00:01:00,0.9981861420890366,0.69389699918897,-0.382,-0.29599999999999904,-0.1637,0.099,0.24021933558936942,0.22,0.3612,0.8349999999999991,1.082,1.3001,1.6821000000000002,0.20616751622661622,0.5927398562293063,0.7961389543372648,https://github.com/oceanmodeling/ioc_cleanup,0.1.0,sea_surface_height_above_reference_ellipsoid,Sea surface height,total_water_level,included,IOC sea-level data downloaded from https://www.ioc-sealevelmonitoring.org/,m,ioc,timeSeries,timeseries_id,None,web,Swedish Meteorological and Hydrological Institute ( Sweden ) +Swedish Maritime Administration ( Sweden ),2021-10-18 15:53:01,10052,10080.0,100,41688,43200.0,97,100,1',23',1h,nan,0.15,06:48,50',1h,POINT (12.01 57.789722),[],transformed,2026-09-07T17:48:51.257925,Baltic Sea,Atlantic NE
kala,pr1,22.109833,37.021533,Greece,Kalamata,615401,0 days 00:05:00,0.9965177177157658,0.7976416768045418,0.09099999999999901,0.135,0.20699999999999902,0.555,2.5818745005441386,0.7169999999999991,0.805,18.458,18.541,18.651,18.560000000000002,5.531942057602806,2.4965261632564903,4.2420729243388955,https://github.com/oceanmodeling/ioc_cleanup,0.1.0,sea_surface_height_above_reference_ellipsoid,Sea surface height,total_water_level,included,IOC sea-level data downloaded from https://www.ioc-sealevelmonitoring.org/,m,ioc,timeSeries,timeseries_id,None,ftp,Hellenic Navy Hydrographic Service ( Greece ),2009-11-20 17:00:00,2013,2016.0,100,8352,8640.0,97,100,5',6',5',nan,0.68,07:30,8',5',POINT (22.109833 37.021533),['2020-07-17T07:30:00'],transformed,2026-09-07T17:48:51.984443,Mediterranean Sea,Mediterranean
abed,bub,-2.08,57.14,UK,Aberdeen,207071,0 days 00:15:00,0.9979234175717507,0.971325653892944,-0.064,0.29599999999999904,0.67,1.834,2.661799132085441,2.6870000000000003,3.503,4.536999999999999,4.886,5.168,5.232,1.001784424797822,-0.07160238101469298,-0.993421807202874,https://github.com/oceanmodeling/ioc_cleanup,0.1.0,sea_surface_height_above_reference_ellipsoid,Sea surface height,total_water_level,included,IOC sea-level data downloaded from https://www.ioc-sealevelmonitoring.org/,m,ioc,timeSeries,timeseries_id,None,ftp,National Oceanography Centre ( UK ),2012-09-04 21:04:28,671,672.0,100,2781,2880.0,97,99,15',41',15',nan,3.08,06:45,53',15',POINT (-2.08 57.14),[],transformed,2026-09-07T17:48:52.136429,North Sea,Atlantic NE
jers,bub,-2.12,49.18,UK,Jersey,185993,0 days 00:15:00,0.998032184006925,0.8829313032238443,0.25,0.6695920000000001,1.323,4.049999999999999,6.148092461126928,6.088,8.232,11.164,11.829407999999995,12.301,12.051,2.565118294359604,0.05057567740443323,-0.9963211872266711,https://github.com/oceanmodeling/ioc_cleanup,0.1.0,sea_surface_height_above_reference_ellipsoid,Sea surface height,total_water_level,included,IOC sea-level data downloaded from https://www.ioc-sealevelmonitoring.org/,m,ioc,timeSeries,timeseries_id,None,ftp,National Oceanography Centre ( UK ),2012-09-04 21:04:29,nan,672.0,0,nan,nan,0,0,15',nan,15',nan,9.83,2026-03-06 09:30,76d,15',POINT (-2.12 49.18),[],transformed,2026-09-07T17:48:52.227626,English Channel,Atlantic NE
tkdi,rad,-1.744972,4.882123,Ghana,Takoradi,2144835,0 days 00:01:00,0.91336443129658,0.6511047115774534,-0.24750000000000003,-0.0425,0.2205,0.791,1.0909491307167818,1.092,1.399999999999999,1.895999999999999,2.089999999999999,2.342,2.5895,0.3955749214468081,-0.08148335412792267,-0.6035571408954792,https://github.com/oceanmodeling/ioc_cleanup,0.1.0,sea_surface_height_above_reference_ellipsoid,Sea surface height,total_water_level,included,IOC sea-level data downloaded from https://www.ioc-sealevelmonitoring.org/,m,ioc,timeSeries,timeseries_id,335,ftp,OceanWise,2019-07-23 09:07:55,nan,10080.0,0,nan,nan,0,0,1',nan,20',180022AA,1.15,2025-05-13 12:53,373d,20',POINT (-1.744972 4.882123),[],transformed,2026-09-07T17:48:51.317327,NE Atlantic,Atlantic NE
yabu,wls,-65.833,18.0551,USA,"Yabucoa Harbor, PR",2121823,0 days 00:01:00,0.9895881984501064,0.5006934940186537,-6.6530000000000005,-6.612,-6.573,-6.416999999999999,-6.343740014261949,-6.341,-6.267999999999999,-6.118,-6.073999999999999,-6.0,0.6530000000000005,0.10478788765622922,-0.0701489231475998,-0.47848829101097,https://github.com/oceanmodeling/ioc_cleanup,0.1.0,sea_surface_height_above_reference_ellipsoid,Sea surface height,total_water_level,included,IOC sea-level data downloaded from https://www.ioc-sealevelmonitoring.org/,m,ioc,timeSeries,timeseries_id,None,SXXX03,Puerto Rico Seismic Network ( USA ) +National Ocean Service-NOAA ( USA ) +International Tsunami Information Center Caribbean Office ( USA ),2010-03-26 14:06:00,8947,10080.0,89,39390,43200.0,91,90,1',5',6',3366B5CA,-6.21,07:32,6',6',POINT (-65.833 18.0551),[],transformed,2026-09-07T17:48:51.778957,Caribbean Sea,Caribbean
pric,rad,-61.764828,12.005392,Grenada,"Prickly Bay, Grenada",2647848,0 days 00:01:00,0.9858349119737991,0.825634567619627,5.001999999999999,5.131,5.211999999999999,5.501,5.610475540261517,5.615999999999999,5.726,5.974999999999999,6.041,6.216999999999999,1.2149999999999999,0.16975763390995346,-0.15144031648601766,-0.23771820491818563,https://github.com/oceanmodeling/ioc_cleanup,0.1.0,sea_surface_height_above_reference_ellipsoid,Sea surface height,total_water_level,included,IOC sea-level data downloaded from https://www.ioc-sealevelmonitoring.org/,m,ioc,timeSeries,timeseries_id,None,SEPO40,University of Hawaii Sea Level Center ( USA ) +Puerto Rico Seismic Network ( USA ) +International Tsunami Information Center Caribbean Office ( USA ),2011-05-13 11:17:15,8675,10080.0,86,38638,43200.0,89,88,1',3',5',3541B3DC,5.67,07:26,12',5',POINT (-61.764828 12.005392),[],transformed,2026-09-07T17:48:51.127312,Caribbean Sea,Caribbean
acaj,rad,-89.838128,13.573792,El Salvador,Acajutla SV,3028359,0 days 00:01:00,0.9927158570037437,0.3687585538321168,0.196,0.336,0.512,1.147999999999999,2.827176020357755,1.812999999999999,2.613999999999999,7.857999999999999,8.089,8.223,8.027000000000001,2.4023531692757247,1.1004332428088202,-0.5259435729624129,https://github.com/oceanmodeling/ioc_cleanup,0.1.0,sea_surface_height_above_reference_ellipsoid,Sea surface height,total_water_level,included,IOC sea-level data downloaded from https://www.ioc-sealevelmonitoring.org/,m,ioc,timeSeries,timeseries_id,182,SZXX01,Ministerio de Medio Ambiente y Recursos Naturales ( El Salvador ) +University of Hawaii Sea Level Center ( USA ),2008-06-20 12:17:00,8385,10080.0,83,36695,43200.0,85,80,1',6',5',300434064008810,0.95,07:29,9',5',POINT (-89.838128 13.573792),['2024-03-06T07:00:00'],transformed,2026-09-07T17:48:51.705496,NE Pacific,Pacific NE
kapi,rad,154.8066861,1.077958299999999,Micronesia,Kapingamarangi FM,2517677,0 days 00:01:00,0.9949842652572193,0.7896013914233576,5.323,5.400999999999999,5.484,5.75,5.9592032025055754,5.929999999999999,6.141,6.601,6.735999999999999,6.944,1.6209999999999996,0.2662189540855952,0.4261524290965493,-0.44391803076216485,https://github.com/oceanmodeling/ioc_cleanup,0.1.0,sea_surface_height_above_reference_ellipsoid,Sea surface height,total_water_level,included,IOC sea-level data downloaded from https://www.ioc-sealevelmonitoring.org/,m,ioc,timeSeries,timeseries_id,117,SZXX01,Yap Weather Service Office ( Federated States of Micronesia ) +University of Hawaii Sea Level Center ( USA ),2008-06-19 10:52:00,8450,10080.0,84,36585,43200.0,85,83,1',5',5',300434064787540,0.82,07:30,8',5',POINT (154.8066861 1.077958299999999),[],transformed,2026-09-07T17:48:51.661407,NW Pacific,Pacific NW
cwfl,pwl,-82.832,27.978,USA,Clearwater Beach FL,3065238,0 days 00:01:00,0.9988066179526679,0.9710829785077048,-0.7349999999999991,-0.29399999999999904,-0.085,0.43099999999999905,0.6163857792173046,0.636,0.8129999999999991,1.204,1.4157969999997868,2.907,3.641999999999999,0.287027250901403,-0.22932878676276516,0.19572897696093072,https://github.com/oceanmodeling/ioc_cleanup,0.1.0,sea_surface_height_above_reference_ellipsoid,Sea surface height,total_water_level,included,IOC sea-level data downloaded from https://www.ioc-sealevelmonitoring.org/,m,ioc,timeSeries,timeseries_id,None,web,National Ocean Service-NOAA ( USA ),2008-06-24 00:00:00,10080,10080.0,100,41543,43200.0,96,100,1',3',5',3358C142,0.69,07:33,5',5',POINT (-82.832 27.978),[],transformed,2026-09-07T17:48:51.343959,Gulf of Mexico,Atlantic NW
pwil2,prs,-67.608217,-54.932875,Chile,Puerto Williams CL,958086,0 days 00:01:00,0.914180981665529,0.30350326946472017,0.5929999999999991,0.907,1.098,1.748,2.1166018745263577,2.108,2.476,3.23,3.517999999999999,3.862,3.269000000000001,0.49371510184785034,0.09634642890509626,-0.5074586902944378,https://github.com/oceanmodeling/ioc_cleanup,0.1.0,sea_surface_height_above_reference_ellipsoid,Sea surface height,total_water_level,included,IOC sea-level data downloaded from https://www.ioc-sealevelmonitoring.org/,m,ioc,timeSeries,timeseries_id,None,web,Servicio Hidrográfico y Oceanográfico de la Armada ( Chile ) +Servicio Hidrográfico y Oceanográfico de la Armada ( Chile ),2013-03-18 17:40:25,9330,10080.0,93,18046,43200.0,42,88,1',3',15',nan,3.99,07:30,7',15',POINT (-67.608217 -54.932875),[],transformed,2026-09-07T17:48:52.327628,SW Atlantic,Atlantic South
heys,bub,-2.919999999999999,54.03,UK,Heysham,207203,0 days 00:15:00,0.9983301400076253,0.9797986998175182,0.115,0.608179999999999,1.125,3.194999999999999,5.297249407074368,5.179,7.384999999999999,9.869,10.527640000000014,11.192,11.077,2.3993281409763187,0.10385815944325717,-1.1580230888507173,https://github.com/oceanmodeling/ioc_cleanup,0.1.0,sea_surface_height_above_reference_ellipsoid,Sea surface height,total_water_level,included,IOC sea-level data downloaded from https://www.ioc-sealevelmonitoring.org/,m,ioc,timeSeries,timeseries_id,None,ftp,National Oceanography Centre ( UK ),2012-09-04 21:04:28,670,672.0,100,2777,2880.0,96,100,15',32',15',nan,2.68,07:00,38',15',POINT (-2.919999999999999 54.03),[],transformed,2026-09-07T17:48:52.734435,Irish Sea,Atlantic NE
diep2,rad,1.085,49.93,France,Dieppe 2,949011,0 days 00:01:00,0.9983340551374009,0.28623846816707216,-1.6720000000000002,0.635,0.9849999999999991,3.04,5.0911896523100015,5.078,7.093,9.442,9.898,47.954,49.626,2.33991539680947,0.07105992565171756,-0.6813741361918302,https://github.com/oceanmodeling/ioc_cleanup,0.1.0,sea_surface_height_above_reference_ellipsoid,Sea surface height,total_water_level,included,IOC sea-level data downloaded from https://www.ioc-sealevelmonitoring.org/,m,ioc,timeSeries,timeseries_id,None,SZFR01,Service hydrographique et océanographique de la marine ( France ),2015-01-16 12:33:01,9750,10080.0,97,41357,43200.0,96,88,1',6',6',FR024,1.68,07:29,9',6',POINT (1.085 49.93),[],transformed,2026-09-07T17:48:52.585131,English Channel,Atlantic NE
sprg,aqu,147.9327,-42.5459,Australia,Spring Bay AU,3030155,0 days 00:01:00,0.9993914502723458,0.9599221284468775,0.274,0.441,0.5829999999999991,1.020999999999999,1.212750869231594,1.221,1.409999999999999,1.810999999999999,1.966,2.319999999999999,2.045999999999999,0.27678467739485213,-0.09537887276217309,-0.34144269599296706,https://github.com/oceanmodeling/ioc_cleanup,0.1.0,sea_surface_height_above_reference_ellipsoid,Sea surface height,total_water_level,included,IOC sea-level data downloaded from https://www.ioc-sealevelmonitoring.org/,m,ioc,timeSeries,timeseries_id,56,SZAU01,National Tidal Centre/Australian Bureau of Meteorology ( Australia ),2007-12-05 22:50:00,10077,10080.0,100,41730,43200.0,97,100,1',3',3',61170,1.11,07:35,3',3',POINT (147.9327 -42.5459),[],transformed,2026-09-07T17:48:51.575000,SW Pacific,Pacific SW
vald2,pwl,-146.362,61.125,USA,Valdez AK,282839,0 days 00:06:00,0.9987696180512589,0.5375684306569343,-1.597999999999999,-1.215,-0.8249999999999991,0.874,1.7240883792308452,1.796,2.625999999999999,3.931,4.352999999999999,4.694,6.291999999999999,1.1499009292247258,-0.20814741869847125,-0.6793865863858763,https://github.com/oceanmodeling/ioc_cleanup,0.1.0,sea_surface_height_above_reference_ellipsoid,Sea surface height,total_water_level,included,IOC sea-level data downloaded from https://www.ioc-sealevelmonitoring.org/,m,ioc,timeSeries,timeseries_id,None,web,National Ocean Service-NOAA ( USA ),2022-09-23 06:35:55,1680,1680.0,100,6959,7200.0,97,100,6',9',6',nan,0.88,07:24,14',6',POINT (-146.362 61.125),[],transformed,2026-09-07T17:48:53.019891,NE Pacific,Pacific NE
cent,rad,9.350146,42.966904,France,Centuri,2800970,0 days 00:01:00,0.9966872190705363,0.8762428401257096,0.014400000000000001,0.0985,0.20549999999999902,0.4494,0.5348099525171888,0.536399999999999,0.6203999999999991,0.8641999999999991,1.0367,1.6907,1.6763000000000001,0.13402660205613035,0.03658438861085906,0.6695118561201676,https://github.com/oceanmodeling/ioc_cleanup,0.1.0,sea_surface_height_above_reference_ellipsoid,Sea surface height,total_water_level,included,IOC sea-level data downloaded from https://www.ioc-sealevelmonitoring.org/,m,ioc,timeSeries,timeseries_id,None,ftp,Service hydrographique et océanographique de la marine ( France ),2010-11-03 17:21:39,9586,10080.0,95,40301,43200.0,93,94,1',4',5',nan,0.43,07:34,4',5',POINT (9.350146 42.966904),[],transformed,2026-09-07T17:48:51.945085,Mediterranean Sea,Mediterranean
hill,aqu,115.7386,-31.8255,Australia,Hillarys Harbor AU,2740540,0 days 00:01:00,0.9984506703058521,0.8672714542781833,0.064,0.23699999999999902,0.36099999999999904,0.6909999999999991,0.8602399291330669,0.8499999999999991,1.02,1.431999999999999,1.608,1.929,1.865,0.23719869523582127,0.20624354204254833,-0.17719658117425485,https://github.com/oceanmodeling/ioc_cleanup,0.1.0,sea_surface_height_above_reference_ellipsoid,Sea surface height,total_water_level,included,IOC sea-level data downloaded from https://www.ioc-sealevelmonitoring.org/,m,ioc,timeSeries,timeseries_id,None,SZAU01,National Tidal Centre/Australian Bureau of Meteorology ( Australia ),2007-12-05 22:50:00,10077,10080.0,100,41730,43200.0,97,100,1',3',3',62237,1.23,07:35,3',3',POINT (115.7386 -31.8255),[],transformed,2026-09-07T17:48:52.132205,West Australia,Indian
malo,flt,5.116666999999999,61.933333,Norway,Måløy,313176,0 days 00:10:00,0.9999297519605589,0.9921019616788321,-0.101,0.055153999999999995,0.249,0.8569999999999991,1.2366278584087749,1.245,1.613999999999999,2.226,2.462,2.868999999999999,2.969999999999999,0.4798277996988607,-0.0187634793068259,-0.7582725290850099,https://github.com/oceanmodeling/ioc_cleanup,0.1.0,sea_surface_height_above_reference_ellipsoid,Sea surface height,total_water_level,included,IOC sea-level data downloaded from https://www.ioc-sealevelmonitoring.org/,m,ioc,timeSeries,timeseries_id,None,web,Norwegian Hydrographic Service ( Norway ),2008-12-17 23:00:00,1008,1008.0,100,4176,4320.0,97,100,10',4',10',nan,0.37,07:30,8',10',POINT (5.116666999999999 61.933333),[],transformed,2026-09-07T17:48:53.272451,NE Atlantic,Atlantic NE
casc,rad,-9.415384,38.693158,Portugal,Cascais,11539633,0 days 00:00:05,0.9866122258827469,0.30465412949445797,-2.738599999999999,-1.449,-1.218,-0.3896,0.2237294031621156,0.2189,0.8346000000000001,1.6686,1.943,2.5169,5.2555,0.7424289959154045,0.007883466623981577,-0.9725699607309934,https://github.com/oceanmodeling/ioc_cleanup,0.1.0,sea_surface_height_above_reference_ellipsoid,Sea surface height,total_water_level,included,IOC sea-level data downloaded from https://www.ioc-sealevelmonitoring.org/,m,ioc,timeSeries,timeseries_id,246,socket,Direção-Geral do Território ( Portugal ),2008-06-01 00:02:00,96305,121008.0,80,460414,518607.0,89,88,0.0833',1',0.0833',nan,0.8,07:36,1',0.0833',POINT (-9.415384 38.693158),[],transformed,2026-09-07T17:48:49.862953,NE Atlantic,Atlantic NE
toul,rad,5.913059999999999,43.11722,France,Toulon,2971221,0 days 00:01:00,0.9972105743732964,0.9413039208231955,0.0298,0.09189999999999901,0.21429999999999902,0.42449999999999904,0.49099423995029584,0.48849999999999905,0.5647999999999991,0.7537,0.8550999999999991,0.9852999999999991,0.955499999999999,0.11043418227125969,-0.09697366200402326,0.5061474031865663,https://github.com/oceanmodeling/ioc_cleanup,0.1.0,sea_surface_height_above_reference_ellipsoid,Sea surface height,total_water_level,included,IOC sea-level data downloaded from https://www.ioc-sealevelmonitoring.org/,m,ioc,timeSeries,timeseries_id,None,ftp,Service hydrographique et océanographique de la marine ( France ) +Service hydrographique et océanographique de la marine ( France ),2010-04-09 21:14:39,9626,10080.0,95,40761,43200.0,94,92,1',3',5',nan,0.33,07:34,4',5',POINT (5.913059999999999 43.11722),[],transformed,2026-09-07T17:48:52.606193,Mediterranean Sea,Mediterranean
beno,rad,115.2166,-8.7666,Indonesia,Benoa,2689077,0 days 00:01:00,0.9930816410240391,0.689851670214923,-2.5,-0.28199999999999903,-0.28199999999999903,3.8810000000000002,3.8146088662105173,4.567,5.094,6.04,6.328,6.6530000000000005,9.153,2.0451902489218523,-1.3325571168395882,0.17191938457430878,https://github.com/oceanmodeling/ioc_cleanup,0.1.0,sea_surface_height_above_reference_ellipsoid,Sea surface height,total_water_level,included,IOC sea-level data downloaded from https://www.ioc-sealevelmonitoring.org/,m,ioc,timeSeries,timeseries_id,49,SZXX01,Geospacial Agency of Indonesia ( Indonesia ) +University of Hawaii Sea Level Center ( USA ),2006-06-07 08:37:00,8090,10080.0,80,36190,43200.0,84,78,1',5',5',300434067150400,-999.0,07:25,13',5',POINT (115.2166 -8.7666),[],transformed,2026-09-07T17:48:52.768433,Java Sea,Pacific SW
coch,prs,76.26,9.96,India,Cochin,2412074,0 days 00:01:00,0.9808065590027504,0.7076838757096513,0.13,0.223,0.29299999999999904,0.805,1.010545522631939,1.024,1.232,1.655,1.790999999999999,1.967,1.8370000000000002,0.3068249473269255,-0.1930866428434163,-0.3558323147332447,https://github.com/oceanmodeling/ioc_cleanup,0.1.0,sea_surface_height_above_reference_ellipsoid,Sea surface height,total_water_level,included,IOC sea-level data downloaded from https://www.ioc-sealevelmonitoring.org/,m,ioc,timeSeries,timeseries_id,32,ftp,Indian National Centre for Ocean Information Services ( India ),2011-08-02 16:12:52,1866,10080.0,19,5758,43200.0,13,34,1',16',10',43357,0.89,07:03,35',10',POINT (76.26 9.96),"['2022-01-01T00:00:00', '2022-04-26T03:13:00', '2022-07-08T07:50:00']",transformed,2026-09-07T17:48:53.061141,North Indian,Indian
raro,aqu,-159.783,-21.2,Cook Islands,Rarotonga CK,3062778,0 days 00:01:00,0.9991530564735674,0.9702282289132198,0.0,0.14499999999999902,0.252,0.503,0.6736671337133704,0.67,0.8429999999999991,1.105,1.196,1.488999999999999,1.488999999999999,0.21060374053301376,0.03637502422824259,-0.8267790982381333,https://github.com/oceanmodeling/ioc_cleanup,0.1.0,sea_surface_height_above_reference_ellipsoid,Sea surface height,total_water_level,included,IOC sea-level data downloaded from https://www.ioc-sealevelmonitoring.org/,m,ioc,timeSeries,timeseries_id,139,SZPS01,National Tidal Centre/Australian Bureau of Meteorology ( Australia ),2008-07-01 14:44:00,10077,10080.0,100,41736,43200.0,97,100,1',3',3',65980,0.54,07:35,3',3',POINT (-159.783 -21.2),[],transformed,2026-09-07T17:48:52.954615,SE Pacific,Pacific SE
madry,prs,-65.03068611,-42.76265,Argentina,Puerto Madryn,3023048,0 days 00:01:00,0.9926924746150243,0.9504581052311436,0.0,1.478,1.851,3.157,4.422219314543304,4.527,5.642,6.857999999999999,7.2620000000000005,8.243,8.243,1.395318798901777,-0.09505799785419694,-1.2065491774886137,https://github.com/oceanmodeling/ioc_cleanup,0.1.0,sea_surface_height_above_reference_ellipsoid,Sea surface height,total_water_level,included,IOC sea-level data downloaded from https://www.ioc-sealevelmonitoring.org/,m,ioc,timeSeries,timeseries_id,191,SEPO40,Armada Argentina Servicio de Hidrografía Naval ( Argentina ) +University of Hawaii Sea Level Center ( USA ),2010-03-23 20:24:00,nan,10080.0,0,10830,43200.0,25,0,1',nan,15',335665D2,1.7,2026-05-20 20:04,12h,15',POINT (-65.03068611 -42.76265),[],transformed,2026-09-07T17:48:53.249579,SW Atlantic,Atlantic South
kara,rad,66.975,24.8117,Pakistan,Karachi,2282140,0 days 00:01:00,0.9994224718904187,0.698464428730738,-0.999,-0.168,0.123,1.355,1.8602010471318173,1.937,2.415999999999999,3.2,3.416999999999999,3.601999999999999,4.600999999999999,0.7261299168848239,-0.35936321444601477,-0.4977013999557527,https://github.com/oceanmodeling/ioc_cleanup,0.1.0,sea_surface_height_above_reference_ellipsoid,Sea surface height,total_water_level,included,IOC sea-level data downloaded from https://www.ioc-sealevelmonitoring.org/,m,ioc,timeSeries,timeseries_id,30,SXXX33,Karachi Port Trust ( Pakistan ) +Pakistan Navy Hydrographic Department ( Pakistan),2007-01-31 09:12:00,nan,10080.0,0,nan,nan,0,0,1',nan,15',120D7136,-999.0,2026-01-14 03:06,127d,15',POINT (66.975 24.8117),[],transformed,2026-09-07T17:48:53.325885,North Indian,Indian
mill,bub,-4.91,55.75,UK,Millport,207150,0 days 00:15:00,0.9979000724112962,0.9840043339416058,-0.20999999999999902,0.08,0.379,1.387999999999999,2.1141466006007743,2.165999999999999,2.841,3.773,4.168999999999999,4.665,4.874999999999999,0.8753110804789218,-0.10931399964756781,-0.9614799475200724,https://github.com/oceanmodeling/ioc_cleanup,0.1.0,sea_surface_height_above_reference_ellipsoid,Sea surface height,total_water_level,included,IOC sea-level data downloaded from https://www.ioc-sealevelmonitoring.org/,m,ioc,timeSeries,timeseries_id,None,ftp,National Oceanography Centre ( UK ),2012-09-04 21:04:30,672,672.0,100,2781,2880.0,97,100,15',32',15',nan,1.36,07:00,38',15',POINT (-4.91 55.75),[],transformed,2026-09-07T17:48:54.108537,Irish Sea,Atlantic NE
LA38,rad,9.8576,44.0966,Italy,La Spezia,3084025,0 days 00:01:00,0.9968122826501082,0.9770358120437956,-0.453,-0.34699999999999903,-0.233,0.004,0.09201554769561793,0.08899999999999901,0.17199999999999901,0.463,1.159999999999999,1.35,1.8030000000000002,0.14651062486223335,1.1604679206612776,7.55496257965057,https://github.com/oceanmodeling/ioc_cleanup,0.1.0,sea_surface_height_above_reference_ellipsoid,Sea surface height,total_water_level,included,IOC sea-level data downloaded from https://www.ioc-sealevelmonitoring.org/,m,ioc,timeSeries,timeseries_id,None,web,Istituto Superiore per la Protezione e la Ricerca Ambientale ( Italy ),2010-09-13 18:26:04,37903,10080.0,376,138999,43200.0,322,369,1',nan,5',nan,-0.1,07:35,2',5',POINT (9.8576 44.0966),"['2024-12-02T14:21:00', '2024-12-09T14:58:00']",transformed,2026-09-07T17:48:53.252980,Mediterranean Sea,Mediterranean
vard,rad,31.104015,70.374978,Norway,Vardø,313081,0 days 00:10:00,0.9999329247063858,0.9917914892538524,-0.20499999999999902,0.14499999999999902,0.452,1.331,1.9854326336737393,2.0,2.644,3.484,3.7720000000000002,4.046999999999999,4.251999999999998,0.7831253267064662,-0.03919099412774243,-0.999126777479618,https://github.com/oceanmodeling/ioc_cleanup,0.1.0,sea_surface_height_above_reference_ellipsoid,Sea surface height,total_water_level,included,IOC sea-level data downloaded from https://www.ioc-sealevelmonitoring.org/,m,ioc,timeSeries,timeseries_id,323,web,Norwegian Hydrographic Service ( Norway ),2008-12-16 23:00:00,1008,1008.0,100,4176,4320.0,97,100,10',4',10',nan,3.23,07:30,8',10',POINT (31.104015 70.374978),[],transformed,2026-09-07T17:48:54.075779,Arctic Russia,Arctic
mata,prs,-72.1088,-17.0009,Perú,"Matarani,Arequipa PE",2454357,0 days 00:01:00,0.9775766117154105,0.759932266321979,0.36799999999999905,0.5889999999999991,0.7259999999999991,1.098,1.319389257813884,1.294999999999999,1.5270000000000001,2.019,2.170999999999999,2.447,2.079000000000001,0.2986770011950567,0.2692785716104829,-0.42607795439162244,https://github.com/oceanmodeling/ioc_cleanup,0.1.0,sea_surface_height_above_reference_ellipsoid,Sea surface height,total_water_level,included,IOC sea-level data downloaded from https://www.ioc-sealevelmonitoring.org/,m,ioc,timeSeries,timeseries_id,None,SEPO40,Dirección de Hidrografía y Navegación (Perú) +University of Hawaii Sea Level Center ( USA ),2011-10-19 15:33:55,9145,10080.0,91,37055,43200.0,86,91,1',3',5',354176C2,5.1,07:35,3',5',POINT (-72.1088 -17.0009),[],transformed,2026-09-07T17:48:53.347906,SE Pacific,Pacific SE
vern,rad,-64.27,-65.25,Antarctica,Vernadsky - Faraday,3005520,0 days 00:01:00,0.9994330432005111,0.9256231625101379,1.859999999999999,2.039,2.243999999999999,2.932999999999999,3.22481036180512,3.248,3.512,4.051999999999999,9.651,9.879,8.019,0.5052044848294838,4.024143357525606,51.97709246975206,https://github.com/oceanmodeling/ioc_cleanup,0.1.0,sea_surface_height_above_reference_ellipsoid,Sea surface height,total_water_level,included,IOC sea-level data downloaded from https://www.ioc-sealevelmonitoring.org/,m,ioc,timeSeries,timeseries_id,188,SEMS40,National Antarctic Scientific Centre ( Ukraine ) +National Oceanography Centre ( UK ),2008-06-25 05:00:00,9450,10080.0,94,40035,43200.0,93,95,1',3',15',3354E632,0.49,07:24,14',15',POINT (-64.27 -65.25),['2020-03-04T18:38:00'],transformed,2026-09-07T17:48:53.466996,Antarctic Ocean,Antarctic
dese,prs,-65.91469444,-47.75357778,Argentina,Puerto Deseado,1565625,0 days 00:01:00,0.9995656686626746,0.4956416641321979,1.3860000000000001,1.790999999999999,2.117,3.474,4.606083979819531,4.5969999999999995,5.764,7.022999999999999,7.354,7.663,6.277,1.3157299303179246,-0.012261229984956368,-1.1218726048262795,https://github.com/oceanmodeling/ioc_cleanup,0.1.0,sea_surface_height_above_reference_ellipsoid,Sea surface height,total_water_level,included,IOC sea-level data downloaded from https://www.ioc-sealevelmonitoring.org/,m,ioc,timeSeries,timeseries_id,190,SEPO40,Armada Argentina Servicio de Hidrografía Naval ( Argentina ) +University of Hawaii Sea Level Center ( USA ),2010-03-23 20:24:00,3275,3360.0,97,13875,14400.0,96,100,3',4',15',33912088,7.48,07:34,4',15',POINT (-65.91469444 -47.75357778),[],transformed,2026-09-07T17:48:53.930849,SW Atlantic,Atlantic South
gand,rad,-0.15139000000000002,38.99521,Spain,Gandia,3015123,0 days 00:01:00,0.9953166089741613,0.9552153031224655,-0.40899999999999903,-0.322,-0.216,-0.021,0.048759115231974216,0.055,0.122,0.28399999999999903,0.371,0.873,1.2819999999999991,0.10670450292842808,-0.2130420604591322,0.27231621314032317,https://github.com/oceanmodeling/ioc_cleanup,0.1.0,sea_surface_height_above_reference_ellipsoid,Sea surface height,total_water_level,included,IOC sea-level data downloaded from https://www.ioc-sealevelmonitoring.org/,m,ioc,timeSeries,timeseries_id,None,ftp,Puertos del Estado ( Spain ),2008-02-27 11:11:00,10080,10080.0,100,41263,43200.0,96,100,1',5',4',nan,-0.1,07:34,4',4',POINT (-0.15139 38.99521),[],transformed,2026-09-07T17:48:53.269909,Mediterranean Sea,Mediterranean
larp,rad,-1.22065,46.1585,France,La Rochelle-Pallice,3055020,0 days 00:01:00,0.9984530379506518,0.9567575273722628,0.2777,0.5875,1.0720850000000002,2.921899999999999,3.994787773983058,4.2119,5.0651,6.343314999999991,6.7178,7.237099999999999,6.959399999999999,1.3398847987570426,-0.32632621790456795,-0.8367213358314523,https://github.com/oceanmodeling/ioc_cleanup,0.1.0,sea_surface_height_above_reference_ellipsoid,Sea surface height,total_water_level,included,IOC sea-level data downloaded from https://www.ioc-sealevelmonitoring.org/,m,ioc,timeSeries,timeseries_id,None,ftp,Service hydrographique et océanographique de la marine ( France ) +Service hydrographique et océanographique de la marine ( France ),2010-07-09 14:25:44,9825,10080.0,97,40666,43200.0,94,93,1',2',5',nan,5.44,07:35,3',5',POINT (-1.22065 46.1585),[],transformed,2026-09-07T17:48:53.705678,Bay of Biscay,Atlantic NE
fbfl,pwl,-81.465,30.672,USA,Fernadina Beach FL,3024458,0 days 00:01:00,0.999145632043824,0.9579994170721817,-0.6059999999999991,-0.372,-0.14199999999999902,0.5739999999999991,1.1419629561897753,1.159,1.717,2.39,2.666999999999999,3.165999999999999,3.771999999999998,0.6662599938099211,-0.058078636532970795,-1.0536187998793138,https://github.com/oceanmodeling/ioc_cleanup,0.1.0,sea_surface_height_above_reference_ellipsoid,Sea surface height,total_water_level,included,IOC sea-level data downloaded from https://www.ioc-sealevelmonitoring.org/,m,ioc,timeSeries,timeseries_id,None,web,National Ocean Service-NOAA ( USA ),2008-06-21 00:00:00,10080,10080.0,100,41750,43200.0,97,100,1',5',6',336782AA,1.64,07:27,11',6',POINT (-81.465 30.672),[],transformed,2026-09-07T17:48:53.571549,NW Atlantic,Atlantic NW
dutc,wls,-166.5333,53.88333,USA,Dutch Hbr Unalaska,3110256,0 days 00:01:00,0.9992322175409355,0.985171773621249,-0.9469999999999991,-0.5749999999999991,-0.37,0.341,0.6199438468650258,0.684,0.921,1.415,1.6520000000000001,1.905,2.851999999999999,0.4136639073480585,-0.42252173741802806,-0.32366879604962984,https://github.com/oceanmodeling/ioc_cleanup,0.1.0,sea_surface_height_above_reference_ellipsoid,Sea surface height,total_water_level,included,IOC sea-level data downloaded from https://www.ioc-sealevelmonitoring.org/,m,ioc,timeSeries,timeseries_id,102,web,National Ocean Service-NOAA ( USA ),2008-06-06 00:00:00,10063,10080.0,100,41744,43200.0,97,100,1',3',6',3360A672,1.37,07:29,9',6',POINT (-166.5333 53.88333),[],transformed,2026-09-07T17:48:53.807797,NE Pacific,Pacific NE
gila,wls,-89.9567,29.2633,USA,"Grand Isle, LA",3077969,0 days 00:01:00,0.9990337784428628,0.9749927134022709,-0.622,-0.308,-0.191,0.109,0.24092231307746895,0.24199999999999902,0.371,0.678,0.93,1.972999999999999,2.594999999999999,0.19083071820671305,0.08548993913314196,0.2926153163911902,https://github.com/oceanmodeling/ioc_cleanup,0.1.0,sea_surface_height_above_reference_ellipsoid,Sea surface height,total_water_level,included,IOC sea-level data downloaded from https://www.ioc-sealevelmonitoring.org/,m,ioc,timeSeries,timeseries_id,None,web,National Ocean Service-NOAA ( USA ),2009-02-06 00:00:00,10080,10080.0,100,41757,43200.0,97,100,1',1',5',335DA364,0.09,07:33,5',5',POINT (-89.9567 29.2633),[],transformed,2026-09-07T17:48:53.991959,Gulf of Mexico,Atlantic NW
kant,enb,-171.718,-2.801,Kiribati,Kanton KI,2933963,0 days 00:01:00,0.9992239165933585,0.044866750304136255,4.596,4.647999999999999,4.718,5.017,5.264274408456372,5.253,5.508,5.881999999999999,5.99,6.089,1.4930000000000003,0.29998082716520086,0.1149118744384323,-0.9459738173122685,https://github.com/oceanmodeling/ioc_cleanup,0.1.0,sea_surface_height_above_reference_ellipsoid,Sea surface height,total_water_level,included,IOC sea-level data downloaded from https://www.ioc-sealevelmonitoring.org/,m,ioc,timeSeries,timeseries_id,145,SZXX01,Kiribati Met Office ( Kiribati ) +University of Hawaii Sea Level Center ( USA ),2008-04-25 11:15:00,8415,10080.0,83,nan,nan,0,81,1',5',5',300434064782560,1.28,07:30,8',5',POINT (-171.718 -2.801),[],transformed,2026-09-07T17:48:54.393284,SE Pacific,Pacific SE
rorv,flt,11.230107,64.859456,Norway,Rørvik,312176,0 days 00:10:00,0.9999103070063041,0.9888641778183292,-0.17899999999999902,0.07313199999999902,0.307,1.052999999999999,1.5574561581120865,1.558,2.055,2.841,3.1448680000000167,3.492999999999999,3.671999999999998,0.6269002998963282,0.01888256132760718,-0.8306241913521806,https://github.com/oceanmodeling/ioc_cleanup,0.1.0,sea_surface_height_above_reference_ellipsoid,Sea surface height,total_water_level,included,IOC sea-level data downloaded from https://www.ioc-sealevelmonitoring.org/,m,ioc,timeSeries,timeseries_id,234,web,Norwegian Hydrographic Service ( Norway ),2008-12-16 23:00:00,1008,1008.0,100,4176,4320.0,97,100,10',4',10',nan,0.44,07:30,8',10',POINT (11.230107 64.859456),[],transformed,2026-09-07T17:48:55.164853,NE Atlantic,Atlantic NE
mrms,rad,28.384845733643,36.837989807129,Turkey,Marmaris,5680728,0 days 00:00:30,0.9999741230349349,0.8924693012469587,0.9709999999999991,1.096,1.183,1.5070000000000001,1.5992442266524884,1.621,1.71,1.887999999999999,1.984,2.137999999999999,1.1669999999999998,0.1539843117482528,-0.5781539656666254,0.15790821061089444,https://github.com/oceanmodeling/ioc_cleanup,0.1.0,sea_surface_height_above_reference_ellipsoid,Sea surface height,total_water_level,included,IOC sea-level data downloaded from https://www.ioc-sealevelmonitoring.org/,m,ioc,timeSeries,timeseries_id,None,web,General Directorate of Mapping ( Turkey ) +Kandilli Observatory and Earthquake Research Institute ( Turkey ),2019-11-27 22:25:56,8640,20160.0,43,75426,86400.0,87,0,0.5',nan,2',nan,1.68,2026-05-17 19:27,4d,2',POINT (28.384845733643 36.837989807129),['2020-10-23T00:00:30'],transformed,2026-09-07T17:48:52.848047,Mediterranean Sea,Mediterranean
brpt,prs,-158.1193,21.3218,Hawaii,Barbers Point,2975404,0 days 00:01:00,0.9911921204649856,0.9417186232765612,-0.232,-0.05399999999999901,0.017999999999999003,0.233,0.5035674452214888,0.371,0.5649999999999991,2.971,3.286,3.560999999999999,3.7929999999999993,0.5547391386775479,3.3664728912380375,11.558196744586366,https://github.com/oceanmodeling/ioc_cleanup,0.1.0,sea_surface_height_above_reference_ellipsoid,Sea surface height,total_water_level,included,IOC sea-level data downloaded from https://www.ioc-sealevelmonitoring.org/,m,ioc,timeSeries,timeseries_id,None,SEPO40,University of Hawaii Sea Level Center ( USA ),2012-05-19 10:57:56,8240,10080.0,82,37430,43200.0,87,84,1',3',5',35403732,4.32,07:32,6',5',POINT (-158.1193 21.3218),['2020-04-13T21:40:00'],transformed,2026-09-07T17:48:54.544396,NE Pacific,Pacific NE
guam,wls,144.652,13.438,USA,Guam (Apra Harbor),524038,0 days 00:06:00,0.9996507886832634,0.9959949057177615,-0.246,-0.17,-0.021,0.433,0.5898006023211116,0.637,0.769,0.996,1.08,1.161999999999999,1.407999999999999,0.23864208093418857,-0.6217652012253368,-0.1966883229218146,https://github.com/oceanmodeling/ioc_cleanup,0.1.0,sea_surface_height_above_reference_ellipsoid,Sea surface height,total_water_level,included,IOC sea-level data downloaded from https://www.ioc-sealevelmonitoring.org/,m,ioc,timeSeries,timeseries_id,149,web,National Ocean Service-NOAA ( USA ),2010-03-26 13:35:00,1680,1680.0,100,6958,7200.0,97,100,6',6',6',nan,0.03,07:24,14',6',POINT (144.652 13.438),[],transformed,2026-09-07T17:48:55.235137,NW Pacific,Pacific NW
bil3,rad,-3.045129999999999,43.35153,Spain,Bilbao3,2927085,0 days 00:01:00,0.9957941091563791,0.9262238316098945,-0.058999999999999005,0.201,0.496,1.624,2.455802577090559,2.474,3.286999999999999,4.365999999999999,4.695,5.203,5.262,0.9996189777614005,-0.03513232678997414,-1.00453918813997,https://github.com/oceanmodeling/ioc_cleanup,0.1.0,sea_surface_height_above_reference_ellipsoid,Sea surface height,total_water_level,included,IOC sea-level data downloaded from https://www.ioc-sealevelmonitoring.org/,m,ioc,timeSeries,timeseries_id,None,ftp,Puertos del Estado ( Spain ),2008-03-25 14:04:00,10072,10080.0,100,26949,43200.0,62,100,1',4',4',nan,3.6,07:34,4',4',POINT (-3.045129999999999 43.35153),[],transformed,2026-09-07T17:48:54.270514,Bay of Biscay,Atlantic NE
garc,rad,72.393875,-7.2903361,UK,Diego Garcia,2673708,0 days 00:01:00,0.9971489033207814,0.2957389243714517,0.528,0.749,1.042,7.399,7.525886260650845,7.769999999999999,8.14,11.191,11.557506999999983,11.703,11.174999999999999,1.8437909371394638,-2.1075572810373444,5.861030364711008,https://github.com/oceanmodeling/ioc_cleanup,0.1.0,sea_surface_height_above_reference_ellipsoid,Sea surface height,total_water_level,included,IOC sea-level data downloaded from https://www.ioc-sealevelmonitoring.org/,m,ioc,timeSeries,timeseries_id,26,SZXX01,University of Hawaii Sea Level Center ( USA ),2007-11-23 10:27:00,8355,10080.0,83,36615,43200.0,85,83,1',5',15',301434061608080,0.94,07:30,8',15',POINT (72.393875 -7.2903361),['2025-11-13T05:30:30'],transformed,2026-09-07T17:48:54.797296,North Indian,Indian
dnzb,prt,179.0962,-40.5992,New Zealand,DART New Zealand E Coast,118196,0 days 00:15:00,0.8793021760465667,0.4946015815085158,3183.377,3183.469079,3183.59,3184.177,3184.5261340795537,3184.523,3184.9,3185.354,3185.473,3185.57,2.193000000000211,0.44664456381376244,-0.06454000855602364,-0.8905411865786359,https://github.com/oceanmodeling/ioc_cleanup,0.1.0,sea_surface_height_above_reference_ellipsoid,Sea surface height,total_water_level,included,IOC sea-level data downloaded from https://www.ioc-sealevelmonitoring.org/,m,ioc,timeSeries,timeseries_id,None,web,EarthSciences NZ - GeoNet programme ( New Zealand ),2023-04-03 15:25:05,672,672.0,100,2784,2880.0,97,100,15',34',6h,nan,3184.71,06:00,2h,6h,POINT (179.0962 -40.5992),[],transformed,2026-09-07T17:48:55.623480,SW Pacific,Pacific SW
hilo,wls,-155.058,19.733,USA,"Hilo,Hawaii",3108921,0 days 00:01:00,0.9987680613306031,0.9847662586171938,-1.133,-0.134,-0.024,0.28599999999999903,0.4547671740560639,0.436,0.616999999999999,1.008,1.121,1.853,2.9859999999999998,0.23594708811104828,0.24022046340616302,-0.37309769113735625,https://github.com/oceanmodeling/ioc_cleanup,0.1.0,sea_surface_height_above_reference_ellipsoid,Sea surface height,total_water_level,included,IOC sea-level data downloaded from https://www.ioc-sealevelmonitoring.org/,m,ioc,timeSeries,timeseries_id,287,web,National Ocean Service-NOAA ( USA ),2010-03-26 13:57:00,10017,10080.0,99,41657,43200.0,96,99,1',4',6',nan,0.71,07:32,6',6',POINT (-155.058 19.733),[],transformed,2026-09-07T17:48:54.665540,NE Pacific,Pacific NE
aric2,rad,-70.3232305,-18.4758,Chile,Arica CL,3073236,0 days 00:01:00,0.8900191849893727,0.9677726454785077,3.371999999999999,3.790999999999999,3.887,4.184,4.413215160626629,4.384,4.621,5.094999999999999,5.224999999999999,5.974,2.602000000000001,0.292567211246024,0.3516837996189773,-0.5760622631427168,https://github.com/oceanmodeling/ioc_cleanup,0.1.0,sea_surface_height_above_reference_ellipsoid,Sea surface height,total_water_level,included,IOC sea-level data downloaded from https://www.ioc-sealevelmonitoring.org/,m,ioc,timeSeries,timeseries_id,None,web,Servicio Hidrográfico y Oceanográfico de la Armada ( Chile ) +Servicio Hidrográfico y Oceanográfico de la Armada ( Chile ),2013-03-18 17:40:25,9894,10080.0,98,41681,43200.0,96,100,1',3',5',nan,4.75,07:31,6',5',POINT (-70.3232305 -18.4758),[],transformed,2026-09-07T17:48:54.708905,SE Pacific,Pacific SE
talc2,prs,-73.105992,-36.700933,Chile,Talcahuano CL,962077,0 days 00:01:00,0.9057393535028901,0.3046352265815085,0.7379999999999991,0.995,1.117999999999999,1.577,1.8871116782362267,1.866,2.178999999999999,2.820999999999999,3.0074259999999775,3.474,2.736000000000001,0.402953256689243,0.22481739031601966,-0.5664835266997925,https://github.com/oceanmodeling/ioc_cleanup,0.1.0,sea_surface_height_above_reference_ellipsoid,Sea surface height,total_water_level,included,IOC sea-level data downloaded from https://www.ioc-sealevelmonitoring.org/,m,ioc,timeSeries,timeseries_id,None,web,Servicio Hidrográfico y Oceanográfico de la Armada ( Chile ) +Servicio Hidrográfico y Oceanográfico de la Armada ( Chile ),2013-03-18 17:40:25,10080,10080.0,100,41725,43200.0,97,100,1',3',5',nan,5.52,07:31,6',5',POINT (-73.105992 -36.700933),[],transformed,2026-09-07T17:48:55.687374,SE Pacific,Pacific SE
ptal,prs,-71.607564,-30.2923,Chile,Puerto Aldea CL,2950680,0 days 00:01:00,0.9916422655116787,0.9344272734184915,0.109,1.616,1.758999999999999,2.161,2.4475936746588656,2.423999999999999,2.713,3.29,3.480999999999999,3.793,3.684,0.3658081152606246,0.24795976032570974,-0.569269117804557,https://github.com/oceanmodeling/ioc_cleanup,0.1.0,sea_surface_height_above_reference_ellipsoid,Sea surface height,total_water_level,included,IOC sea-level data downloaded from https://www.ioc-sealevelmonitoring.org/,m,ioc,timeSeries,timeseries_id,None,SXCH40,Servicio Hidrográfico y Oceanográfico de la Armada ( Chile ) +Servicio Hidrográfico y Oceanográfico de la Armada ( Chile ),2018-07-18 10:17:09,9251,10080.0,92,40165,43200.0,93,94,1',3',5',ADC0802A,4.19,07:34,4',5',POINT (-71.607564 -30.2923),[],transformed,2026-09-07T17:48:55.014916,SE Pacific,Pacific SE
mona2,pwl,-67.9383,18.09,USA,Mona Island PR,2380222,0 days 00:01:00,0.9917747168121293,0.7530838148824006,-2.629,-2.290999999999999,-2.178999999999999,-2.007,-1.9293564583478813,-1.931,-1.853,-1.681,-1.615,-1.518,1.111,0.11070095249993699,-0.005684640403858287,-0.12194396967247911,https://github.com/oceanmodeling/ioc_cleanup,0.1.0,sea_surface_height_above_reference_ellipsoid,Sea surface height,total_water_level,included,IOC sea-level data downloaded from https://www.ioc-sealevelmonitoring.org/,m,ioc,timeSeries,timeseries_id,None,SXXX03,National Ocean Service-NOAA ( USA ) +International Tsunami Information Center Caribbean Office ( USA ),2010-03-08 11:18:00,9024,10080.0,90,39342,43200.0,91,91,1',5',6',3365E2B8,-2.06,07:30,8',6',POINT (-67.9383 18.09),[],transformed,2026-09-07T17:48:55.001261,Caribbean Sea,Caribbean
madry,ra2,-65.03068611,-42.76265,Argentina,Puerto Madryn,941728,0 days 00:01:00,0.992393769750926,0.10065135847526359,1.592,1.8147029999999993,2.181,3.455,4.716099400700022,4.820999999999999,5.932999999999999,7.121999999999999,7.479,7.945999999999999,6.353999999999999,1.3891339855007696,-0.09417023509989315,-1.2203535516744988,https://github.com/oceanmodeling/ioc_cleanup,0.1.0,sea_surface_height_above_reference_ellipsoid,Sea surface height,total_water_level,included,IOC sea-level data downloaded from https://www.ioc-sealevelmonitoring.org/,m,ioc,timeSeries,timeseries_id,191,SEPO40,Armada Argentina Servicio de Hidrografía Naval ( Argentina ) +University of Hawaii Sea Level Center ( USA ),2010-03-23 20:24:00,nan,10080.0,0,10830,43200.0,25,0,1',nan,15',335665D2,1.7,2026-05-20 20:04,12h,15',POINT (-65.03068611 -42.76265),[],transformed,2026-09-07T17:48:55.925399,SW Atlantic,Atlantic South
vil2,rad,-8.77003,42.60071,Spain,Villagarcia,2972002,0 days 00:01:00,0.9950323048234826,0.9413397201946472,0.082,0.322,0.5859999999999991,1.5590000000000002,2.2823447888480537,2.285,3.001999999999999,3.982,4.283,4.663,4.581,0.8723511303444431,-0.0029934684431820895,-0.9802450352748178,https://github.com/oceanmodeling/ioc_cleanup,0.1.0,sea_surface_height_above_reference_ellipsoid,Sea surface height,total_water_level,included,IOC sea-level data downloaded from https://www.ioc-sealevelmonitoring.org/,m,ioc,timeSeries,timeseries_id,None,ftp,Puertos del Estado ( Spain ),2014-01-16 15:41:43,10072,10080.0,100,41717,43200.0,97,100,1',4',4',nan,3.13,07:35,3',4',POINT (-8.77003 42.60071),[],transformed,2026-09-07T17:48:55.218663,NE Atlantic,Atlantic NE
elak,pwl,-136.3433,58.1933,USA,Elfin Cove AK,3017467,0 days 00:01:00,0.99922484653519,0.9557602139091647,-1.455,-1.157,-0.81,0.7049999999999991,1.4726609566042324,1.518,2.287999999999999,3.5,3.931999999999999,4.310999999999999,5.765999999999999,1.039852800497977,-0.16659832371495592,-0.6862336032026013,https://github.com/oceanmodeling/ioc_cleanup,0.1.0,sea_surface_height_above_reference_ellipsoid,Sea surface height,total_water_level,included,IOC sea-level data downloaded from https://www.ioc-sealevelmonitoring.org/,m,ioc,timeSeries,timeseries_id,None,web,National Ocean Service-NOAA ( USA ),2008-06-21 00:00:00,10080,10080.0,100,41550,43200.0,96,100,1',3',6',33604580,0.89,07:33,5',6',POINT (-136.3433 58.1933),[],transformed,2026-09-07T17:48:55.181533,NE Pacific,Pacific NE
jack,rad,168.6161,-43.9733,New Zealand,Jackson Bay,3041122,0 days 00:01:00,0.9973690631286742,0.9579525293998378,0.214,0.526,0.7359999999999991,1.419,1.9507120655819674,1.952,2.48,3.177999999999999,3.407,3.798,3.584,0.6261631096371786,0.004609040307979204,-1.015652777072272,https://github.com/oceanmodeling/ioc_cleanup,0.1.0,sea_surface_height_above_reference_ellipsoid,Sea surface height,total_water_level,included,IOC sea-level data downloaded from https://www.ioc-sealevelmonitoring.org/,m,ioc,timeSeries,timeseries_id,None,SZPS01,Land Information New Zealand ( New Zealand ) +National Tidal Centre/Australian Bureau of Meteorology ( Australia ),2009-01-28 16:45:00,10077,10080.0,100,41736,43200.0,97,100,1',3',6',65180,-999.0,07:35,3',6',POINT (168.6161 -43.9733),[],transformed,2026-09-07T17:48:55.403525,SW Pacific,Pacific SW
diep,rad,1.085,49.93,France,Dieppe,2870231,0 days 00:01:00,0.9957386705111888,0.9042103862530414,-0.158,0.5594121,0.9908000000000001,3.065999999999999,5.118925572803125,5.1161,7.1241,9.4587,9.9761,10.4514,10.609399999999999,2.337260622574275,0.03278900184969121,-1.1622545655492775,https://github.com/oceanmodeling/ioc_cleanup,0.1.0,sea_surface_height_above_reference_ellipsoid,Sea surface height,total_water_level,included,IOC sea-level data downloaded from https://www.ioc-sealevelmonitoring.org/,m,ioc,timeSeries,timeseries_id,None,ftp,Service hydrographique et océanographique de la marine ( France ) +Service hydrographique et océanographique de la marine ( France ),2009-04-15 00:00:34,9844,10080.0,98,40770,43200.0,94,99,1',4',5',nan,1.65,07:34,4',5',POINT (1.085 49.93),[],transformed,2026-09-07T17:48:55.354650,English Channel,Atlantic NE
ptln,rad,3.037199999999999,43.0092,France,Port-La-Nouvelle,2644604,0 days 00:01:00,0.9972317216490635,0.8259152600364964,0.08069999999999901,0.1791,0.2767,0.5093999999999991,0.5875232564821045,0.5850999999999991,0.6649,0.9105999999999991,1.030999999999999,1.1573,1.076600000000001,0.12584620986850664,0.08077532301578769,0.639998679015461,https://github.com/oceanmodeling/ioc_cleanup,0.1.0,sea_surface_height_above_reference_ellipsoid,Sea surface height,total_water_level,included,IOC sea-level data downloaded from https://www.ioc-sealevelmonitoring.org/,m,ioc,timeSeries,timeseries_id,None,ftp,Service hydrographique et océanographique de la marine ( France ),2013-05-29 16:29:45,9778,10080.0,97,40818,43200.0,94,99,1',3',5',nan,0.44,07:34,4',5',POINT (3.037199999999999 43.0092),[],transformed,2026-09-07T17:48:55.487292,Mediterranean Sea,Mediterranean
kung,rad,15.589444,56.105278,Sweden,Kungsholmsfort,2189670,0 days 00:01:00,0.9981887681705462,0.6937062804136253,-0.7625999999999991,-0.31513240000000003,-0.1501,0.10299999999999901,0.21638314828261762,0.215,0.318,0.6879999999999991,0.8830000000000001,1.1,1.8625999999999991,0.17090862155130263,0.30296456879365896,0.8883857730674425,https://github.com/oceanmodeling/ioc_cleanup,0.1.0,sea_surface_height_above_reference_ellipsoid,Sea surface height,total_water_level,included,IOC sea-level data downloaded from https://www.ioc-sealevelmonitoring.org/,m,ioc,timeSeries,timeseries_id,None,web,Swedish Meteorological and Hydrological Institute ( Sweden ) +Swedish Maritime Administration ( Sweden ),2021-10-18 15:19:32,10080,10080.0,100,41756,43200.0,97,100,1',26',1h,nan,0.02,06:48,50',1h,POINT (15.589444 56.105278),[],transformed,2026-09-07T17:48:55.810520,Baltic Sea,Atlantic NE
alak2,pwl,-154.2481,56.8975,USA,Alitak US,2625301,0 days 00:01:00,0.9070163764078861,0.8315310092254663,-7.5809999999999995,-7.219,-6.849,-5.484,-4.461140346118105,-4.551999999999999,-3.569999999999999,-0.925,-0.042,-0.001,7.579999999999999,1.3195226531720519,0.4452534816353803,-0.12385546898434541,https://github.com/oceanmodeling/ioc_cleanup,0.1.0,sea_surface_height_above_reference_ellipsoid,Sea surface height,total_water_level,included,IOC sea-level data downloaded from https://www.ioc-sealevelmonitoring.org/,m,ioc,timeSeries,timeseries_id,None,SXXX03,National Ocean Service-NOAA ( USA ),2012-12-05 18:19:24,9090,10080.0,90,39756,43200.0,92,89,1',4',6',3363341E,-3.94,07:33,5',6',POINT (-154.2481 56.8975),[],transformed,2026-09-07T17:48:55.324260,NE Pacific,Pacific NE
erdem,rad,34.25538719,36.56372892,Turkey,Erdemli,4830257,0 days 00:00:30,0.9998838571115367,0.764193658759124,0.779,0.911,1.036,1.6360000000000001,1.7223095248163265,1.754,1.859999999999999,2.075,2.154999999999999,2.39,1.6110000000000002,0.21028418949010957,-1.232026241966376,2.041253005338403,https://github.com/oceanmodeling/ioc_cleanup,0.1.0,sea_surface_height_above_reference_ellipsoid,Sea surface height,total_water_level,included,IOC sea-level data downloaded from https://www.ioc-sealevelmonitoring.org/,m,ioc,timeSeries,timeseries_id,None,web,General Directorate of Mapping ( Turkey ) +Kandilli Observatory and Earthquake Research Institute ( Turkey ),2016-08-16 15:22:03,nan,20160.0,0,48758,86400.0,56,0,0.5',nan,2',nan,1.66,2026-04-19 13:45,32d,2',POINT (34.25538719 36.56372892),[],transformed,2026-09-07T17:48:54.315104,Mediterranean Sea,Mediterranean
midx,bwl,-177.356,28.207,USA,Midway,2965899,0 days 00:01:00,0.9984004849794278,0.9370799118004867,-0.622,-0.09299999999999901,-0.027,0.189,0.28751043925468056,0.28599999999999903,0.383,0.637,0.803,1.7930000000000001,2.415,0.1438053664151136,0.16195066986010373,0.11369076090655961,https://github.com/oceanmodeling/ioc_cleanup,0.1.0,sea_surface_height_above_reference_ellipsoid,Sea surface height,total_water_level,included,IOC sea-level data downloaded from https://www.ioc-sealevelmonitoring.org/,m,ioc,timeSeries,timeseries_id,106,web,National Ocean Service-NOAA ( USA ),2010-03-26 14:01:00,10073,10080.0,100,41270,43200.0,96,100,1',5',6',3363A17C,0.45,07:28,10',6',POINT (-177.356 28.207),[],transformed,2026-09-07T17:48:55.637450,NE Pacific,Pacific NE
mhav,bub,-5.049999999999999,51.71,UK,Milford Haven,207181,0 days 00:15:00,0.9980982812130456,0.9813669023722628,0.12,0.41099999999999903,0.8589999999999991,2.6310000000000002,4.030204337783459,3.991,5.432999999999999,7.281899999999994,7.756999999999999,8.133,8.013,1.6840657529431287,0.042092774532398895,-1.028608846722229,https://github.com/oceanmodeling/ioc_cleanup,0.1.0,sea_surface_height_above_reference_ellipsoid,Sea surface height,total_water_level,included,IOC sea-level data downloaded from https://www.ioc-sealevelmonitoring.org/,m,ioc,timeSeries,timeseries_id,None,ftp,National Oceanography Centre ( UK ),2012-09-04 21:04:30,672,672.0,100,2781,2880.0,97,100,15',32',15',nan,4.61,07:00,38',15',POINT (-5.049999999999999 51.71),[],transformed,2026-09-07T17:48:56.712833,Irish Sea,Atlantic NE
kahu,pwl,-156.472,20.898,USA,"Kahului, Maui",3126969,0 days 00:01:00,0.9976980903872088,0.9904298459042985,-1.343999999999999,-0.185,-0.07599999999999901,0.27,0.42622791586912423,0.41999999999999904,0.5829999999999991,0.9389999999999991,1.034,2.109999999999999,3.453999999999998,0.22827992228138758,0.04889025488281378,-0.32312293941973147,https://github.com/oceanmodeling/ioc_cleanup,0.1.0,sea_surface_height_above_reference_ellipsoid,Sea surface height,total_water_level,included,IOC sea-level data downloaded from https://www.ioc-sealevelmonitoring.org/,m,ioc,timeSeries,timeseries_id,None,web,National Ocean Service-NOAA ( USA ),2010-03-26 13:45:00,10077,10080.0,100,41733,43200.0,97,100,1',3',6',nan,0.54,07:33,5',6',POINT (-156.472 20.898),[],transformed,2026-09-07T17:48:56.341261,NE Pacific,Pacific NE
vhbc,pwl,-123.116667,49.283333,Canada,Vancouver Harbor,2944892,0 days 00:01:00,0.987836565823127,0.9324649609691809,-0.10299999999999901,0.17,0.6009999999999991,2.4050000000000002,3.1317573589842986,3.360999999999999,3.947,4.822,5.113999999999999,5.708,5.810999999999999,1.0528032080607193,-0.5945486966774,-0.4795606755064683,https://github.com/oceanmodeling/ioc_cleanup,0.1.0,sea_surface_height_above_reference_ellipsoid,Sea surface height,total_water_level,included,IOC sea-level data downloaded from https://www.ioc-sealevelmonitoring.org/,m,ioc,timeSeries,timeseries_id,None,SXAK50,Fisheries and Oceans Canada ( Canada ),2016-03-01 13:01:51,9190,10080.0,91,39805,43200.0,92,93,1',nan,5',CD400D3A,4.42,07:38,nan,5',POINT (-123.116667 49.283333),[],transformed,2026-09-07T17:48:56.165558,NE Pacific,Pacific NE
dkod,prt,-148.55,55.31,USA,DART SE of Kodiak,81289,0 days 00:15:00,0.986898596366052,0.38318316605839414,4194.567,4194.728633000001,4195.0523299999995,4196.464,4197.166633578888,4197.144,4197.787,4199.683,4200.033,4200.325,5.757999999999811,1.022019593236415,0.24698385345738746,-0.14119562837833222,https://github.com/oceanmodeling/ioc_cleanup,0.1.0,sea_surface_height_above_reference_ellipsoid,Sea surface height,total_water_level,included,IOC sea-level data downloaded from https://www.ioc-sealevelmonitoring.org/,m,ioc,timeSeries,timeseries_id,None,web,National Ocean Service-NOAA ( USA ),2023-02-28 15:55:28,672,672.0,100,2780,2880.0,97,100,15',36',6h,nan,4196.44,06:00,2h,6h,POINT (-148.55 55.31),[],transformed,2026-09-07T17:48:57.306488,NE Pacific,Pacific NE
lerw2,bub,-1.145192,60.155316,UK,Lerwick2,207334,0 days 00:15:00,0.9979791061765074,0.983814248783455,-0.083,0.153025,0.38,1.026,1.3869905760629098,1.383,1.749,2.395999999999999,2.645,2.939,3.0220000000000002,0.4767067490469899,0.013145362969518548,-0.6235427467463244,https://github.com/oceanmodeling/ioc_cleanup,0.1.0,sea_surface_height_above_reference_ellipsoid,Sea surface height,total_water_level,included,IOC sea-level data downloaded from https://www.ioc-sealevelmonitoring.org/,m,ioc,timeSeries,timeseries_id,236,ftp,National Oceanography Centre ( UK ),2011-10-06 18:10:22,672,672.0,100,2780,2880.0,97,100,15',30',15',nan,0.64,06:45,53',15',POINT (-1.145192 60.155316),[],transformed,2026-09-07T17:48:57.433970,North Sea,Atlantic NE
quir,prs,-73.057257,-36.636139,Chile,Quiriquina CL,2839035,0 days 00:01:00,0.9843091050304065,0.8986858779399838,-0.268,0.799,0.932,1.456,1.8248502695400683,1.796,2.145999999999999,3.039,3.306,7.677999999999999,7.945999999999999,0.4817477602116631,0.3820262681670546,-0.16229920977913492,https://github.com/oceanmodeling/ioc_cleanup,0.1.0,sea_surface_height_above_reference_ellipsoid,Sea surface height,total_water_level,included,IOC sea-level data downloaded from https://www.ioc-sealevelmonitoring.org/,m,ioc,timeSeries,timeseries_id,None,SXCH40,Servicio Hidrográfico y Oceanográfico de la Armada ( Chile ),2013-04-19 21:15:16,8820,10080.0,88,38755,43200.0,90,89,1',3',5',ADC2755A,5.07,07:26,12',5',POINT (-73.057257 -36.636139),['2021-05-28T14:00:00'],transformed,2026-09-07T17:48:56.608050,SE Pacific,Pacific SE
cpla,wls,-93.3429,29.7682,USA,"Calcasieu Pass, LA",2905781,0 days 00:01:00,0.9992394471572359,0.9204097602392538,-0.935,-0.556,-0.20899999999999902,0.338,0.4932680718215781,0.526,0.671,1.020999999999999,1.308999999999999,3.391999999999999,4.326999999999999,0.260870860625515,-0.464427955361392,1.382947564811745,https://github.com/oceanmodeling/ioc_cleanup,0.1.0,sea_surface_height_above_reference_ellipsoid,Sea surface height,total_water_level,included,IOC sea-level data downloaded from https://www.ioc-sealevelmonitoring.org/,m,ioc,timeSeries,timeseries_id,None,web,National Ocean Service-NOAA ( USA ),2009-02-06 00:00:00,10078,10080.0,100,41759,43200.0,97,100,1',3',6',3368C732,0.16,07:33,5',6',POINT (-93.3429 29.7682),[],transformed,2026-09-07T17:48:56.482502,Gulf of Mexico,Atlantic NW
sdpt,wls,-160.5017,55.3367,USA,Sand Point AK,3003990,0 days 00:01:00,0.9989164411332927,0.9514731599756691,-0.9829999999999991,-0.6119999999999991,-0.314,0.811,1.307962263252562,1.375,1.827,2.711999999999999,3.093,3.642999999999999,4.625999999999998,0.7053673093455386,-0.2636959311996451,-0.4699510636240478,https://github.com/oceanmodeling/ioc_cleanup,0.1.0,sea_surface_height_above_reference_ellipsoid,Sea surface height,total_water_level,included,IOC sea-level data downloaded from https://www.ioc-sealevelmonitoring.org/,m,ioc,timeSeries,timeseries_id,100,web,National Ocean Service-NOAA ( USA ),2008-06-06 00:00:00,10072,10080.0,100,7686,43200.0,18,100,1',7',6',33602066,1.23,07:26,12',6',POINT (-160.5017 55.3367),[],transformed,2026-09-07T17:48:56.588863,NE Pacific,Pacific NE
ilfa,bub,-4.11,51.21,UK,Ilfracombe,207463,0 days 00:15:00,0.9980237439929047,0.9857341088807786,0.006,0.28899999999999904,0.879,3.109,5.070780875476063,4.9879999999999995,7.051,9.418,9.979570999999996,10.477,10.471,2.3104741913852087,0.053354941815725004,-1.1202365135191201,https://github.com/oceanmodeling/ioc_cleanup,0.1.0,sea_surface_height_above_reference_ellipsoid,Sea surface height,total_water_level,included,IOC sea-level data downloaded from https://www.ioc-sealevelmonitoring.org/,m,ioc,timeSeries,timeseries_id,None,ftp,National Oceanography Centre ( UK ),2012-09-04 21:04:29,672,672.0,100,2776,2880.0,96,100,15',30',15',nan,6.39,07:00,38',15',POINT (-4.11 51.21),[],transformed,2026-09-07T17:48:57.666618,Irish Sea,Atlantic NE
whit,bub,-0.6099999999999991,54.49,UK,Whitby,207252,0 days 00:15:00,0.9979107559878795,0.9848359565085159,0.653,0.683,1.0433999999999994,2.485999999999999,3.5439091685525543,3.578999999999999,4.618999999999999,5.871999999999999,6.243999999999999,6.593,5.9399999999999995,1.2680911944864839,-0.07538497515408975,-1.0442835932452645,https://github.com/oceanmodeling/ioc_cleanup,0.1.0,sea_surface_height_above_reference_ellipsoid,Sea surface height,total_water_level,included,IOC sea-level data downloaded from https://www.ioc-sealevelmonitoring.org/,m,ioc,timeSeries,timeseries_id,None,ftp,National Oceanography Centre ( UK ),2012-09-04 21:04:31,672,672.0,100,2781,2880.0,97,100,15',40',15',nan,5.48,06:45,53',15',POINT (-0.6099999999999991 54.49),[],transformed,2026-09-07T17:48:57.717413,North Sea,Atlantic NE
gamb,prs,-134.968888,-23.117774,France,"Rikitea (French Polynesia, Gambier, Mangareva)",3040472,0 days 00:01:00,0.9970484845773946,0.9631824057177616,5.232,5.315999999999999,5.407,5.671,5.841653013256076,5.841999999999999,6.011,6.28,6.368999999999999,6.503999999999999,1.2719999999999985,0.21458578491158353,0.008772784194107559,-0.8055890182528467,https://github.com/oceanmodeling/ioc_cleanup,0.1.0,sea_surface_height_above_reference_ellipsoid,Sea surface height,total_water_level,included,IOC sea-level data downloaded from https://www.ioc-sealevelmonitoring.org/,m,ioc,timeSeries,timeseries_id,138,SEHI40,Service hydrographique et océanographique de la marine ( France ),2012-03-16 09:44:16,10075,10080.0,100,41525,43200.0,96,100,1',3',5',FAA0542E,0.61,07:31,7',5',POINT (-134.968888 -23.117774),[],transformed,2026-09-07T17:48:57.007594,SE Pacific,Pacific SE
dhon,prt,165.0019,-5.293099999999999,USA,DART NE of Guadalcanal,65868,0 days 00:15:00,0.9643377664419749,0.30205006843065696,1777.272,1777.355,1777.514,1778.081,1778.461527886597,1778.42,1778.785,1779.923,1780.2668800000001,1780.415,3.143000000000029,0.516317385425355,0.5231182385464125,0.20736385178294903,https://github.com/oceanmodeling/ioc_cleanup,0.1.0,sea_surface_height_above_reference_ellipsoid,Sea surface height,total_water_level,included,IOC sea-level data downloaded from https://www.ioc-sealevelmonitoring.org/,m,ioc,timeSeries,timeseries_id,None,web,National Ocean Service-NOAA ( USA ),2023-02-28 15:55:28,672,672.0,100,2784,2880.0,97,100,15',36',6h,nan,1776.28,06:00,2h,6h,POINT (165.0019 -5.293099999999999),[],transformed,2026-09-07T17:48:57.898638,SW Pacific,Pacific SW
MC41,rad,10.238333333333333,42.74263333333334,Italy,Marina Di Campo,3096327,0 days 00:01:00,0.995475284102745,0.9808349807380373,-0.455,-0.383,-0.272,-0.021999999999999003,0.06520393050872957,0.067,0.155,0.378,0.47199999999999903,0.627,1.082,0.13451007578725474,-0.10522414365497613,0.22657738811006745,https://github.com/oceanmodeling/ioc_cleanup,0.1.0,sea_surface_height_above_reference_ellipsoid,Sea surface height,total_water_level,included,IOC sea-level data downloaded from https://www.ioc-sealevelmonitoring.org/,m,ioc,timeSeries,timeseries_id,None,web,Istituto Superiore per la Protezione e la Ricerca Ambientale ( Italy ),2013-12-17 14:35:57,9041,10080.0,90,35182,43200.0,81,87,1',1',5',nan,-0.09,07:36,2',5',POINT (10.238333333333333 42.74263333333334),[],transformed,2026-09-07T17:48:56.979448,Mediterranean Sea,Mediterranean
alac2,rad,-0.48138890000000006,38.3388889,Spain,Alicante2,1052408,0 days 00:01:00,0.8323454401714925,0.32555504866180046,1.463,1.651,1.734,1.8940000000000001,1.96828174848775,1.962,2.037999999999999,2.226999999999999,2.302999999999999,2.687999999999999,1.2249999999999988,0.10629402281402256,0.19680863481707683,-0.027317582503999738,https://github.com/oceanmodeling/ioc_cleanup,0.1.0,sea_surface_height_above_reference_ellipsoid,Sea surface height,total_water_level,included,IOC sea-level data downloaded from https://www.ioc-sealevelmonitoring.org/,m,ioc,timeSeries,timeseries_id,None,web,Instituto Geográfico Nacional ( Spain ),2019-12-07 10:20:22,6749,1008.0,670,36809,4320.0,852,935,10',2',10',nan,2.07,07:34,4',10',POINT (-0.4813889000000001 38.3388889),[],transformed,2026-09-07T17:48:57.607107,Mediterranean Sea,Mediterranean
ptbl,prs,92.76,11.68,India,Port Blair,2580718,0 days 00:01:00,0.958099645137516,0.6728441174979725,0.28299999999999903,0.36881799999999926,0.47399999999999903,0.781,0.9483031609567479,0.9469999999999991,1.119,1.399999999999999,1.4641820000000298,1.514,1.231000000000001,0.22183649378037015,-0.03319325977504567,-0.685694602728101,https://github.com/oceanmodeling/ioc_cleanup,0.1.0,sea_surface_height_above_reference_ellipsoid,Sea surface height,total_water_level,included,IOC sea-level data downloaded from https://www.ioc-sealevelmonitoring.org/,m,ioc,timeSeries,timeseries_id,38,ftp,Indian National Centre for Ocean Information Services ( India ),2011-08-02 16:26:14,5914,10080.0,59,36725,43200.0,85,95,1',15',10',43332,1.24,07:20,18',10',POINT (92.76 11.68),[],transformed,2026-09-07T17:48:57.270361,Andaman Sea,Indian
lemba,rad,116.07225,-8.730905556,Indonesia,Lembar,1229893,0 days 00:01:00,0.9892104435101264,0.2455402853811841,4.501999999999999,4.719,4.953,6.219999999999999,7.161519888573925,7.525,7.905999999999999,8.556000000000001,8.802,8.982,4.48,0.9918704752647408,-0.7343905548115364,-0.7454884301476774,https://github.com/oceanmodeling/ioc_cleanup,0.1.0,sea_surface_height_above_reference_ellipsoid,Sea surface height,total_water_level,included,IOC sea-level data downloaded from https://www.ioc-sealevelmonitoring.org/,m,ioc,timeSeries,timeseries_id,None,SZXX01,Geospacial Agency of Indonesia ( Indonesia ) +University of Hawaii Sea Level Center ( USA ),2008-11-20 13:46:00,8350,10080.0,83,36305,43200.0,84,83,1',5',6',300434067157400,8.35,07:30,8',6',POINT (116.07225 -8.730905556),[],transformed,2026-09-07T17:48:57.490979,Java Sea,Pacific SW
VE19,rad,12.426528,45.418219,Italy,Venice,3106833,0 days 00:01:00,0.9975225575368872,0.984266968268451,-0.776,-0.6059999999999991,-0.44,0.041,0.23631564954379358,0.248,0.441,0.873,1.133999999999999,1.750999999999999,2.5269999999999992,0.29146548426257446,-0.1173257039898043,-0.1490663564326602,https://github.com/oceanmodeling/ioc_cleanup,0.1.0,sea_surface_height_above_reference_ellipsoid,Sea surface height,total_water_level,included,IOC sea-level data downloaded from https://www.ioc-sealevelmonitoring.org/,m,ioc,timeSeries,timeseries_id,None,web,Istituto Superiore per la Protezione e la Ricerca Ambientale ( Italy ),2009-09-08 08:16:00,39941,10080.0,396,138717,43200.0,321,397,1',nan,5',nan,-0.35,07:35,2',5',POINT (12.426528 45.418219),[],transformed,2026-09-07T17:48:56.245241,Adriatic Sea,Mediterranean
bull,bub,-69.0196139,12.1873306,Curaçao,Bullen Bay,2833740,0 days 00:01:00,0.9972132235138016,0.18145750963098134,0.021,2.164,2.222999999999999,2.424999999999999,2.5373570457096863,2.533999999999999,2.645999999999999,2.886,2.963,3.087,3.0660000000000003,0.1541713295591805,0.10730412021019614,-0.362864539513299,https://github.com/oceanmodeling/ioc_cleanup,0.1.0,sea_surface_height_above_reference_ellipsoid,Sea surface height,total_water_level,included,IOC sea-level data downloaded from https://www.ioc-sealevelmonitoring.org/,m,ioc,timeSeries,timeseries_id,None,SEPO40,Meteorological Department Curaçao ( Curaçao ) +University of Hawaii Sea Level Center ( USA ) +International Tsunami Information Center Caribbean Office ( USA ),2013-10-16 20:17:46,9680,10080.0,96,41309,43200.0,96,99,1',3',5',3541C54C,8.91,07:31,7',5',POINT (-69.0196139 12.1873306),[],transformed,2026-09-07T17:48:57.284268,Caribbean Sea,Caribbean
rosc,rad,-3.965555555555599,48.718611111111,France,Roscoff,3046109,0 days 00:01:00,0.9953524315774649,0.9593122718978102,0.0205,0.6596999999999991,1.2453,3.686399999999999,5.367266866531265,5.450599999999999,7.0868,9.081350999999978,9.558795099999989,9.893,9.8725,2.0561881176695618,-0.11006398992711074,-1.0157779402874583,https://github.com/oceanmodeling/ioc_cleanup,0.1.0,sea_surface_height_above_reference_ellipsoid,Sea surface height,total_water_level,included,IOC sea-level data downloaded from https://www.ioc-sealevelmonitoring.org/,m,ioc,timeSeries,timeseries_id,None,ftp,Service hydrographique et océanographique de la marine ( France ) +Service hydrographique et océanographique de la marine ( France ),2009-09-17 23:56:24,9876,10080.0,98,40949,43200.0,95,99,1',3',5',nan,7.87,07:34,4',5',POINT (-3.965555555555599 48.718611111111),[],transformed,2026-09-07T17:48:57.235531,English Channel,Atlantic NE
cocb,aqu,96.8919,-12.1167,Australia,Cocos Island AU,3050885,0 days 00:01:00,0.9981690558641181,0.9659741230738037,0.158,0.27,0.376,0.7279999999999991,0.9558088333588052,0.93,1.163,1.665999999999999,1.827999999999999,1.885,1.727,0.3014997583517603,0.3137387059905088,-0.4537043249652277,https://github.com/oceanmodeling/ioc_cleanup,0.1.0,sea_surface_height_above_reference_ellipsoid,Sea surface height,total_water_level,included,IOC sea-level data downloaded from https://www.ioc-sealevelmonitoring.org/,m,ioc,timeSeries,timeseries_id,46,SZIO01,National Tidal Centre/Australian Bureau of Meteorology ( Australia ),2007-12-05 22:50:00,10077,10080.0,100,41739,43200.0,97,100,1',3',3',46280,0.44,07:35,3',3',POINT (96.8919 -12.1167),[],transformed,2026-09-07T17:48:57.228214,North Indian,Indian
stma,rad,-2.028,48.6416,France,Saint-Malo,3002578,0 days 00:01:00,0.9967897586673852,0.9506019363341444,0.3704,0.8053,1.5465,4.5509,6.864993452846739,6.8207,9.1597,12.3008,13.0351,13.6052,13.2348,2.81610154056219,0.03269799422863265,-1.0040512067622105,https://github.com/oceanmodeling/ioc_cleanup,0.1.0,sea_surface_height_above_reference_ellipsoid,Sea surface height,total_water_level,included,IOC sea-level data downloaded from https://www.ioc-sealevelmonitoring.org/,m,ioc,timeSeries,timeseries_id,None,ftp,Service hydrographique et océanographique de la marine ( France ) +Service hydrographique et océanographique de la marine ( France ),2009-12-02 10:45:22,9907,10080.0,98,40723,43200.0,94,100,1',2',5',nan,9.01,07:35,3',5',POINT (-2.028 48.6416),[],transformed,2026-09-07T17:48:57.129781,English Channel,Atlantic NE
chtt,prs,91.825,22.3333,Bangladesh,Chittagong,2760630,0 days 00:01:00,0.9993298631109565,0.8061327808191403,0.892,1.163,1.367999999999999,2.551,3.71972601867055,3.694999999999999,4.838,6.455,6.948999999999999,7.735999999999999,6.8439999999999985,1.357843145453381,0.10238336565110137,-1.0425674726455976,https://github.com/oceanmodeling/ioc_cleanup,0.1.0,sea_surface_height_above_reference_ellipsoid,Sea surface height,total_water_level,included,IOC sea-level data downloaded from https://www.ioc-sealevelmonitoring.org/,m,ioc,timeSeries,timeseries_id,36,SZBW40,"Survey of Bangladesh, Ministry of Defense ( Bangladesh ) +University of Hawaii Sea Level Center ( USA )",2007-11-24 18:40:00,-down-,3360.0,0,-down-,nan,0,0,3',nan,6',065079CC,3.45,-down-,370d,6',POINT (91.825 22.3333),[],transformed,2026-09-07T17:48:57.529650,North Indian,Indian
saip,ra2,145.7416,15.2266,USA,Saipan US,2859363,0 days 00:01:00,0.9941966095245689,0.3978615419708029,0.501,0.5799999999999991,0.7029999999999991,1.193,1.5905529931313012,1.395,1.616,2.931999999999999,3.024158999999985,3.185999999999999,2.684999999999999,0.6257641421849924,0.9356392244091699,-0.4274970689129516,https://github.com/oceanmodeling/ioc_cleanup,0.1.0,sea_surface_height_above_reference_ellipsoid,Sea surface height,total_water_level,included,IOC sea-level data downloaded from https://www.ioc-sealevelmonitoring.org/,m,ioc,timeSeries,timeseries_id,118,SZXX01,"Office of the Port Director ( Northern Marianas, USA ) +University of Hawaii Sea Level Center ( USA )",2008-05-14 12:27:00,-down-,10080.0,0,-down-,43200.0,40,0,1',nan,6',300434066941730,-999.0,-down-,37d,6',POINT (145.7416 15.2266),"['2023-07-10T00:17:00', '2024-09-08T00:00:00', '2024-10-26T00:00:00']",transformed,2026-09-07T17:48:57.668426,NW Pacific,Pacific NW
alam,pwl,-122.298,37.772,USA,Alameda CA,3117468,0 days 00:01:00,0.9968237043652092,0.9874797242497972,-0.6909999999999991,-0.505,-0.279,0.632,1.085727390791027,1.143,1.568,2.246999999999999,2.422,2.709,3.399999999999999,0.6210707124955848,-0.27624647066134883,-0.6846565403124476,https://github.com/oceanmodeling/ioc_cleanup,0.1.0,sea_surface_height_above_reference_ellipsoid,Sea surface height,total_water_level,included,IOC sea-level data downloaded from https://www.ioc-sealevelmonitoring.org/,m,ioc,timeSeries,timeseries_id,None,web,National Ocean Service-NOAA ( USA ),2006-06-07 04:30:00,10057,10080.0,100,41679,43200.0,96,100,1',3',6',nan,1.51,07:33,5',6',POINT (-122.298 37.772),[],transformed,2026-09-07T17:48:57.369668,NE Pacific,Pacific NE
GA37,rad,13.589736111111,41.209991666667,Italy,Gaeta,3082435,0 days 00:01:00,0.9966571882294355,0.9764633389091646,-0.5769999999999991,-0.466,-0.343,-0.106,-0.018658403594590436,-0.017999999999999003,0.069,0.29199999999999904,0.378,0.5859999999999991,1.162999999999998,0.13306685114104375,-0.05584144539654217,0.19205799511595156,https://github.com/oceanmodeling/ioc_cleanup,0.1.0,sea_surface_height_above_reference_ellipsoid,Sea surface height,total_water_level,included,IOC sea-level data downloaded from https://www.ioc-sealevelmonitoring.org/,m,ioc,timeSeries,timeseries_id,None,web,Istituto Superiore per la Protezione e la Ricerca Ambientale ( Italy ),2013-12-17 14:35:57,39636,10080.0,393,139524,43200.0,323,394,1',nan,5',nan,-0.11,07:35,2',5',POINT (13.589736111111 41.209991666667),[],transformed,2026-09-07T17:48:57.541101,Mediterranean Sea,Mediterranean
wood,wls,-70.6717,41.5233,USA,"Woods Hole, MA",2937264,0 days 00:01:00,0.9991468250725846,0.9303968344484996,-0.48599999999999904,-0.223,-0.043999999999999005,0.30199999999999905,0.46391702031375154,0.45,0.618999999999999,1.028,1.205,1.698999999999999,2.184999999999998,0.2324579822557535,0.20736253529404086,0.05736368283006099,https://github.com/oceanmodeling/ioc_cleanup,0.1.0,sea_surface_height_above_reference_ellipsoid,Sea surface height,total_water_level,included,IOC sea-level data downloaded from https://www.ioc-sealevelmonitoring.org/,m,ioc,timeSeries,timeseries_id,None,web,National Ocean Service-NOAA ( USA ),2009-02-06 00:00:00,10019,10080.0,99,41755,43200.0,97,100,1',2',6',3340A79C,0.71,07:33,5',6',POINT (-70.6717 41.5233),[],transformed,2026-09-07T17:48:58.126354,NW Atlantic,Atlantic NW
madry,sw1,-65.03068611,-42.76265,Argentina,Puerto Madryn,941728,0 days 00:01:00,0.992393769750926,0.019212223742903486,0.0,0.0,0.0,0.0,0.029220190294015385,0.027,0.059999999999999006,0.059999999999999006,0.059999999999999006,0.215,0.215,0.027559796979205648,0.05434312298598271,-1.82447857143294,https://github.com/oceanmodeling/ioc_cleanup,0.1.0,sea_surface_height_above_reference_ellipsoid,Sea surface height,total_water_level,included,IOC sea-level data downloaded from https://www.ioc-sealevelmonitoring.org/,m,ioc,timeSeries,timeseries_id,191,SEPO40,Armada Argentina Servicio de Hidrografía Naval ( Argentina ) +University of Hawaii Sea Level Center ( USA ),2010-03-23 20:24:00,nan,10080.0,0,10830,43200.0,25,0,1',nan,15',335665D2,1.7,2026-05-20 20:04,12h,15',POINT (-65.03068611 -42.76265),[],transformed,2026-09-07T17:48:58.846537,SW Atlantic,Atlantic South
hmda,rad,132.07,34.9,Japan,Hamada,3132242,0 days 00:01:00,0.9996753124439299,0.9919913954785077,1.240499999999999,1.7892000000000001,1.905,2.1732,2.323150095953597,2.3226,2.465799999999999,2.794999999999999,2.926099999999999,3.2187,1.978200000000001,0.2032982050170251,0.1255810593433842,-0.34621190340385866,https://github.com/oceanmodeling/ioc_cleanup,0.1.0,sea_surface_height_above_reference_ellipsoid,Sea surface height,total_water_level,included,IOC sea-level data downloaded from https://www.ioc-sealevelmonitoring.org/,m,ioc,timeSeries,timeseries_id,326,SWJP40,Japan Meteorological Agency ( Japan ),2012-03-21 10:11:38,10040,10080.0,100,41660,43200.0,96,100,1',8',10',HAMADA,2.78,07:29,9',10',POINT (132.07 34.9),[],transformed,2026-09-07T17:48:57.797794,Japan Sea,Pacific NW
darw,aqu,130.8458,-12.4719,Australia,Darwin AU,3121179,0 days 00:01:00,0.9991698649773051,0.9860338098134631,0.107,0.454395,0.997,3.132,4.315929867536136,4.317999999999999,5.519999999999999,7.434999999999999,7.849999999999999,8.139,8.032,1.573231660892818,-0.04188862236219879,-0.7311558169999497,https://github.com/oceanmodeling/ioc_cleanup,0.1.0,sea_surface_height_above_reference_ellipsoid,Sea surface height,total_water_level,included,IOC sea-level data downloaded from https://www.ioc-sealevelmonitoring.org/,m,ioc,timeSeries,timeseries_id,62,SZAU01,National Tidal Centre/Australian Bureau of Meteorology ( Australia ),2007-12-05 22:50:00,10077,10080.0,100,41730,43200.0,97,100,1',3',3',63230,3.83,07:35,3',3',POINT (130.8458 -12.4719),[],transformed,2026-09-07T17:48:57.817683,Arafura Sea,Pacific SW
qtro2,prs,-71.525427,-32.775493,Chile,Quintero CL,948231,0 days 00:01:00,0.9944095900682428,0.30035419201135444,0.9789999999999991,1.191,1.312,1.706,1.994546080319641,1.97,2.262999999999999,2.836999999999999,2.996999999999999,3.2800000000000002,2.301000000000001,0.36745036410181403,0.2594462063376678,-0.625366739273097,https://github.com/oceanmodeling/ioc_cleanup,0.1.0,sea_surface_height_above_reference_ellipsoid,Sea surface height,total_water_level,included,IOC sea-level data downloaded from https://www.ioc-sealevelmonitoring.org/,m,ioc,timeSeries,timeseries_id,None,web,Servicio Hidrográfico y Oceanográfico de la Armada ( Chile ),2013-03-28 17:15:30,10070,10080.0,100,41662,43200.0,96,100,1',3',5',nan,4.7,07:30,7',5',POINT (-71.525427 -32.775493),[],transformed,2026-09-07T17:48:58.881370,SE Pacific,Pacific SE
ptmt,bub,-1.11,50.8,UK,Portsmouth,207020,0 days 00:15:00,0.9982368853250894,0.9768048585766423,0.218,0.47199999999999903,0.8279999999999991,2.117,2.987170891895442,2.919,3.968999999999999,4.937999999999999,5.209450000000011,5.743,5.525,1.087747168931122,-0.026926693499284903,-1.0832383609056195,https://github.com/oceanmodeling/ioc_cleanup,0.1.0,sea_surface_height_above_reference_ellipsoid,Sea surface height,total_water_level,included,IOC sea-level data downloaded from https://www.ioc-sealevelmonitoring.org/,m,ioc,timeSeries,timeseries_id,None,ftp,National Oceanography Centre ( UK ),2012-09-04 21:04:30,672,672.0,100,2771,2880.0,96,100,15',36',15',nan,1.12,07:00,38',15',POINT (-1.11 50.8),[],transformed,2026-09-07T17:48:59.266309,English Channel,Atlantic NE
paak2,wls,-134.6467,56.2467,USA,Port Alexander,1778323,0 days 00:01:00,0.9993904369453693,0.5633683723641525,-1.216,-0.9569999999999991,-0.6109999999999991,0.8900000000000001,1.651194769496716,1.702,2.460999999999999,3.645,4.017,4.298,5.514,1.0309446245209568,-0.1817364031775759,-0.6967044663902935,https://github.com/oceanmodeling/ioc_cleanup,0.1.0,sea_surface_height_above_reference_ellipsoid,Sea surface height,total_water_level,included,IOC sea-level data downloaded from https://www.ioc-sealevelmonitoring.org/,m,ioc,timeSeries,timeseries_id,None,web,National Ocean Service-NOAA ( USA ),2022-05-20 22:22:15,10077,10080.0,100,41731,43200.0,97,100,1',9',6',nan,1.02,07:26,12',6',POINT (-134.6467 56.2467),[],transformed,2026-09-07T17:48:58.533985,NE Pacific,Pacific NE
mais,rad,37.8667,-46.8667,South-Africa,Marion Island,1477805,0 days 00:01:00,0.9138560229529606,0.4592771061435523,0.0,7.897999999999999,8.039,8.392,8.559341943396525,8.557,8.725999999999999,9.077,9.214,9.66,9.66,0.2355601185911581,-0.030538427975621008,0.8378397904745754,https://github.com/oceanmodeling/ioc_cleanup,0.1.0,sea_surface_height_above_reference_ellipsoid,Sea surface height,total_water_level,included,IOC sea-level data downloaded from https://www.ioc-sealevelmonitoring.org/,m,ioc,timeSeries,timeseries_id,20,SXXX32,Hartebeesthoek Radio Astronomy Observatory ( South Africa ) +GeoForschungsZentrum ( Germany ),2007-09-14 10:57:00,3186,10080.0,32,34014,43200.0,79,0,1',nan,15',16AF741C,0.01,2026-05-17 12:25,4d,15',POINT (37.8667 -46.8667),[],transformed,2026-09-07T17:48:58.929225,East Africa,Indian
mnza,rad,-104.3005333,19.06055,Mexico,Manzanillo,1879827,0 days 00:01:00,0.9988908553819048,0.5947561841038118,5.876,6.165,6.291,6.742,6.917313992274159,6.937999999999999,7.107,7.448999999999999,7.594,7.944,2.0679999999999996,0.2618914566607052,-0.28624940464812665,-0.2900327797363462,https://github.com/oceanmodeling/ioc_cleanup,0.1.0,sea_surface_height_above_reference_ellipsoid,Sea surface height,total_water_level,included,IOC sea-level data downloaded from https://www.ioc-sealevelmonitoring.org/,m,ioc,timeSeries,timeseries_id,None,SOMX10,Universidad Nacional Autónoma de México ( Mexico ),2020-06-30 23:22:55,8388,10080.0,83,40140,43200.0,93,91,1',8',1h,0101854C,7.24,07:02,36',1h,POINT (-104.3005333 19.06055),[],transformed,2026-09-07T17:48:59.009006,NE Pacific,Pacific NE
AZ42,rad,12.634797222222222,41.44685833333333,Italy,Anzio,3062626,0 days 00:01:00,0.986735239627692,0.970262444241687,-0.641,-0.47899999999999904,-0.35599999999999904,-0.132,-0.04300283058851026,-0.044999999999999006,0.04599999999999901,0.265,0.35999999999999904,0.663,1.304,0.13194524584531736,0.008609211744097645,0.0935729623538597,https://github.com/oceanmodeling/ioc_cleanup,0.1.0,sea_surface_height_above_reference_ellipsoid,Sea surface height,total_water_level,included,IOC sea-level data downloaded from https://www.ioc-sealevelmonitoring.org/,m,ioc,timeSeries,timeseries_id,None,web,Istituto Superiore per la Protezione e la Ricerca Ambientale ( Italy ),2013-12-17 14:35:57,36803,10080.0,365,139459,43200.0,323,351,1',nan,5',nan,-0.18,07:33,4',5',POINT (12.634797222222222 41.44685833333333),[],transformed,2026-09-07T17:48:58.722302,Mediterranean Sea,Mediterranean
sala,rad,54.0067,16.935,Oman,Salalah,3046028,0 days 00:01:00,0.9967111267526103,0.5774429110908353,0.001,0.199,0.40999999999999903,1.198,2.1858015704287133,1.5710000000000002,1.835999999999999,7.753999999999999,7.926,8.026,8.025,2.033531460633878,2.0274865882147686,2.4630543055908283,https://github.com/oceanmodeling/ioc_cleanup,0.1.0,sea_surface_height_above_reference_ellipsoid,Sea surface height,total_water_level,included,IOC sea-level data downloaded from https://www.ioc-sealevelmonitoring.org/,m,ioc,timeSeries,timeseries_id,4,SXXX33,Directorate General Meteorology and Air Navigation ( Oman ),2006-06-07 08:40:00,10001,10080.0,99,41298,43200.0,96,98,1',5',6',1605C096,3.51,07:27,11',6',POINT (54.0067 16.935),['2020-06-18T20:45:00'],transformed,2026-09-07T17:48:58.925308,North Indian,Indian
CR08,rad,17.137055555556,39.083580555556,Italy,Crotone,3044592,0 days 00:01:00,0.993303864688602,0.9643894464720195,-0.6989999999999991,-0.539,-0.435,-0.152,-0.07686051793713415,-0.068,0.01,0.185,0.26,0.41499999999999904,1.113999999999998,0.1265504255073392,-0.4736707752558394,0.5419536865933101,https://github.com/oceanmodeling/ioc_cleanup,0.1.0,sea_surface_height_above_reference_ellipsoid,Sea surface height,total_water_level,included,IOC sea-level data downloaded from https://www.ioc-sealevelmonitoring.org/,m,ioc,timeSeries,timeseries_id,None,web,Istituto Superiore per la Protezione e la Ricerca Ambientale ( Italy ),2013-12-17 14:35:57,9834,10080.0,98,36853,43200.0,85,97,1',1',5',nan,-0.06,07:35,3',5',POINT (17.137055555556 39.083580555556),[],transformed,2026-09-07T17:48:58.927255,Mediterranean Sea,Mediterranean
ganm,ra3,73.1520278,-0.6878056,Maldive Islands,Gan,3058624,0 days 00:01:00,0.9937543810550103,0.3399787104622871,0.0,0.0,0.0,1.458,1.5933940261998478,1.681,1.881,2.262,2.351999999999999,2.435,2.435,0.48701951158255563,-1.9726355215685922,4.289967829183942,https://github.com/oceanmodeling/ioc_cleanup,0.1.0,sea_surface_height_above_reference_ellipsoid,Sea surface height,total_water_level,included,IOC sea-level data downloaded from https://www.ioc-sealevelmonitoring.org/,m,ioc,timeSeries,timeseries_id,27,SZXX01,Maldives Meteorological Department ( Maldives ) +University of Hawaii Sea Level Center ( USA ),2007-11-24 19:34:00,8340,10080.0,83,36750,43200.0,85,79,1',5',5',300434064634660,-999.0,07:30,8',5',POINT (73.1520278 -0.6878056),[],transformed,2026-09-07T17:48:58.941107,North Indian,Indian
ajac,rad,8.76,41.92,France,Ajaccio,2942151,0 days 00:01:00,0.99615111528946,0.9320984134225466,0.012999999999999,0.098,0.2033,0.4355,0.5006228489030128,0.5016,0.577699999999999,0.7607,0.8685,1.0071,0.9941000000000011,0.11669124621113941,-0.2085352322070282,0.36303841741358545,https://github.com/oceanmodeling/ioc_cleanup,0.1.0,sea_surface_height_above_reference_ellipsoid,Sea surface height,total_water_level,included,IOC sea-level data downloaded from https://www.ioc-sealevelmonitoring.org/,m,ioc,timeSeries,timeseries_id,None,ftp,Service hydrographique et océanographique de la marine ( France ) +Service hydrographique et océanographique de la marine ( France ),2009-09-18 10:30:15,9781,10080.0,97,40556,43200.0,94,98,1',4',5',nan,0.4,07:34,4',5',POINT (8.76 41.92),[],transformed,2026-09-07T17:48:59.199637,Mediterranean Sea,Mediterranean
bork,flt,6.749444,53.5575,Germany,Borkum Fischerbalje,3101197,0 days 00:01:00,0.9989529849280778,0.9796798965936739,2.569999999999999,3.089999999999999,3.399999999999999,4.389999999999999,5.125661227420012,5.219999999999999,5.86,6.74,7.37,8.28,5.710000000000001,0.8727848698607744,-0.16906953930580979,-0.9481698917919816,https://github.com/oceanmodeling/ioc_cleanup,0.1.0,sea_surface_height_above_reference_ellipsoid,Sea surface height,total_water_level,included,IOC sea-level data downloaded from https://www.ioc-sealevelmonitoring.org/,m,ioc,timeSeries,timeseries_id,None,web,German Federal Waterways and Shipping Administration ( Germany ) +Informationstechnikzentrum Bund ( Germany ),2010-05-04 12:40:04,10051,10080.0,100,41607,43200.0,96,100,1',3',5',nan,3.82,07:33,5',5',POINT (6.749444 53.5575),[],transformed,2026-09-07T17:48:58.715430,North Sea,Atlantic NE
AN15,rad,13.506516666666666,43.624766666666666,Italy,Ancona,3107963,0 days 00:01:00,0.9974233927495276,0.9830868562449311,-0.683,-0.544,-0.42299999999999904,-0.10400000000000001,0.020513096928420443,0.027,0.14,0.466,0.682,0.9819999999999991,1.6649999999999991,0.18508187584544725,0.031736232967000996,0.30544295363878327,https://github.com/oceanmodeling/ioc_cleanup,0.1.0,sea_surface_height_above_reference_ellipsoid,Sea surface height,total_water_level,included,IOC sea-level data downloaded from https://www.ioc-sealevelmonitoring.org/,m,ioc,timeSeries,timeseries_id,None,web,Istituto Superiore per la Protezione e la Ricerca Ambientale ( Italy ),2013-12-17 14:35:57,40157,10080.0,398,135396,43200.0,313,399,1',nan,5',nan,-0.4,07:37,1',5',POINT (13.506516666666666 43.624766666666666),[],transformed,2026-09-07T17:48:59.098685,Adriatic Sea,Mediterranean
bapj,rad,147.338,-42.8923,Australia,Battery Point AU,3112852,0 days 00:01:00,0.9990658084611796,0.984576173459043,0.0,0.056,0.20599999999999902,0.7369999999999991,0.9443657055886888,0.9619999999999991,1.163,1.621999999999999,1.8192059999997725,2.165,2.165,0.31663431431585237,-0.17404301421842547,-0.2519725826596062,https://github.com/oceanmodeling/ioc_cleanup,0.1.0,sea_surface_height_above_reference_ellipsoid,Sea surface height,total_water_level,included,IOC sea-level data downloaded from https://www.ioc-sealevelmonitoring.org/,m,ioc,timeSeries,timeseries_id,None,SZAU01,National Tidal Centre/Australian Bureau of Meteorology ( Australia ),2019-03-18 11:31:40,10077,10080.0,100,41589,43200.0,96,100,1',3',3',61221,0.91,07:35,3',3',POINT (147.338 -42.8923),[],transformed,2026-09-07T17:48:59.079732,SW Pacific,Pacific SW
dkwa,prt,153.9072,11.9261,USA,DART ESE of Saipan,80998,0 days 00:15:00,0.9843082545248031,0.37962382147201945,5885.991,5886.051,5886.126,5887.31,5887.340615209364,5887.472,5887.651,5888.015,5888.111,5888.165,2.173999999999978,0.49667183522802527,-1.2458972023189736,0.4589063529713977,https://github.com/oceanmodeling/ioc_cleanup,0.1.0,sea_surface_height_above_reference_ellipsoid,Sea surface height,total_water_level,included,IOC sea-level data downloaded from https://www.ioc-sealevelmonitoring.org/,m,ioc,timeSeries,timeseries_id,None,web,National Ocean Service-NOAA ( USA ),2023-02-28 15:55:28,379,672.0,56,2192,2880.0,76,71,15',36',6h,nan,5886.12,05:00,3h,6h,POINT (153.9072 11.9261),[],transformed,2026-09-07T17:49:00.347833,NW Pacific,Pacific NW
adak2,pwl,-176.632,51.863,USA,Adak AK,2912699,0 days 00:01:00,0.9901860782731068,0.9208390358880778,-9.544,-3.883,-3.689999999999999,-2.964999999999999,-2.6509420355672066,-2.599,-2.314,-1.774999999999999,-1.564,17.347,26.891000000000002,0.4605545268477856,0.5449419529683933,33.740891998259045,https://github.com/oceanmodeling/ioc_cleanup,0.1.0,sea_surface_height_above_reference_ellipsoid,Sea surface height,total_water_level,included,IOC sea-level data downloaded from https://www.ioc-sealevelmonitoring.org/,m,ioc,timeSeries,timeseries_id,302,SXXX03,National Ocean Service-NOAA ( USA ),2012-12-05 18:19:24,9102,10080.0,90,39318,43200.0,91,92,1',4',6',3360F60E,-2.16,07:30,8',6',POINT (-176.632 51.863),[],transformed,2026-09-07T17:48:59.240799,NE Pacific,Pacific NE
waka,rad,141.69,45.41,Japan,Wakkanai,3132242,0 days 00:01:00,0.9996753124439299,0.9922017563868614,0.9326999999999991,1.7709000000000001,1.868399999999999,2.087899999999999,2.1877964345845045,2.1854,2.286,2.529799999999999,2.6518,2.8529,1.9202000000000008,0.1443240123599908,0.10523950781660484,-0.05946306115518496,https://github.com/oceanmodeling/ioc_cleanup,0.1.0,sea_surface_height_above_reference_ellipsoid,Sea surface height,total_water_level,included,IOC sea-level data downloaded from https://www.ioc-sealevelmonitoring.org/,m,ioc,timeSeries,timeseries_id,324,SWJP40,Japan Meteorological Agency ( Japan ),2012-03-21 09:53:17,10040,10080.0,100,41660,43200.0,96,100,1',8',10',WAKKANAI,2.28,07:29,9',10',POINT (141.69 45.41),[],transformed,2026-09-07T17:48:59.039736,Japan Sea,Pacific NW
iaix,rad,-1.17424,46.0074,France,Ile d'Aix,2491289,0 days 00:01:00,0.9980624487965868,0.788706723945661,0.2832,0.5231536,0.9872999999999991,2.9036,4.005196356551439,4.2243,5.1113,6.3962,6.777146400000015,7.410599999999999,7.127399999999999,1.3775292535979808,-0.32984091912481883,-0.8403586161930225,https://github.com/oceanmodeling/ioc_cleanup,0.1.0,sea_surface_height_above_reference_ellipsoid,Sea surface height,total_water_level,included,IOC sea-level data downloaded from https://www.ioc-sealevelmonitoring.org/,m,ioc,timeSeries,timeseries_id,None,ftp,Service hydrographique et océanographique de la marine ( France ) +Service hydrographique et océanographique de la marine ( France ),2011-04-27 11:43:43,nan,10080.0,0,nan,nan,0,0,1',nan,5',nan,3.28,2025-10-26 13:55,207d,5',POINT (-1.17424 46.0074),[],transformed,2026-09-07T17:48:59.688692,Bay of Biscay,Atlantic NE
stor,bub,-6.389999999999999,58.21,UK,Stornoway,182928,0 days 00:15:00,0.9982889442840899,0.8679620970194647,-0.062,0.318292,0.7339999999999991,2.148,3.0063697733880104,3.069,3.871,5.118999999999999,5.554999999999999,5.955,6.017,1.0902242321583235,-0.12060181552949052,-0.8315272555709861,https://github.com/oceanmodeling/ioc_cleanup,0.1.0,sea_surface_height_above_reference_ellipsoid,Sea surface height,total_water_level,included,IOC sea-level data downloaded from https://www.ioc-sealevelmonitoring.org/,m,ioc,timeSeries,timeseries_id,238,ftp,National Oceanography Centre ( UK ),2008-07-30 07:30:00,nan,672.0,0,nan,nan,0,0,15',nan,15',nan,4.09,2025-04-18 10:00,398d,15',POINT (-6.389999999999999 58.21),[],transformed,2026-09-07T17:49:00.508736,Irish Sea,Atlantic NE
ME13,rad,15.5635,38.1963,Italy,Messina,3109458,0 days 00:01:00,0.99631189744322,0.9847773469180859,-0.42099999999999904,-0.34499999999999903,-0.23899999999999902,-0.014999999999999002,0.053192456642098936,0.056,0.123,0.29699999999999904,0.36899999999999905,0.48499999999999904,0.9059999999999981,0.1080541475609242,-0.25706496195237033,0.5392425056285517,https://github.com/oceanmodeling/ioc_cleanup,0.1.0,sea_surface_height_above_reference_ellipsoid,Sea surface height,total_water_level,included,IOC sea-level data downloaded from https://www.ioc-sealevelmonitoring.org/,m,ioc,timeSeries,timeseries_id,None,web,Istituto Superiore per la Protezione e la Ricerca Ambientale ( Italy ),2010-09-13 17:55:44,40024,10080.0,397,139892,43200.0,324,398,1',nan,5',nan,0.03,07:35,2',5',POINT (15.5635 38.1963),[],transformed,2026-09-07T17:48:59.494887,Mediterranean Sea,Mediterranean
pnfl,wls,-87.212,30.403,USA,Pensacola FL,519663,0 days 00:06:00,0.9981122381235531,0.9874125608272506,-0.35099999999999903,-0.24399999999999902,-0.106,0.228,0.3644484077634762,0.36699999999999905,0.502,0.808,1.11,2.089999999999999,2.440999999999998,0.20051232323994836,0.09419921980247976,0.8897702637011569,https://github.com/oceanmodeling/ioc_cleanup,0.1.0,sea_surface_height_above_reference_ellipsoid,Sea surface height,total_water_level,included,IOC sea-level data downloaded from https://www.ioc-sealevelmonitoring.org/,m,ioc,timeSeries,timeseries_id,288,web,National Ocean Service-NOAA ( USA ),2008-06-06 00:00:00,1680,1680.0,100,6960,7200.0,97,100,6',6',6',33A02AD0,0.15,07:30,8',6',POINT (-87.212 30.403),[],transformed,2026-09-07T17:49:00.630241,Gulf of Mexico,Atlantic NW
leit,bub,-3.18,55.99,UK,Leith,207193,0 days 00:15:00,0.9982142253840622,0.9781877281021898,-0.219,0.24399999999999902,0.668,2.101,3.2731625615763544,3.278,4.471,5.796,6.173159000000014,6.5280000000000005,6.747000000000001,1.3752334303805596,-0.030149417585847067,-1.1201387707207666,https://github.com/oceanmodeling/ioc_cleanup,0.1.0,sea_surface_height_above_reference_ellipsoid,Sea surface height,total_water_level,included,IOC sea-level data downloaded from https://www.ioc-sealevelmonitoring.org/,m,ioc,timeSeries,timeseries_id,None,ftp,National Oceanography Centre ( UK ),2012-09-04 21:04:29,672,672.0,100,2782,2880.0,97,100,15',41',15',nan,4.99,06:45,53',15',POINT (-3.18 55.99),[],transformed,2026-09-07T17:49:00.694472,North Sea,Atlantic NE
ptpl,rad,-70.702011,19.798794,Dominican Republic,Puerto Plata,3015718,0 days 00:01:00,0.9979513999651161,0.8120482309407948,4.689,4.823999999999999,4.932999999999999,5.317,6.181368404276818,6.634999999999999,6.887999999999999,7.277,7.376,7.485,2.7960000000000003,0.810049801515084,-0.24496893720263285,-1.7094500695081778,https://github.com/oceanmodeling/ioc_cleanup,0.1.0,sea_surface_height_above_reference_ellipsoid,Sea surface height,total_water_level,included,IOC sea-level data downloaded from https://www.ioc-sealevelmonitoring.org/,m,ioc,timeSeries,timeseries_id,None,SZXX01,Oficina Nacional de Meteorología (Dominican Republic) +University of Hawaii Sea Level Center ( USA ) +Puerto Rico Seismic Network ( USA ) +International Tsunami Information Center Caribbean Office ( USA ),2010-06-24 14:08:50,8365,10080.0,83,36550,43200.0,85,81,1',5',5',301434061820970,1.95,07:30,8',5',POINT (-70.702011 19.798794),['2023-03-01T18:00:00'],transformed,2026-09-07T17:48:59.886995,NW Atlantic,Atlantic NW
quar,flt,114.2133333,22.2911111,Hong Kong - China,Quarry Bay,2292067,0 days 00:01:00,0.8660362022576129,0.7260939400851582,0.029999999999999003,0.22,0.40999999999999903,1.1400000000000001,1.4798240674444487,1.46,1.839999999999999,2.58,2.839999999999999,3.399999999999999,3.37,0.5038181120421823,0.06529877302766103,-0.4460345060355042,https://github.com/oceanmodeling/ioc_cleanup,0.1.0,sea_surface_height_above_reference_ellipsoid,Sea surface height,total_water_level,included,IOC sea-level data downloaded from https://www.ioc-sealevelmonitoring.org/,m,ioc,timeSeries,timeseries_id,77,SEHK40,Hong Kong Observatory ( Hong Kong - China ),2014-01-23 14:18:27,10060,10080.0,100,41690,43200.0,97,100,1',6',10',QUARYBAY,-999.0,07:25,13',10',POINT (114.2133333 22.2911111),[],transformed,2026-09-07T17:49:00.092121,South China Sea,Pacific NW
huat,rad,-96.1168889,15.7500556,Mexico,Huatulco,2338885,0 days 00:01:00,0.9957821782601539,0.740118106244931,0.126,0.30199999999999905,0.41299999999999903,0.78,1.0691526782320446,1.058999999999999,1.338,1.841,2.087,2.338,2.212,0.3512367555319876,0.17493559171685835,-0.7380010463625708,https://github.com/oceanmodeling/ioc_cleanup,0.1.0,sea_surface_height_above_reference_ellipsoid,Sea surface height,total_water_level,included,IOC sea-level data downloaded from https://www.ioc-sealevelmonitoring.org/,m,ioc,timeSeries,timeseries_id,None,SOMX10,Universidad Nacional Autónoma de México ( Mexico ),2014-05-19 10:33:46,nan,10080.0,0,41385,43200.0,96,0,1',nan,30',01010358,0.82,2026-05-01 15:41,20d,30',POINT (-96.1168889 15.7500556),[],transformed,2026-09-07T17:49:00.461800,NE Pacific,Pacific NE
dunk,rad,2.366698,51.04809,France,Dunkerque,2979168,0 days 00:01:00,0.995691750179916,0.9437319419099757,-0.376,0.1955,0.5516999999999991,1.884199999999999,3.3525284479925443,3.253099999999999,4.866799999999999,6.2534,6.579799999999999,6.992799999999999,7.368799999999999,1.6410668088824973,0.0697436279618744,-1.2769732656819464,https://github.com/oceanmodeling/ioc_cleanup,0.1.0,sea_surface_height_above_reference_ellipsoid,Sea surface height,total_water_level,included,IOC sea-level data downloaded from https://www.ioc-sealevelmonitoring.org/,m,ioc,timeSeries,timeseries_id,None,ftp,Service hydrographique et océanographique de la marine ( France ),2011-10-02 20:13:00,9823,10080.0,97,40736,43200.0,94,99,1',2',5',nan,2.0,07:35,3',5',POINT (2.366698 51.04809),[],transformed,2026-09-07T17:49:00.182075,North Sea,Atlantic NE
leha,rad,0.10599000000000001,49.4819,France,Le Havre,2891629,0 days 00:01:00,0.9983926015405158,0.9091741433495539,0.4898,0.796,1.2669000000000001,3.2105,5.010560398147599,5.1835,6.8388,8.2025,8.5283,9.3239,8.8341,2.0030923980003825,-0.15994538382199378,-1.2792202057928777,https://github.com/oceanmodeling/ioc_cleanup,0.1.0,sea_surface_height_above_reference_ellipsoid,Sea surface height,total_water_level,included,IOC sea-level data downloaded from https://www.ioc-sealevelmonitoring.org/,m,ioc,timeSeries,timeseries_id,None,ftp,Service hydrographique et océanographique de la marine ( France ) +Service hydrographique et océanographique de la marine ( France ),2009-04-14 23:58:56,9887,10080.0,98,40778,43200.0,94,99,1',3',5',nan,1.55,07:35,3',5',POINT (0.10599 49.4819),[],transformed,2026-09-07T17:49:00.385544,English Channel,Atlantic NE
dove,bub,1.32,51.11,UK,Dover,195733,0 days 00:15:00,0.9980125987952977,0.927777144160584,0.35699999999999904,0.6052329999999991,0.927,2.357,3.89467940010449,3.858,5.448,6.916999999999999,7.270999999999999,7.740999999999999,7.3839999999999995,1.7154884229932637,0.025852493812970848,-1.264752122662316,https://github.com/oceanmodeling/ioc_cleanup,0.1.0,sea_surface_height_above_reference_ellipsoid,Sea surface height,total_water_level,included,IOC sea-level data downloaded from https://www.ioc-sealevelmonitoring.org/,m,ioc,timeSeries,timeseries_id,None,ftp,National Oceanography Centre ( UK ),2012-09-04 21:04:28,670,672.0,100,2778,2880.0,96,99,15',41',15',nan,2.71,06:45,53',15',POINT (1.32 51.11),[],transformed,2026-09-07T17:49:01.253098,English Channel,Atlantic NE
ptme,pwl,-70.2466,43.6566,USA,Portland ME,2968860,0 days 00:01:00,0.9927153857036034,0.9405055631589618,-6.309,-5.985999999999999,-5.713,-4.839999999999999,-3.9181437558085443,-3.911,-3.000999999999999,-2.1310000000000002,-1.869,-1.042999999999999,5.266000000000001,1.0044410164063424,-0.010154473496689685,-1.261866325846959,https://github.com/oceanmodeling/ioc_cleanup,0.1.0,sea_surface_height_above_reference_ellipsoid,Sea surface height,total_water_level,included,IOC sea-level data downloaded from https://www.ioc-sealevelmonitoring.org/,m,ioc,timeSeries,timeseries_id,None,SXXX03,National Ocean Service-NOAA ( USA ),2006-06-07 04:30:00,9090,10080.0,90,39630,43200.0,92,92,1',7',6',335F0668,-2.18,07:21,17',6',POINT (-70.2466 43.6566),[],transformed,2026-09-07T17:49:00.280611,NW Atlantic,Atlantic NW
karl,rad,14.821389,56.154167,Sweden,Karlshamn,2191983,0 days 00:01:00,0.9983882174268688,0.6944390586982968,-1.0365,-0.36899999999999905,-0.17199999999999901,0.09829999999999901,0.20953922822394128,0.20799999999999902,0.312,0.6983,0.896,1.084,2.1205,0.1738681269130957,0.2503391979014848,1.1945444513958146,https://github.com/oceanmodeling/ioc_cleanup,0.1.0,sea_surface_height_above_reference_ellipsoid,Sea surface height,total_water_level,included,IOC sea-level data downloaded from https://www.ioc-sealevelmonitoring.org/,m,ioc,timeSeries,timeseries_id,None,web,Swedish Meteorological and Hydrological Institute ( Sweden ) +Swedish Maritime Administration ( Sweden ),2021-10-18 15:20:56,10080,10080.0,100,41585,43200.0,96,100,1',34',1h,nan,0.02,06:48,50',1h,POINT (14.821389 56.154167),[],transformed,2026-09-07T17:49:00.583686,Baltic Sea,Atlantic NE
sobr,rad,17.62,42.793,Croatia,Sobra,3018965,0 days 00:01:00,0.9964805819212876,0.9564141068532036,-0.5869999999999991,-0.47499999999999903,-0.35499999999999904,-0.101,-0.004916733302372832,-0.008999999999999,0.08799999999999901,0.36499999999999905,0.501,0.7339999999999991,1.3209999999999982,0.14691146622670181,0.11803759649015018,0.3904057705209336,https://github.com/oceanmodeling/ioc_cleanup,0.1.0,sea_surface_height_above_reference_ellipsoid,Sea surface height,total_water_level,included,IOC sea-level data downloaded from https://www.ioc-sealevelmonitoring.org/,m,ioc,timeSeries,timeseries_id,None,web,Institute of Oceanography and Fisheries ( Croatia ),2018-10-03 22:53:41,10080,10080.0,100,41760,43200.0,97,100,1',4',10',nan,-0.06,07:30,8',10',POINT (17.62 42.793),[],transformed,2026-09-07T17:49:00.261717,Adriatic Sea,Mediterranean
djve,prt,117.9418,-15.0234,Australia,DART NNE of Dampier,111382,0 days 00:15:00,0.9355730728483956,0.49570407542579076,5657.046,5657.239310999999,5657.449,5658.411,5658.931079434771,5658.925,5659.464,5660.401,5660.604689,5660.805,3.7590000000000146,0.7082721442746872,-0.006016355512454343,-0.661879862520852,https://github.com/oceanmodeling/ioc_cleanup,0.1.0,sea_surface_height_above_reference_ellipsoid,Sea surface height,total_water_level,included,IOC sea-level data downloaded from https://www.ioc-sealevelmonitoring.org/,m,ioc,timeSeries,timeseries_id,None,web,National Tidal Centre/Australian Bureau of Meteorology ( Australia ),2023-02-28 15:55:28,672,672.0,100,2784,2880.0,97,100,15',36',6h,nan,5658.94,06:00,2h,6h,POINT (117.9418 -15.0234),[],transformed,2026-09-07T17:49:01.340991,West Australia,Indian
chuu,rad,151.8982417,7.453683299999999,Micronesia,Chuuk,2411151,0 days 00:01:00,0.9753777345342536,0.7561007831508516,3.472,3.524999999999999,3.601,3.952,5.650150079799146,4.426999999999999,7.376999999999999,7.838,7.963384000000079,8.066,4.594000000000001,1.7243314312206133,0.0432981338832572,-1.9393070879564944,https://github.com/oceanmodeling/ioc_cleanup,0.1.0,sea_surface_height_above_reference_ellipsoid,Sea surface height,total_water_level,included,IOC sea-level data downloaded from https://www.ioc-sealevelmonitoring.org/,m,ioc,timeSeries,timeseries_id,116,SZXX01,Korea-South Pacific Ocean Research Center ( Korea ) +University of Hawaii Sea Level Center ( USA ),2020-08-10 18:00:54,8491,10080.0,84,36520,43200.0,85,82,1',6',5',300434063442310,3.48,07:29,9',5',POINT (151.8982417 7.453683299999999),['2023-06-23T00:38:00'],transformed,2026-09-07T17:49:00.817381,NW Pacific,Pacific NW
mins,prs,153.9783,24.2822,Japan,Minami-Tori-Shima,2827198,0 days 00:01:00,0.9898567415511754,0.7256944444444444,1.2375,1.365499999999999,1.46,1.8014000000000001,1.9786048503475009,1.975099999999999,2.1549,2.514599999999999,2.627399999999999,2.743199999999999,1.505699999999999,0.24127152557172596,0.06289811904639955,-0.4872613675671693,https://github.com/oceanmodeling/ioc_cleanup,0.1.0,sea_surface_height_above_reference_ellipsoid,Sea surface height,total_water_level,included,IOC sea-level data downloaded from https://www.ioc-sealevelmonitoring.org/,m,ioc,timeSeries,timeseries_id,104,SWJP40,Japan Meteorological Agency ( Japan ),2012-03-21 10:07:10,10040,10080.0,100,41660,43200.0,96,100,1',8',10',MINAMITORISHIMA,1.62,07:29,9',10',POINT (153.9783 24.2822),['2024-03-14T02:49:00'],transformed,2026-09-07T17:49:00.638123,NW Pacific,Pacific NW
hiva,pr2,-139.034469,-9.804869,France,"Hiva Oa (Marquesas, French Polynesia)",3076274,0 days 00:01:00,0.9971839309502339,0.9143577656123276,0.9459999999999991,1.1320000000000001,1.343,1.851999999999999,2.1526403799938465,2.14,2.464,2.878,3.129999999999999,3.621999999999999,2.676,0.3697140890451382,-0.0007271883585676495,-0.7703261226777967,https://github.com/oceanmodeling/ioc_cleanup,0.1.0,sea_surface_height_above_reference_ellipsoid,Sea surface height,total_water_level,included,IOC sea-level data downloaded from https://www.ioc-sealevelmonitoring.org/,m,ioc,timeSeries,timeseries_id,None,SZXX01,Commissariat à l'Energie Atomique ( France ) +University of Hawaii Sea Level Center ( USA ) +University of French Polynesia ( France ),2008-06-27 08:03:00,8120,10080.0,81,35420,43200.0,82,82,1',5',5',301434061506930,2.29,07:30,8',5',POINT (-139.034469 -9.804869),[],transformed,2026-09-07T17:49:00.838373,SE Pacific,Pacific SE
kwfl,wls,-81.808,24.553,USA,Key West FL,2912574,0 days 00:01:00,0.9987959104215035,0.9225754638077859,-0.249,-0.099,-0.007,0.278,0.41752199673705215,0.41099999999999903,0.553,0.878,0.995,1.32,1.569,0.1983391912734508,0.13156175643670312,-0.28489716871723214,https://github.com/oceanmodeling/ioc_cleanup,0.1.0,sea_surface_height_above_reference_ellipsoid,Sea surface height,total_water_level,included,IOC sea-level data downloaded from https://www.ioc-sealevelmonitoring.org/,m,ioc,timeSeries,timeseries_id,216,web,National Ocean Service-NOAA ( USA ),2008-06-06 00:00:00,10080,10080.0,100,38758,43200.0,90,100,1',3',6',nan,0.45,07:33,5',6',POINT (-81.808 24.553),[],transformed,2026-09-07T17:49:00.972214,Gulf of Mexico,Atlantic NW
lega,rad,123.758117,13.146214,Philippines,Legaspi,2758831,0 days 00:01:00,0.9960834860852296,0.8692315490673155,6.317,6.492,6.669999999999999,7.343,7.6724925221743385,7.692,8.023,8.532,8.672,8.785,2.468,0.4474533933141424,-0.18824546292412525,-0.6627058547919638,https://github.com/oceanmodeling/ioc_cleanup,0.1.0,sea_surface_height_above_reference_ellipsoid,Sea surface height,total_water_level,included,IOC sea-level data downloaded from https://www.ioc-sealevelmonitoring.org/,m,ioc,timeSeries,timeseries_id,72,SZXX01,National Mapping and Resource Information Authority ( Philippines ) +University of Hawaii Sea Level Center ( USA ),2006-06-14 08:54:00,7375,10080.0,73,34790,43200.0,81,82,1',5',5',301434061601080,6.89,07:30,8',5',POINT (123.758117 13.146214),[],transformed,2026-09-07T17:49:01.221131,NW Pacific,Pacific NW
tara,aqu,172.93,1.3625,Kiribati,"Betio,Tarawa",3062864,0 days 00:01:00,0.9989513083179664,0.9702418516828872,0.384,0.559,0.7339999999999991,1.329,1.7012220245292398,1.690999999999999,2.069999999999999,2.733,2.914,3.053999999999999,2.669999999999999,0.4888515164139108,0.06661797547237804,-0.7269630439606223,https://github.com/oceanmodeling/ioc_cleanup,0.1.0,sea_surface_height_above_reference_ellipsoid,Sea surface height,total_water_level,included,IOC sea-level data downloaded from https://www.ioc-sealevelmonitoring.org/,m,ioc,timeSeries,timeseries_id,113,SZPA01,Kiribati Met Office ( Kiribati ) +National Tidal Centre/Australian Bureau of Meteorology ( Australia ),2009-01-28 16:39:00,10075,10080.0,100,41733,43200.0,97,100,1',3',6',67590,2.06,07:35,3',6',POINT (172.93 1.3625),[],transformed,2026-09-07T17:49:00.768163,NW Pacific,Pacific NW
kerg2,rad,70.22,-49.345,France,Kerguelen Island,3107190,0 days 00:01:00,0.9998844615231125,0.9650059560016221,0.10199999999999901,0.215,0.404,1.008,1.3251224150711975,1.329,1.655,2.193,2.355,2.570999999999999,2.469,0.4269406441813941,-0.05487986456267159,-0.6760669095382155,https://github.com/oceanmodeling/ioc_cleanup,0.1.0,sea_surface_height_above_reference_ellipsoid,Sea surface height,total_water_level,included,IOC sea-level data downloaded from https://www.ioc-sealevelmonitoring.org/,m,ioc,timeSeries,timeseries_id,23,SZIO01,Laboratoire d'Etudes en Géophysique et Océanographie Spatiales ( France ),2011-10-17 15:05:50,10080,10080.0,100,38766,43200.0,90,100,1',2',15',FR023,1.56,07:35,3',15',POINT (70.22 -49.345),[],transformed,2026-09-07T17:49:01.127340,East Africa,Indian
herb,rad,-2.298999999999999,47.026,France,L'Herbaudière,3084141,0 days 00:01:00,0.9976619097505594,0.9758905489659367,0.182,0.40799999999999903,0.8927,2.5453,3.620488819687447,3.7917,4.671199999999999,5.924199999999999,6.278299999999999,6.8449,6.6629,1.2935372710277173,-0.23515994430935286,-0.9415602560875169,https://github.com/oceanmodeling/ioc_cleanup,0.1.0,sea_surface_height_above_reference_ellipsoid,Sea surface height,total_water_level,included,IOC sea-level data downloaded from https://www.ioc-sealevelmonitoring.org/,m,ioc,timeSeries,timeseries_id,None,ftp,Service hydrographique et océanographique de la marine ( France ) +Service hydrographique et océanographique de la marine ( France ),2014-06-11 13:27:14,9758,10080.0,97,40651,43200.0,94,95,1',3',5',nan,4.88,07:34,4',5',POINT (-2.298999999999999 47.026),[],transformed,2026-09-07T17:49:01.434442,Bay of Biscay,Atlantic NE
pwil2,rad,-67.608217,-54.932875,Chile,Puerto Williams CL,958086,0 days 00:01:00,0.914180981665529,0.30348457775750204,2.6310000000000002,2.932999999999999,3.121,3.7560000000000002,4.1184745261461275,4.11,4.471,5.208,5.488999999999999,5.817999999999999,3.1869999999999985,0.4839566901124356,0.09358520413934106,-0.5113370783230646,https://github.com/oceanmodeling/ioc_cleanup,0.1.0,sea_surface_height_above_reference_ellipsoid,Sea surface height,total_water_level,included,IOC sea-level data downloaded from https://www.ioc-sealevelmonitoring.org/,m,ioc,timeSeries,timeseries_id,None,web,Servicio Hidrográfico y Oceanográfico de la Armada ( Chile ) +Servicio Hidrográfico y Oceanográfico de la Armada ( Chile ),2013-03-18 17:40:25,9330,10080.0,93,18046,43200.0,42,88,1',3',15',nan,3.99,07:30,7',15',POINT (-67.608217 -54.932875),[],transformed,2026-09-07T17:49:02.112496,SW Atlantic,Atlantic South
visb,rad,18.284444,57.639167,Sweden,Visby,2198295,0 days 00:01:00,0.9989487307208541,0.6964308343471208,-0.3148,-0.23587309999999997,-0.17699999999999902,0.056,0.15769410236231196,0.171,0.255,0.5282,0.6232731000000136,0.762,1.0768,0.15375670611750594,-0.04206929113358776,-0.08165761191131349,https://github.com/oceanmodeling/ioc_cleanup,0.1.0,sea_surface_height_above_reference_ellipsoid,Sea surface height,total_water_level,included,IOC sea-level data downloaded from https://www.ioc-sealevelmonitoring.org/,m,ioc,timeSeries,timeseries_id,None,web,Swedish Meteorological and Hydrological Institute ( Sweden ) +Swedish Maritime Administration ( Sweden ),2021-10-18 15:13:34,10080,10080.0,100,41622,43200.0,96,100,1',32',1h,nan,-0.02,06:48,50',1h,POINT (18.284444 57.639167),[],transformed,2026-09-07T17:49:01.616990,Baltic Sea,Atlantic NE
juan,rad,-78.829881,-33.636017,Chile,Juan Fernandez - Robinson Crusoe (Chile),2889418,0 days 00:01:00,0.9866737869010299,0.9111985502838605,4.269,4.472999999999999,4.567,4.900999999999999,5.227384451946679,5.129999999999999,5.45,6.535,6.778999999999999,6.9879999999999995,2.7189999999999994,0.44607489560675645,1.0146969998912438,0.7021183742448276,https://github.com/oceanmodeling/ioc_cleanup,0.1.0,sea_surface_height_above_reference_ellipsoid,Sea surface height,total_water_level,included,IOC sea-level data downloaded from https://www.ioc-sealevelmonitoring.org/,m,ioc,timeSeries,timeseries_id,176,SXCH40,Servicio Hidrográfico y Oceanográfico de la Armada ( Chile ) +Servicio Hidrográfico y Oceanográfico de la Armada ( Chile ),2008-06-16 08:25:00,8070,10080.0,80,37005,43200.0,86,81,1',3',5',ADC0B5B0,6.1,07:32,6',5',POINT (-78.829881 -33.636017),['2025-03-03T21:32:00'],transformed,2026-09-07T17:49:01.507091,SE Pacific,Pacific SE
figu,rad,6.933767,43.483532,France,La Figueirette,2799936,0 days 00:01:00,0.9920444610162518,0.8853935396390916,0.0291,0.1408,0.25469999999999904,0.47989999999999905,0.5518028248197404,0.5535999999999991,0.6268,0.8246999999999991,0.9215999999999991,1.1374,1.1083,0.11534130935669663,-0.14112424247618055,0.49473735076386927,https://github.com/oceanmodeling/ioc_cleanup,0.1.0,sea_surface_height_above_reference_ellipsoid,Sea surface height,total_water_level,included,IOC sea-level data downloaded from https://www.ioc-sealevelmonitoring.org/,m,ioc,timeSeries,timeseries_id,None,ftp,Service hydrographique et océanographique de la marine ( France ) +Service hydrographique et océanographique de la marine ( France ),2011-06-01 19:55:01,9824,10080.0,97,40569,43200.0,94,99,1',3',5',nan,0.41,07:35,3',5',POINT (6.933767 43.483532),[],transformed,2026-09-07T17:49:01.633581,Mediterranean Sea,Mediterranean
ross,aqu,150.7902,-23.161,Australia,Rosslyn Bay AU,3126524,0 days 00:01:00,0.9976232390987563,0.9881633972019465,0.081,0.318,0.5949999999999991,1.681,2.5468946086682194,2.528999999999999,3.387,4.671999999999999,4.985,5.323999999999999,5.2429999999999986,1.0457504444135468,0.0777081247328377,-0.9519624346017448,https://github.com/oceanmodeling/ioc_cleanup,0.1.0,sea_surface_height_above_reference_ellipsoid,Sea surface height,total_water_level,included,IOC sea-level data downloaded from https://www.ioc-sealevelmonitoring.org/,m,ioc,timeSeries,timeseries_id,None,SZAU01,National Tidal Centre/Australian Bureau of Meteorology ( Australia ),2007-12-05 22:50:00,10077,10080.0,100,41730,43200.0,97,100,1',3',3',59670,1.65,07:35,3',3',POINT (150.7902 -23.161),[],transformed,2026-09-07T17:49:01.713826,SW Pacific,Pacific SW
monc,rad,7.421579999999999,43.72867,Monaco,"Monaco, Fontvieille harbour",3088056,0 days 00:01:00,0.997480615636504,0.9782247947080291,0.032199999999999,0.1085,0.22689999999999902,0.4521,0.5274054404392583,0.5291,0.6047,0.8086999999999991,0.8989,0.9972999999999991,0.9651000000000001,0.11924774649670164,-0.11444121851999113,0.3967042097051645,https://github.com/oceanmodeling/ioc_cleanup,0.1.0,sea_surface_height_above_reference_ellipsoid,Sea surface height,total_water_level,included,IOC sea-level data downloaded from https://www.ioc-sealevelmonitoring.org/,m,ioc,timeSeries,timeseries_id,None,ftp,Principauté de Monaco - Direction de l'Environnement ( Monaco ) +Service hydrographique et océanographique de la marine ( France ),2010-12-01 12:41:10,9807,10080.0,97,40731,43200.0,94,97,1',4',5',nan,0.39,07:34,4',5',POINT (7.421579999999999 43.72867),[],transformed,2026-09-07T17:49:01.992857,Mediterranean Sea,Mediterranean
palm1,rad,-22.9833,16.755,Cabo Verde,Palmeira,2421885,0 days 00:01:00,0.998802998490845,0.25531763229927007,5.713,5.7940000000000005,5.8629999999999995,6.134999999999999,6.335585595076342,6.331,6.528999999999999,6.859,6.976,7.115999999999999,1.4029999999999987,0.2489591407240653,0.10573967546738791,-0.8331027903576946,https://github.com/oceanmodeling/ioc_cleanup,0.1.0,sea_surface_height_above_reference_ellipsoid,Sea surface height,total_water_level,included,IOC sea-level data downloaded from https://www.ioc-sealevelmonitoring.org/,m,ioc,timeSeries,timeseries_id,329,SXXX33,Instituto Nacional de Meteorologia e Geofisica ( Cabo Verde ) +University of Hawaii Sea Level Center ( USA ),2008-02-28 08:03:00,nan,3360.0,0,nan,nan,0,0,3',nan,15',26D6F7A6,6.69,2025-04-23 09:15,393d,15',POINT (-22.9833 16.755),[],transformed,2026-09-07T17:49:02.095704,NE Atlantic,Atlantic NE
abas,rad,144.29,44.02,Japan,Abashiri,3132236,0 days 00:01:00,0.9996746733004793,0.9921016448702352,1.0241,1.234399999999999,1.3625,1.7861,1.9949080599409428,1.981199999999999,2.194599999999999,2.703599999999999,2.8773,3.2339,2.2098000000000004,0.3030734451155422,0.18718674751422862,-0.27698676582039905,https://github.com/oceanmodeling/ioc_cleanup,0.1.0,sea_surface_height_above_reference_ellipsoid,Sea surface height,total_water_level,included,IOC sea-level data downloaded from https://www.ioc-sealevelmonitoring.org/,m,ioc,timeSeries,timeseries_id,327,SWJP40,Japan Meteorological Agency ( Japan ),2012-03-21 09:54:59,10040,10080.0,100,41660,43200.0,96,100,1',8',10',ABASHIRI,1.47,07:29,9',10',POINT (144.29 44.02),[],transformed,2026-09-07T17:49:01.946024,Okhotsk Sea,Pacific NW
warn,flt,12.103333,54.169722,Germany,Warnemünde,3097508,0 days 00:01:00,0.9991102524997514,0.9813006893755069,3.589999999999999,4.23,4.599999999999999,5.009999999999999,5.118732140182136,5.12,5.23,5.7,6.049999999999999,6.48,2.8900000000000015,0.2007802747081235,0.13623643614521505,3.171709145744214,https://github.com/oceanmodeling/ioc_cleanup,0.1.0,sea_surface_height_above_reference_ellipsoid,Sea surface height,total_water_level,included,IOC sea-level data downloaded from https://www.ioc-sealevelmonitoring.org/,m,ioc,timeSeries,timeseries_id,None,web,German Federal Waterways and Shipping Administration ( Germany ) +Informationstechnikzentrum Bund ( Germany ),2010-05-04 18:27:40,10064,10080.0,100,41624,43200.0,96,100,1',3',5',nan,4.97,07:33,5',5',POINT (12.103333 54.169722),[],transformed,2026-09-07T17:49:02.254998,Baltic Sea,Atlantic NE
epme,pwl,-66.985,44.9033,USA,East Port ME,2967617,0 days 00:01:00,0.9992593383849735,0.9383937170519059,-0.9539999999999991,-0.687,-0.311,1.298,3.0809102656598313,3.099,4.868999999999999,6.432999999999999,6.836999999999999,7.424,8.378,1.9306661947514445,-0.01802000674951259,-1.2859369108782295,https://github.com/oceanmodeling/ioc_cleanup,0.1.0,sea_surface_height_above_reference_ellipsoid,Sea surface height,total_water_level,included,IOC sea-level data downloaded from https://www.ioc-sealevelmonitoring.org/,m,ioc,timeSeries,timeseries_id,None,web,National Ocean Service-NOAA ( USA ),2008-06-21 00:00:00,10080,10080.0,100,41727,43200.0,97,100,1',3',6',3365875E,6.13,07:33,5',6',POINT (-66.985 44.9033),[],transformed,2026-09-07T17:49:02.264581,NW Atlantic,Atlantic NW
greg2,prs,-70.209167,-52.648056,Chile,Bahia Gregorio CL,3045055,0 days 00:01:00,0.9797080840904352,0.9645722450324412,1.649,1.994,2.338,3.607,4.443011313932983,4.416999999999999,5.322,6.503999999999999,6.849999999999999,7.190999999999999,5.541999999999999,1.0501344868353102,-0.01597649474554093,-0.9208976805572164,https://github.com/oceanmodeling/ioc_cleanup,0.1.0,sea_surface_height_above_reference_ellipsoid,Sea surface height,total_water_level,included,IOC sea-level data downloaded from https://www.ioc-sealevelmonitoring.org/,m,ioc,timeSeries,timeseries_id,None,web,Servicio Hidrográfico y Oceanográfico de la Armada ( Chile ),2015-07-08 16:34:23,10080,10080.0,100,41713,43200.0,97,100,1',4',5',nan,6.89,07:32,5',5',POINT (-70.209167 -52.648056),[],transformed,2026-09-07T17:49:02.087328,SE Pacific,Pacific SE
sanj,wls,-66.1167,18.4617,USA,San Juan PR,3025885,0 days 00:01:00,0.9987742429074469,0.9525240140916464,-0.20599999999999902,-0.09199999999999901,-0.027,0.201,0.3133480935255265,0.30299999999999905,0.42199999999999904,0.6939999999999991,1.077,1.338,1.5439999999999992,0.16383562871612278,0.36536780633498506,0.635327049167199,https://github.com/oceanmodeling/ioc_cleanup,0.1.0,sea_surface_height_above_reference_ellipsoid,Sea surface height,total_water_level,included,IOC sea-level data downloaded from https://www.ioc-sealevelmonitoring.org/,m,ioc,timeSeries,timeseries_id,206,web,National Ocean Service-NOAA ( USA ) +International Tsunami Information Center Caribbean Office ( USA ),2010-03-08 11:29:00,10063,10080.0,100,41672,43200.0,96,100,1',8',6',335CA19E,0.49,07:27,11',6',POINT (-66.1167 18.4617),"['2022-06-22T18:30:00', '2022-06-27T18:01:00']",transformed,2026-09-07T17:49:02.268246,NW Atlantic,Atlantic NW
boul,rad,1.57746,50.7275,France,Boulogne-Sur-Mer,3099860,0 days 00:01:00,0.9970966430742033,0.9818874188969992,0.2846,0.8191,1.1804000000000001,3.0587,5.072573479144376,5.0228,7.0852,9.1036,9.4991,9.9985,9.7139,2.260343385722785,0.038738067241813195,-1.241644541819485,https://github.com/oceanmodeling/ioc_cleanup,0.1.0,sea_surface_height_above_reference_ellipsoid,Sea surface height,total_water_level,included,IOC sea-level data downloaded from https://www.ioc-sealevelmonitoring.org/,m,ioc,timeSeries,timeseries_id,None,ftp,Service hydrographique et océanographique de la marine ( France ) +Service hydrographique et océanographique de la marine ( France ),2010-04-01 00:00:07,9848,10080.0,98,40935,43200.0,95,98,1',3',5',nan,2.31,07:34,4',5',POINT (1.57746 50.7275),[],transformed,2026-09-07T17:49:02.344599,English Channel,Atlantic NE
oska,rad,16.478056,57.275,Sweden,Oskarshamn,2203320,0 days 00:01:00,0.9991703429370223,0.6980256488240065,-0.501,-0.251,-0.1602,0.0685,0.17993262323310782,0.185,0.278,0.6070999999999991,0.7382697000000151,0.913,1.4140000000000001,0.16368213141961693,0.22933599132969756,0.23397251438243627,https://github.com/oceanmodeling/ioc_cleanup,0.1.0,sea_surface_height_above_reference_ellipsoid,Sea surface height,total_water_level,included,IOC sea-level data downloaded from https://www.ioc-sealevelmonitoring.org/,m,ioc,timeSeries,timeseries_id,None,web,Swedish Meteorological and Hydrological Institute ( Sweden ) +Swedish Maritime Administration ( Sweden ),2021-10-18 15:16:42,10080,10080.0,100,41760,43200.0,97,100,1',23',1h,nan,-0.02,06:58,40',1h,POINT (16.478056 57.275),[],transformed,2026-09-07T17:49:03.001293,Baltic Sea,Atlantic NE
benc,pwl,-76.67,34.72,USA,Beaufort NC,3124656,0 days 00:01:00,0.999226154815122,0.9898881032035686,-0.433,-0.222,-0.04599999999999901,0.38,0.6844093175299447,0.68,0.9799999999999991,1.457,1.651,1.952999999999999,2.385999999999999,0.37267688887424416,0.06456120120180216,-0.8205822887443959,https://github.com/oceanmodeling/ioc_cleanup,0.1.0,sea_surface_height_above_reference_ellipsoid,Sea surface height,total_water_level,included,IOC sea-level data downloaded from https://www.ioc-sealevelmonitoring.org/,m,ioc,timeSeries,timeseries_id,None,web,National Ocean Service-NOAA ( USA ),2008-06-21 00:00:00,10080,10080.0,100,41759,43200.0,97,100,1',3',6',3364C6AE,0.59,07:33,5',6',POINT (-76.67 34.72),[],transformed,2026-09-07T17:49:02.533611,NW Atlantic,Atlantic NW
helg,flt,7.891389,54.175833,Germany,Helgoland Binnenhafen,3108020,0 days 00:01:00,0.9991026441271291,0.9845587489862125,2.439999999999999,3.089999999999999,3.419999999999999,4.349999999999999,5.0974955144252725,5.15,5.849999999999999,6.71,7.33,8.08,5.640000000000001,0.8762965053487894,-0.1022007617721517,-1.0279154430472714,https://github.com/oceanmodeling/ioc_cleanup,0.1.0,sea_surface_height_above_reference_ellipsoid,Sea surface height,total_water_level,included,IOC sea-level data downloaded from https://www.ioc-sealevelmonitoring.org/,m,ioc,timeSeries,timeseries_id,None,web,German Federal Waterways and Shipping Administration ( Germany ) +Informationstechnikzentrum Bund ( Germany ),2010-05-04 17:18:56,10063,10080.0,100,41616,43200.0,96,100,1',2',5',nan,3.95,07:33,5',5',POINT (7.891389 54.175833),[],transformed,2026-09-07T17:49:02.585590,North Sea,Atlantic NE
beno,prs,115.2166,-8.7666,Indonesia,Benoa,2689077,0 days 00:01:00,0.9930816410240391,0.14745792781832928,0.899,1.022,1.204,2.029999999999999,2.4442371500146094,2.436999999999999,2.867999999999999,3.7,3.976,4.163,3.2640000000000002,0.5799865498037934,0.019157756219805897,-0.5185837048477349,https://github.com/oceanmodeling/ioc_cleanup,0.1.0,sea_surface_height_above_reference_ellipsoid,Sea surface height,total_water_level,included,IOC sea-level data downloaded from https://www.ioc-sealevelmonitoring.org/,m,ioc,timeSeries,timeseries_id,49,SZXX01,Geospacial Agency of Indonesia ( Indonesia ) +University of Hawaii Sea Level Center ( USA ),2006-06-07 08:37:00,8090,10080.0,80,36190,43200.0,84,78,1',5',5',300434067150400,-999.0,07:25,13',5',POINT (115.2166 -8.7666),[],transformed,2026-09-07T17:49:03.185123,Java Sea,Pacific SW
BA05,rad,16.866033333333,41.140205555556,Italy,Bari,3067641,0 days 00:01:00,0.9966495427594038,0.9718426855231144,-0.7109999999999991,-0.5899999999999991,-0.453,-0.188,-0.09043504600662,-0.09299999999999901,0.007,0.262,0.377,0.525,1.235999999999999,0.14872516140574388,-0.0046705245269038275,0.22988221132166586,https://github.com/oceanmodeling/ioc_cleanup,0.1.0,sea_surface_height_above_reference_ellipsoid,Sea surface height,total_water_level,included,IOC sea-level data downloaded from https://www.ioc-sealevelmonitoring.org/,m,ioc,timeSeries,timeseries_id,None,web,Istituto Superiore per la Protezione e la Ricerca Ambientale ( Italy ),2013-12-17 14:35:57,39808,10080.0,395,112739,43200.0,261,396,1',nan,5',nan,-0.1,07:33,4',5',POINT (16.866033333333 41.140205555556),[],transformed,2026-09-07T17:49:02.662350,Adriatic Sea,Mediterranean
fpnt,wls,-122.465,37.807,USA,"Ft Point,San Fran",2931668,0 days 00:01:00,0.9989234797391792,0.9107318912206002,-0.6909999999999991,-0.47499999999999903,-0.248,0.6089999999999991,1.004692717205614,1.08,1.417999999999999,2.043,2.208,2.512999999999999,3.203999999999998,0.5533326871221385,-0.3473037562568485,-0.5791417583680163,https://github.com/oceanmodeling/ioc_cleanup,0.1.0,sea_surface_height_above_reference_ellipsoid,Sea surface height,total_water_level,included,IOC sea-level data downloaded from https://www.ioc-sealevelmonitoring.org/,m,ioc,timeSeries,timeseries_id,158,web,National Ocean Service-NOAA ( USA ),2008-06-06 00:00:00,10080,10080.0,100,41760,43200.0,97,100,1',1',6',336172E0,1.53,07:33,5',6',POINT (-122.465 37.807),[],transformed,2026-09-07T17:49:03.173531,NE Pacific,Pacific NE
prud,wls,-148.51,70.388,USA,Prudhoe Bay AK,2815725,0 days 00:01:00,0.9265240746166618,0.8916321345296025,-1.266,-0.5719999999999991,-0.28699999999999903,0.07499999999999901,0.23343356017707362,0.21199999999999902,0.394,0.803,0.9649999999999991,1.161999999999999,2.427999999999999,0.23124718212467063,0.1527283878837114,0.24061299405391745,https://github.com/oceanmodeling/ioc_cleanup,0.1.0,sea_surface_height_above_reference_ellipsoid,Sea surface height,total_water_level,included,IOC sea-level data downloaded from https://www.ioc-sealevelmonitoring.org/,m,ioc,timeSeries,timeseries_id,151,web,National Ocean Service-NOAA ( USA ),2008-06-06 00:00:00,9221,10080.0,91,29693,43200.0,69,97,1',3',6',nan,0.17,07:33,5',6',POINT (-148.51 70.388),[],transformed,2026-09-07T17:49:03.227436,North Western Passages,Arctic
GE25,rad,8.9255,44.4101,Italy,Genova,3073645,0 days 00:01:00,0.9963326929427438,0.973479952351987,-0.399,-0.29499999999999904,-0.183,0.05399999999999901,0.13501497736569912,0.135,0.217,0.44500000000000006,0.562,0.7329999999999991,1.1319999999999992,0.1280853752113055,-0.024054259744583247,0.40675513868986535,https://github.com/oceanmodeling/ioc_cleanup,0.1.0,sea_surface_height_above_reference_ellipsoid,Sea surface height,total_water_level,included,IOC sea-level data downloaded from https://www.ioc-sealevelmonitoring.org/,m,ioc,timeSeries,timeseries_id,None,web,Istituto Superiore per la Protezione e la Ricerca Ambientale ( Italy ),2010-09-13 18:23:30,37830,10080.0,375,133506,43200.0,309,372,1',nan,5',nan,-0.02,07:35,2',5',POINT (8.9255 44.4101),[],transformed,2026-09-07T17:49:03.159532,Mediterranean Sea,Mediterranean
